{"metadata":{"usedHelpers":[],"marked":[],"modules":{"imports":[],"exports":{"exported":[],"specifiers":[]}}},"options":{"filename":"packages/practicalmeteor:mocha-core/cleanup.js","filenameRelative":"packages/practicalmeteor:mocha-core/cleanup.js","env":{"development":{"plugins":[]}},"retainLines":false,"highlightCode":true,"suppressDeprecationMessages":false,"presets":[],"plugins":[[[],{"generateLetDeclarations":true,"enforceStrictMode":false}],[[],null],[[],{"polyfill":false}],[[],null],[[],null],[[],null],[[],{"allowTopLevelThis":true,"strict":false,"loose":true}],[[],null],[[],null],[[],null],[[],null],[[],null],[[],null],[[],null],[[],null],[[],null],[[],null],[[],null],[[],null],[[],{"loose":true}],[[],{"loose":true}],[[],null],[[],{"loose":true}],[[],null],[[],null],[[],null],[[],null],[[],null],[[],null],[[],{"loose":true}],[[],null],[[],null],[[],null],[[],null],[[],null],[[],null],[[],null]],"ignore":[],"code":true,"metadata":true,"ast":true,"comments":true,"compact":false,"minified":false,"sourceMap":true,"sourceMaps":true,"sourceMapTarget":"packages/practicalmeteor:mocha-core/cleanup.js.map","sourceFileName":"packages/practicalmeteor:mocha-core/cleanup.js","babelrc":false,"sourceType":"module","moduleIds":false,"passPerPreset":false,"parserOpts":false,"generatorOpts":false,"basename":"cleanup"},"ignored":false,"code":"// Since setting process.browser = true is counter-intuitive and may result in strange errors with other libraries that depend on this, we have to set this to undefined. See https://goo.gl/WOFnnS\nprocess.browser = undefined;","map":{"version":3,"sources":["packages/practicalmeteor:mocha-core/cleanup.js"],"names":["process","browser","undefined"],"mappings":"AAAA;AACAA,QAAQC,OAAR,GAAkBC,SAAlB","file":"packages/practicalmeteor:mocha-core/cleanup.js.map","sourcesContent":["// Since setting process.browser = true is counter-intuitive and may result in strange errors with other libraries that depend on this, we have to set this to undefined. See https://goo.gl/WOFnnS\nprocess.browser = undefined;"]},"hash":"021b18cb82f4ebbbbc692952d5803861578bc55e"}
