{"metadata":{"usedHelpers":[],"marked":[],"modules":{"imports":[],"exports":{"exported":[],"specifiers":[]}}},"options":{"filename":"packages/practicalmeteor:mocha/test/integration/fixtures/options/grep.js","filenameRelative":"packages/practicalmeteor:mocha/test/integration/fixtures/options/grep.js","env":{"development":{"plugins":[]}},"retainLines":false,"highlightCode":true,"suppressDeprecationMessages":false,"presets":[],"plugins":[[[],{"generateLetDeclarations":true,"enforceStrictMode":false}],[[],null],[[],{"polyfill":false}],[[],null],[[],null],[[],null],[[],{"allowTopLevelThis":true,"strict":false,"loose":true}],[[],null],[[],null],[[],null],[[],null],[[],null],[[],null],[[],null],[[],null],[[],null],[[],null],[[],null],[[],null],[[],{"loose":true}],[[],{"loose":true}],[[],null],[[],{"loose":true}],[[],null],[[],null],[[],null],[[],null],[[],null],[[],null],[[],{"loose":true}],[[],null],[[],null],[[],null],[[],null],[[],null],[[],null],[[],null]],"ignore":[],"code":true,"metadata":true,"ast":true,"comments":true,"compact":false,"minified":false,"sourceMap":true,"sourceMaps":true,"sourceMapTarget":"packages/practicalmeteor:mocha/test/integration/fixtures/options/grep.js.map","sourceFileName":"packages/practicalmeteor:mocha/test/integration/fixtures/options/grep.js","babelrc":false,"sourceType":"module","moduleIds":false,"passPerPreset":false,"parserOpts":false,"generatorOpts":false,"basename":"grep"},"ignored":false,"code":"describe('grep', function () {\n  describe('match', function () {\n    it('should run', function () {});\n    it('should also run', function () {});\n  });\n  describe('fail', function () {\n    it('should not be ran', function () {\n      throw new Error('Spec should not run');\n    });\n  });\n});","map":{"version":3,"sources":["packages/practicalmeteor:mocha/test/integration/fixtures/options/grep.js"],"names":["describe","it","Error"],"mappings":"AAAAA,SAAS,MAAT,EAAiB,YAAW;AAC1BA,WAAS,OAAT,EAAkB,YAAW;AAC3BC,OAAG,YAAH,EAAiB,YAAU,CAAE,CAA7B;AACAA,OAAG,iBAAH,EAAsB,YAAW,CAAE,CAAnC;AACD,GAHD;AAKAD,WAAS,MAAT,EAAiB,YAAU;AACzBC,OAAG,mBAAH,EAAwB,YAAW;AACjC,YAAM,IAAIC,KAAJ,CAAU,qBAAV,CAAN;AACD,KAFD;AAGD,GAJD;AAKD,CAXD","file":"packages/practicalmeteor:mocha/test/integration/fixtures/options/grep.js.map","sourcesContent":["describe('grep', function() {\n  describe('match', function() {\n    it('should run', function(){});\n    it('should also run', function() {});\n  });\n\n  describe('fail', function(){\n    it('should not be ran', function() {\n      throw new Error('Spec should not run');\n    });\n  });\n});\n"]},"hash":"03adadcdcda6f7159432e50d737c62df39e05066"}
