{"metadata":{"usedHelpers":[],"marked":[],"modules":{"imports":[],"exports":{"exported":[],"specifiers":[]}}},"options":{"filename":"packages/practicalmeteor:mocha/lib/browser/tty.js","filenameRelative":"packages/practicalmeteor:mocha/lib/browser/tty.js","env":{"development":{"plugins":[]}},"retainLines":false,"highlightCode":true,"suppressDeprecationMessages":false,"presets":[],"plugins":[[[],{"generateLetDeclarations":true,"enforceStrictMode":false}],[[],null],[[],{"polyfill":false}],[[],null],[[],null],[[],null],[[],{"allowTopLevelThis":true,"strict":false,"loose":true}],[[],null],[[],null],[[],null],[[],null],[[],null],[[],null],[[],null],[[],null],[[],null],[[],null],[[],null],[[],null],[[],{"loose":true}],[[],{"loose":true}],[[],null],[[],{"loose":true}],[[],null],[[],null],[[],null],[[],null],[[],null],[[],null],[[],{"loose":true}],[[],null],[[],null],[[],null],[[],null],[[],null],[[],null],[[],null]],"ignore":[],"code":true,"metadata":true,"ast":true,"comments":true,"compact":false,"minified":false,"sourceMap":true,"sourceMaps":true,"sourceMapTarget":"packages/practicalmeteor:mocha/lib/browser/tty.js.map","sourceFileName":"packages/practicalmeteor:mocha/lib/browser/tty.js","babelrc":false,"sourceType":"module","moduleIds":false,"passPerPreset":false,"parserOpts":false,"generatorOpts":false,"basename":"tty"},"ignored":false,"code":"exports.isatty = function () {\n  function isatty() {\n    return true;\n  }\n\n  return isatty;\n}();\n\nexports.getWindowSize = function () {\n  function getWindowSize() {\n    if ('innerHeight' in global) {\n      return [global.innerHeight, global.innerWidth];\n    } // In a Web Worker, the DOM Window is not available.\n\n\n    return [640, 480];\n  }\n\n  return getWindowSize;\n}();","map":{"version":3,"sources":["packages/practicalmeteor:mocha/lib/browser/tty.js"],"names":["exports","isatty","getWindowSize","global","innerHeight","innerWidth"],"mappings":"AAAAA,QAAQC,MAAR;AAAiB,WAASA,MAAT,GAAkB;AACjC,WAAO,IAAP;AACD;;AAFD,SAA0BA,MAA1B;AAAA;;AAIAD,QAAQE,aAAR;AAAwB,WAASA,aAAT,GAAyB;AAC/C,QAAI,iBAAiBC,MAArB,EAA6B;AAC3B,aAAO,CAACA,OAAOC,WAAR,EAAqBD,OAAOE,UAA5B,CAAP;AACD,KAH8C,CAI/C;;;AACA,WAAO,CAAC,GAAD,EAAM,GAAN,CAAP;AACD;;AAND,SAAiCH,aAAjC;AAAA","file":"packages/practicalmeteor:mocha/lib/browser/tty.js.map","sourcesContent":["exports.isatty = function isatty() {\n  return true;\n};\n\nexports.getWindowSize = function getWindowSize() {\n  if ('innerHeight' in global) {\n    return [global.innerHeight, global.innerWidth];\n  }\n  // In a Web Worker, the DOM Window is not available.\n  return [640, 480];\n};\n"]},"hash":"05a82e071e556e1fc156d5645898270b7f909371"}
