{"metadata":{"usedHelpers":[],"marked":[],"modules":{"imports":[{"source":"meteor/practicalmeteor:mocha","imported":["MochaRunner","describe","it","before","after","beforeEach","afterEach","xdescribe","xit","specify","xspecify","context","xcontext"],"specifiers":[{"kind":"named","imported":"MochaRunner","local":"MochaRunner"},{"kind":"named","imported":"describe","local":"describe"},{"kind":"named","imported":"it","local":"it"},{"kind":"named","imported":"before","local":"before"},{"kind":"named","imported":"after","local":"after"},{"kind":"named","imported":"beforeEach","local":"beforeEach"},{"kind":"named","imported":"afterEach","local":"afterEach"},{"kind":"named","imported":"xdescribe","local":"xdescribe"},{"kind":"named","imported":"xit","local":"xit"},{"kind":"named","imported":"specify","local":"specify"},{"kind":"named","imported":"xspecify","local":"xspecify"},{"kind":"named","imported":"context","local":"context"},{"kind":"named","imported":"xcontext","local":"xcontext"}]},{"source":"meteor/practicalmeteor:chai","imported":["expect"],"specifiers":[{"kind":"named","imported":"expect","local":"expect"}]},{"source":"./import/collections/TestCollection","imported":["default"],"specifiers":[{"kind":"named","imported":"default","local":"TestCollection"}]}],"exports":{"exported":[],"specifiers":[]}}},"options":{"filename":"packages/practicalmeteor:mocha/meteor/test-app/both-test.js","filenameRelative":"packages/practicalmeteor:mocha/meteor/test-app/both-test.js","env":{"development":{"plugins":[]}},"retainLines":false,"highlightCode":true,"suppressDeprecationMessages":false,"presets":[],"plugins":[[[],{"generateLetDeclarations":true,"enforceStrictMode":false}],[[],null],[[],{"polyfill":false}],[[],null],[[],null],[[],null],[[],{"allowTopLevelThis":true,"strict":false,"loose":true}],[[],null],[[],null],[[],null],[[],null],[[],null],[[],null],[[],null],[[],null],[[],null],[[],null],[[],null],[[],null],[[],{"loose":true}],[[],{"loose":true}],[[],null],[[],{"loose":true}],[[],null],[[],null],[[],null],[[],null],[[],null],[[],null],[[],{"loose":true}],[[],null],[[],null],[[],null],[[],null],[[],null],[[],null],[[],null]],"ignore":[],"code":true,"metadata":true,"ast":true,"comments":true,"compact":false,"minified":false,"sourceMap":true,"sourceMaps":true,"sourceMapTarget":"packages/practicalmeteor:mocha/meteor/test-app/both-test.js.map","sourceFileName":"packages/practicalmeteor:mocha/meteor/test-app/both-test.js","babelrc":false,"sourceType":"module","moduleIds":false,"passPerPreset":false,"parserOpts":false,"generatorOpts":false,"basename":"both-test"},"ignored":false,"code":"var MochaRunner = void 0,\n    describe = void 0,\n    it = void 0,\n    before = void 0,\n    after = void 0,\n    beforeEach = void 0,\n    afterEach = void 0,\n    xdescribe = void 0,\n    xit = void 0,\n    specify = void 0,\n    xspecify = void 0,\n    context = void 0,\n    xcontext = void 0;\nmodule.watch(require(\"meteor/practicalmeteor:mocha\"), {\n  MochaRunner: function (v) {\n    MochaRunner = v;\n  },\n  describe: function (v) {\n    describe = v;\n  },\n  it: function (v) {\n    it = v;\n  },\n  before: function (v) {\n    before = v;\n  },\n  after: function (v) {\n    after = v;\n  },\n  beforeEach: function (v) {\n    beforeEach = v;\n  },\n  afterEach: function (v) {\n    afterEach = v;\n  },\n  xdescribe: function (v) {\n    xdescribe = v;\n  },\n  xit: function (v) {\n    xit = v;\n  },\n  specify: function (v) {\n    specify = v;\n  },\n  xspecify: function (v) {\n    xspecify = v;\n  },\n  context: function (v) {\n    context = v;\n  },\n  xcontext: function (v) {\n    xcontext = v;\n  }\n}, 0);\nvar expect = void 0;\nmodule.watch(require(\"meteor/practicalmeteor:chai\"), {\n  expect: function (v) {\n    expect = v;\n  }\n}, 1);\nvar TestCollection = void 0;\nmodule.watch(require(\"./import/collections/TestCollection\"), {\n  \"default\": function (v) {\n    TestCollection = v;\n  }\n}, 2);\nmodule.exportDefault(function () {\n  console.log(\"------------------------------------------------\");\n  console.log(\"----------------PACKAGE VERSIONS----------------\");\n  console.log(\"practicalmeteor:mocha:\", MochaRunner.VERSION);\n  console.log(\"------------------------------------------------\");\n  console.log(\"------------------------------------------------\");\n  describe('1 - Array', function () {\n    describe('1.1 - #indexOf()', function () {\n      return it('should return -1 when the value is not present', function () {\n        expect([1, 2, 3].indexOf(5)).to.equal(-1);\n        return expect([1, 2, 3].indexOf(0)).to.equal(-1);\n      });\n    });\n    describe('1.2 - length', function () {\n      return it('should return length of array', function () {\n        return expect([1, 2, 3].length).to.equal(3);\n      });\n    });\n  });\n  describe('2 - Async test', function () {\n    it('should pass', function (done) {\n      Meteor.setTimeout(function () {\n        done();\n      }, 1000);\n    });\n    it('should throw', function (done) {\n      Meteor.setTimeout(function () {\n        done(\"I'm throwing\");\n      }, 1000);\n    });\n  });\n  describe('3 - Skipped test', function () {\n    it.skip('3.1 - should skip test', function (done) {\n      Meteor.setTimeout(function () {\n        done();\n      }, 1000);\n    });\n    it('3.2 - should skip test');\n  });\n  describe('4 - Uncaught exception suite', function () {\n    it('should fail due to an uncaught exception', function (done) {\n      setTimeout(function () {\n        throw new Error(\"I'm an uncaught exception\");\n        done();\n      }, 1000);\n    });\n  });\n  describe('5 - All sync test suite', function () {\n    before(function () {\n      console.log('before');\n    });\n    after(function () {\n      console.log('after');\n    });\n    beforeEach(function () {\n      console.log('beforeEach');\n    });\n    afterEach(function () {\n      console.log('afterEach');\n    });\n    it('passing', function () {\n      expect(true).to.be[\"true\"];\n    });\n    it('throwing', function () {\n      expect(false).to.be[\"true\"];\n    });\n  });\n  describe('6 - All async test suite', function () {\n    before(function (done) {\n      this.keepContext = true;\n      console.log('before');\n      Meteor.defer(function () {\n        done();\n      });\n    });\n    after(function (done) {\n      console.log('after');\n      Meteor.setTimeout(function () {\n        done();\n      }, 500);\n    });\n    beforeEach(function (done) {\n      console.log('beforeEach');\n      Meteor.setTimeout(function () {\n        done();\n      }, 500);\n    });\n    afterEach(function (done) {\n      console.log('afterEach');\n      this.timeout(1000);\n      Meteor.setTimeout(function () {\n        done();\n      }, 500);\n    });\n    this.timeout(5000);\n    it('passing', function (done) {\n      expect(this.keepContext).to.be[\"true\"];\n      Meteor.setTimeout(function () {\n        done();\n      }, 2500);\n    });\n    it('throwing', function (done) {\n      Meteor.defer(function () {\n        done(new Error('failing'));\n      });\n    });\n  });\n  describe('7 - implicit wait', function () {\n    it('during findOne', function () {\n      var doc;\n      return doc = TestCollection.findOne({\n        _id: 'xxx'\n      });\n    });\n  });\n  describe.skip('8 - skip suite', function () {\n    it(\"this won't run\", function () {\n      throw new Error(\"This is an error\");\n    });\n  });\n  describe(\"9 -  before and after hooks errors\", function () {\n    before(function () {\n      throw new Error(\"Error from before\");\n    });\n    it(\"It hooks with errors\", function () {\n      throw new Error(\"This will not throw\");\n    });\n    after(function () {\n      throw new Error(\"Error from after\");\n    });\n  });\n  describe(\"10 - beforeEach and afterEach hooks errors\", function () {\n    beforeEach(function () {\n      throw new Error(\"Error from beforeEach\");\n    });\n    it(\"It hooks with errors\", function () {\n      throw new Error(\"This will not throw\");\n    });\n    afterEach(function () {\n      throw new Error(\"Error from afterEach\");\n    });\n  });\n  describe(\"11 - Specify\", function () {\n    specify(\"it works\", function () {\n      expect(true).to.be.true;\n    });\n    xspecify(\"Skip: This won't run\", function () {\n      throw new Error(\"This won't run\");\n    });\n  });\n  context(\"12 - Context test\", function () {\n    it(\"it works\", function () {\n      expect(true).to.be.true;\n    });\n  });\n  xcontext(\"12 - Skip suite (xcontext)\", function () {\n    it(\"This won't run\", function () {\n      throw new Error(\"This won't run\");\n    });\n  });\n  describe(\"13 - Promises\", function () {\n    it(\"Handle promises\", function () {\n      return new Promise(function (resolve, reject) {\n        expect(true).to.be.true;\n        resolve(true);\n      });\n    });\n    it('Handle promises errors', function () {\n      return new Promise(function (resolve, reject) {\n        reject(new Error('fails-just-fine'));\n      });\n    });\n  });\n});","map":{"version":3,"sources":["packages/practicalmeteor:mocha/meteor/test-app/both-test.js"],"names":["MochaRunner","describe","it","before","after","beforeEach","afterEach","xdescribe","xit","specify","xspecify","context","xcontext","module","watch","require","v","expect","TestCollection","exportDefault","console","log","VERSION","indexOf","to","equal","length","done","Meteor","setTimeout","skip","Error","be","keepContext","defer","timeout","doc","findOne","_id","true","Promise","resolve","reject"],"mappings":"AAAA,IAAIA,oBAAJ;AAAA,IAAgBC,iBAAhB;AAAA,IAAyBC,WAAzB;AAAA,IAA4BC,eAA5B;AAAA,IAAmCC,cAAnC;AAAA,IAAyCC,mBAAzC;AAAA,IAAoDC,kBAApD;AAAA,IAA8DC,kBAA9D;AAAA,IAAwEC,YAAxE;AAAA,IAA4EC,gBAA5E;AAAA,IAAoFC,iBAApF;AAAA,IAA6FC,gBAA7F;AAAA,IAAqGC,iBAArG;AAA8GC,OAAOC,KAAP,CAAaC,QAAQ,8BAAR,CAAb,EAAqD;AAACf,aAAD,YAAagB,CAAb,EAAe;AAAChB,kBAAYgB,CAAZ;AAAc,GAA9B;AAA+Bf,UAA/B,YAAwCe,CAAxC,EAA0C;AAACf,eAASe,CAAT;AAAW,GAAtD;AAAuDd,IAAvD,YAA0Dc,CAA1D,EAA4D;AAACd,SAAGc,CAAH;AAAK,GAAlE;AAAmEb,QAAnE,YAA0Ea,CAA1E,EAA4E;AAACb,aAAOa,CAAP;AAAS,GAAtF;AAAuFZ,OAAvF,YAA6FY,CAA7F,EAA+F;AAACZ,YAAMY,CAAN;AAAQ,GAAxG;AAAyGX,YAAzG,YAAoHW,CAApH,EAAsH;AAACX,iBAAWW,CAAX;AAAa,GAApI;AAAqIV,WAArI,YAA+IU,CAA/I,EAAiJ;AAACV,gBAAUU,CAAV;AAAY,GAA9J;AAA+JT,WAA/J,YAAyKS,CAAzK,EAA2K;AAACT,gBAAUS,CAAV;AAAY,GAAxL;AAAyLR,KAAzL,YAA6LQ,CAA7L,EAA+L;AAACR,UAAIQ,CAAJ;AAAM,GAAtM;AAAuMP,SAAvM,YAA+MO,CAA/M,EAAiN;AAACP,cAAQO,CAAR;AAAU,GAA5N;AAA6NN,UAA7N,YAAsOM,CAAtO,EAAwO;AAACN,eAASM,CAAT;AAAW,GAApP;AAAqPL,SAArP,YAA6PK,CAA7P,EAA+P;AAACL,cAAQK,CAAR;AAAU,GAA1Q;AAA2QJ,UAA3Q,YAAoRI,CAApR,EAAsR;AAACJ,eAASI,CAAT;AAAW;AAAlS,CAArD,EAAyV,CAAzV;AAA4V,IAAIC,eAAJ;AAAWJ,OAAOC,KAAP,CAAaC,QAAQ,6BAAR,CAAb,EAAoD;AAACE,QAAD,YAAQD,CAAR,EAAU;AAACC,aAAOD,CAAP;AAAS;AAApB,CAApD,EAA0E,CAA1E;AAA6E,IAAIE,uBAAJ;AAAmBL,OAAOC,KAAP,CAAaC,QAAQ,qCAAR,CAAb,EAA4D;AAAA,uBAASC,CAAT,EAAW;AAACE,qBAAeF,CAAf;AAAiB;AAA7B,CAA5D,EAA2F,CAA3F;AAArjBH,OAAOM,aAAP,CAIe,YAAK;AAGlBC,UAAQC,GAAR,CAAY,kDAAZ;AACAD,UAAQC,GAAR,CAAY,kDAAZ;AACAD,UAAQC,GAAR,CAAY,wBAAZ,EAAsCrB,YAAYsB,OAAlD;AACAF,UAAQC,GAAR,CAAY,kDAAZ;AACAD,UAAQC,GAAR,CAAY,kDAAZ;AAGApB,WAAS,WAAT,EAAsB,YAAW;AAE/BA,aAAS,kBAAT,EAA6B,YAAW;AACtC,aAAOC,GAAG,gDAAH,EAAqD,YAAW;AACrEe,eAAO,CAAC,CAAD,EAAI,CAAJ,EAAO,CAAP,EAAUM,OAAV,CAAkB,CAAlB,CAAP,EAA6BC,EAA7B,CAAgCC,KAAhC,CAAsC,CAAC,CAAvC;AACA,eAAOR,OAAO,CAAC,CAAD,EAAI,CAAJ,EAAO,CAAP,EAAUM,OAAV,CAAkB,CAAlB,CAAP,EAA6BC,EAA7B,CAAgCC,KAAhC,CAAsC,CAAC,CAAvC,CAAP;AACD,OAHM,CAAP;AAID,KALD;AAOAxB,aAAS,cAAT,EAAyB,YAAW;AAClC,aAAOC,GAAG,+BAAH,EAAoC,YAAW;AACpD,eAAOe,OAAO,CAAC,CAAD,EAAI,CAAJ,EAAO,CAAP,EAAUS,MAAjB,EAAyBF,EAAzB,CAA4BC,KAA5B,CAAkC,CAAlC,CAAP;AACD,OAFM,CAAP;AAGD,KAJD;AAMD,GAfD;AAiBAxB,WAAS,gBAAT,EAA2B,YAAW;AAEpCC,OAAG,aAAH,EAAkB,UAASyB,IAAT,EAAe;AAC/BC,aAAOC,UAAP,CAAkB,YAAW;AAC3BF;AACD,OAFD,EAEG,IAFH;AAGD,KAJD;AAMAzB,OAAG,cAAH,EAAmB,UAASyB,IAAT,EAAe;AAChCC,aAAOC,UAAP,CAAkB,YAAW;AAC3BF,aAAK,cAAL;AACD,OAFD,EAEG,IAFH;AAGD,KAJD;AAMD,GAdD;AAgBA1B,WAAS,kBAAT,EAA6B,YAAW;AAEtCC,OAAG4B,IAAH,CAAQ,wBAAR,EAAkC,UAASH,IAAT,EAAe;AAC/CC,aAAOC,UAAP,CAAkB,YAAW;AAC3BF;AACD,OAFD,EAEG,IAFH;AAGD,KAJD;AAMAzB,OAAG,wBAAH;AACD,GATD;AAWAD,WAAS,8BAAT,EAAyC,YAAW;AAElDC,OAAG,0CAAH,EAA+C,UAASyB,IAAT,EAAe;AAC5DE,iBAAW,YAAW;AACpB,cAAM,IAAIE,KAAJ,CAAU,2BAAV,CAAN;AACAJ;AACD,OAHD,EAGG,IAHH;AAID,KALD;AAMD,GARD;AAUA1B,WAAS,yBAAT,EAAoC,YAAW;AAE7CE,WAAO,YAAW;AAChBiB,cAAQC,GAAR,CAAY,QAAZ;AACD,KAFD;AAIAjB,UAAM,YAAW;AACfgB,cAAQC,GAAR,CAAY,OAAZ;AACD,KAFD;AAIAhB,eAAW,YAAW;AACpBe,cAAQC,GAAR,CAAY,YAAZ;AACD,KAFD;AAIAf,cAAU,YAAW;AACnBc,cAAQC,GAAR,CAAY,WAAZ;AACD,KAFD;AAIAnB,OAAG,SAAH,EAAc,YAAW;AACvBe,aAAO,IAAP,EAAaO,EAAb,CAAgBQ,EAAhB,CAAmB,MAAnB;AACD,KAFD;AAIA9B,OAAG,UAAH,EAAe,YAAW;AACxBe,aAAO,KAAP,EAAcO,EAAd,CAAiBQ,EAAjB,CAAoB,MAApB;AACD,KAFD;AAGD,GAzBD;AA2BA/B,WAAS,0BAAT,EAAqC,YAAW;AAE9CE,WAAO,UAASwB,IAAT,EAAe;AACpB,WAAKM,WAAL,GAAmB,IAAnB;AACAb,cAAQC,GAAR,CAAY,QAAZ;AACAO,aAAOM,KAAP,CAAa,YAAW;AACtBP;AACD,OAFD;AAGD,KAND;AAQAvB,UAAM,UAASuB,IAAT,EAAe;AACnBP,cAAQC,GAAR,CAAY,OAAZ;AACAO,aAAOC,UAAP,CAAmB,YAAW;AAC5BF;AACD,OAFD,EAEI,GAFJ;AAGD,KALD;AAMAtB,eAAW,UAASsB,IAAT,EAAe;AACxBP,cAAQC,GAAR,CAAY,YAAZ;AACAO,aAAOC,UAAP,CAAmB,YAAW;AAC5BF;AACD,OAFD,EAEI,GAFJ;AAGD,KALD;AAMArB,cAAU,UAASqB,IAAT,EAAe;AACvBP,cAAQC,GAAR,CAAY,WAAZ;AACA,WAAKc,OAAL,CAAa,IAAb;AACAP,aAAOC,UAAP,CAAmB,YAAW;AAC5BF;AACD,OAFD,EAEI,GAFJ;AAGD,KAND;AAQA,SAAKQ,OAAL,CAAa,IAAb;AAEAjC,OAAG,SAAH,EAAc,UAASyB,IAAT,EAAe;AAC3BV,aAAO,KAAKgB,WAAZ,EAAyBT,EAAzB,CAA4BQ,EAA5B,CAA+B,MAA/B;AACAJ,aAAOC,UAAP,CAAmB,YAAW;AAC5BF;AACD,OAFD,EAEI,IAFJ;AAGD,KALD;AAOAzB,OAAG,UAAH,EAAe,UAASyB,IAAT,EAAe;AAC5BC,aAAOM,KAAP,CAAa,YAAW;AACtBP,aAAK,IAAII,KAAJ,CAAU,SAAV,CAAL;AACD,OAFD;AAGD,KAJD;AAKD,GA5CD;AA8CA9B,WAAS,mBAAT,EAA8B,YAAW;AAEvCC,OAAG,gBAAH,EAAqB,YAAW;AAC9B,UAAIkC,GAAJ;AACA,aAAOA,MAAMlB,eAAemB,OAAf,CAAuB;AAClCC,aAAK;AAD6B,OAAvB,CAAb;AAGD,KALD;AAOD,GATD;AAWArC,WAAS6B,IAAT,CAAc,gBAAd,EAAgC,YAAW;AACzC5B,OAAG,gBAAH,EAAqB,YAAW;AAC9B,YAAM,IAAI6B,KAAJ,CAAU,kBAAV,CAAN;AACD,KAFD;AAGD,GAJD;AAMA9B,WAAS,oCAAT,EAA+C,YAAK;AAElDE,WAAO,YAAK;AACV,YAAM,IAAI4B,KAAJ,CAAU,mBAAV,CAAN;AACD,KAFD;AAIA7B,OAAG,sBAAH,EAA2B,YAAK;AAC9B,YAAM,IAAI6B,KAAJ,CAAU,qBAAV,CAAN;AACD,KAFD;AAIA3B,UAAM,YAAK;AACT,YAAM,IAAI2B,KAAJ,CAAU,kBAAV,CAAN;AACD,KAFD;AAID,GAdD;AAgBA9B,WAAS,4CAAT,EAAuD,YAAK;AAE1DI,eAAW,YAAK;AACd,YAAM,IAAI0B,KAAJ,CAAU,uBAAV,CAAN;AACD,KAFD;AAIA7B,OAAG,sBAAH,EAA2B,YAAK;AAC9B,YAAM,IAAI6B,KAAJ,CAAU,qBAAV,CAAN;AACD,KAFD;AAIAzB,cAAU,YAAK;AAEb,YAAM,IAAIyB,KAAJ,CAAU,sBAAV,CAAN;AACD,KAHD;AAKD,GAfD;AAiBA9B,WAAS,cAAT,EAAyB,YAAW;AAElCQ,YAAQ,UAAR,EAAoB,YAAW;AAC7BQ,aAAO,IAAP,EAAaO,EAAb,CAAgBQ,EAAhB,CAAmBO,IAAnB;AACD,KAFD;AAIA7B,aAAS,sBAAT,EAAiC,YAAW;AAC1C,YAAM,IAAIqB,KAAJ,CAAU,gBAAV,CAAN;AACD,KAFD;AAID,GAVD;AAYApB,UAAQ,mBAAR,EAA6B,YAAW;AACtCT,OAAG,UAAH,EAAe,YAAW;AACxBe,aAAO,IAAP,EAAaO,EAAb,CAAgBQ,EAAhB,CAAmBO,IAAnB;AACD,KAFD;AAGD,GAJD;AAMA3B,WAAS,4BAAT,EAAuC,YAAW;AAEhDV,OAAG,gBAAH,EAAqB,YAAW;AAC9B,YAAM,IAAI6B,KAAJ,CAAU,gBAAV,CAAN;AACD,KAFD;AAID,GAND;AAQA9B,WAAS,eAAT,EAA0B,YAAK;AAE7BC,OAAG,iBAAH,EAAsB,YAAK;AACzB,aAAO,IAAIsC,OAAJ,CAAY,UAACC,OAAD,EAAUC,MAAV,EAAqB;AACtCzB,eAAO,IAAP,EAAaO,EAAb,CAAgBQ,EAAhB,CAAmBO,IAAnB;AACAE,gBAAQ,IAAR;AACD,OAHM,CAAP;AAID,KALD;AAOAvC,OAAG,wBAAH,EAA6B,YAAW;AACtC,aAAO,IAAIsC,OAAJ,CAAY,UAACC,OAAD,EAAUC,MAAV,EAAqB;AACtCA,eAAO,IAAIX,KAAJ,CAAU,iBAAV,CAAP;AACD,OAFM,CAAP;AAGD,KAJD;AAMD,GAfD;AAgBD,CAzOD","file":"packages/practicalmeteor:mocha/meteor/test-app/both-test.js.map","sourcesContent":["import {MochaRunner, describe, it, before, after, beforeEach, afterEach, xdescribe, xit, specify, xspecify, context, xcontext} from \"meteor/practicalmeteor:mocha\"\nimport {expect} from \"meteor/practicalmeteor:chai\"\nimport TestCollection from \"./import/collections/TestCollection\"\n\nexport default ()=> {\n\n\n  console.log(\"------------------------------------------------\");\n  console.log(\"----------------PACKAGE VERSIONS----------------\");\n  console.log(\"practicalmeteor:mocha:\", MochaRunner.VERSION);\n  console.log(\"------------------------------------------------\");\n  console.log(\"------------------------------------------------\");\n\n\n  describe('1 - Array', function() {\n\n    describe('1.1 - #indexOf()', function() {\n      return it('should return -1 when the value is not present', function() {\n        expect([1, 2, 3].indexOf(5)).to.equal(-1);\n        return expect([1, 2, 3].indexOf(0)).to.equal(-1);\n      });\n    });\n\n    describe('1.2 - length', function() {\n      return it('should return length of array', function() {\n        return expect([1, 2, 3].length).to.equal(3);\n      });\n    });\n\n  });\n\n  describe('2 - Async test', function() {\n\n    it('should pass', function(done) {\n      Meteor.setTimeout(function() {\n        done();\n      }, 1000);\n    });\n\n    it('should throw', function(done) {\n      Meteor.setTimeout(function() {\n        done(\"I'm throwing\");\n      }, 1000);\n    });\n\n  });\n\n  describe('3 - Skipped test', function() {\n\n    it.skip('3.1 - should skip test', function(done) {\n      Meteor.setTimeout(function() {\n        done();\n      }, 1000);\n    });\n\n    it('3.2 - should skip test');\n  });\n\n  describe('4 - Uncaught exception suite', function() {\n\n    it('should fail due to an uncaught exception', function(done) {\n      setTimeout(function() {\n        throw new Error(\"I'm an uncaught exception\");\n        done();\n      }, 1000);\n    });\n  });\n\n  describe('5 - All sync test suite', function() {\n\n    before(function() {\n      console.log('before');\n    });\n\n    after(function() {\n      console.log('after');\n    });\n\n    beforeEach(function() {\n      console.log('beforeEach');\n    });\n\n    afterEach(function() {\n      console.log('afterEach');\n    });\n\n    it('passing', function() {\n      expect(true).to.be[\"true\"];\n    });\n\n    it('throwing', function() {\n      expect(false).to.be[\"true\"];\n    });\n  });\n\n  describe('6 - All async test suite', function() {\n\n    before(function(done) {\n      this.keepContext = true;\n      console.log('before');\n      Meteor.defer(function() {\n        done();\n      });\n    });\n\n    after(function(done) {\n      console.log('after');\n      Meteor.setTimeout((function() {\n        done();\n      }), 500);\n    });\n    beforeEach(function(done) {\n      console.log('beforeEach');\n      Meteor.setTimeout((function() {\n        done();\n      }), 500);\n    });\n    afterEach(function(done) {\n      console.log('afterEach');\n      this.timeout(1000);\n      Meteor.setTimeout((function() {\n        done();\n      }), 500);\n    });\n\n    this.timeout(5000);\n\n    it('passing', function(done) {\n      expect(this.keepContext).to.be[\"true\"];\n      Meteor.setTimeout((function() {\n        done();\n      }), 2500);\n    });\n\n    it('throwing', function(done) {\n      Meteor.defer(function() {\n        done(new Error('failing'));\n      });\n    });\n  });\n\n  describe('7 - implicit wait', function() {\n\n    it('during findOne', function() {\n      var doc;\n      return doc = TestCollection.findOne({\n        _id: 'xxx'\n      });\n    });\n\n  });\n\n  describe.skip('8 - skip suite', function() {\n    it(\"this won't run\", function() {\n      throw new Error(\"This is an error\");\n    });\n  });\n\n  describe(\"9 -  before and after hooks errors\", ()=> {\n\n    before(()=> {\n      throw new Error(\"Error from before\");\n    });\n\n    it(\"It hooks with errors\", ()=> {\n      throw new Error(\"This will not throw\")\n    });\n\n    after(()=> {\n      throw new Error(\"Error from after\");\n    });\n\n  });\n\n  describe(\"10 - beforeEach and afterEach hooks errors\", ()=> {\n\n    beforeEach(()=> {\n      throw new Error(\"Error from beforeEach\");\n    });\n\n    it(\"It hooks with errors\", ()=> {\n      throw new Error(\"This will not throw\")\n    });\n\n    afterEach(()=> {\n\n      throw new Error(\"Error from afterEach\");\n    });\n\n  });\n\n  describe(\"11 - Specify\", function() {\n\n    specify(\"it works\", function() {\n      expect(true).to.be.true;\n    });\n\n    xspecify(\"Skip: This won't run\", function() {\n      throw new Error(\"This won't run\")\n    });\n\n  });\n\n  context(\"12 - Context test\", function() {\n    it(\"it works\", function() {\n      expect(true).to.be.true;\n    });\n  });\n\n  xcontext(\"12 - Skip suite (xcontext)\", function() {\n\n    it(\"This won't run\", function() {\n      throw new Error(\"This won't run\")\n    })\n\n  });\n\n  describe(\"13 - Promises\", ()=> {\n\n    it(\"Handle promises\", ()=> {\n      return new Promise((resolve, reject) => {\n        expect(true).to.be.true\n        resolve(true)\n      })\n    });\n\n    it('Handle promises errors', function() {\n      return new Promise((resolve, reject) => {\n        reject(new Error('fails-just-fine'))\n      })\n    })\n\n  });\n}"]},"hash":"07bb36a0ecd161daedb1608825b0a71724e02e8e"}
