{"metadata":{"usedHelpers":[],"marked":[],"modules":{"imports":[],"exports":{"exported":[],"specifiers":[]}}},"options":{"filename":"packages/practicalmeteor:mocha/test/integration/fixtures/options/bail.js","filenameRelative":"packages/practicalmeteor:mocha/test/integration/fixtures/options/bail.js","env":{"development":{"plugins":[]}},"retainLines":false,"highlightCode":true,"suppressDeprecationMessages":false,"presets":[],"plugins":[[[],{"generateLetDeclarations":true,"enforceStrictMode":false}],[[],null],[[],{"polyfill":false}],[[],null],[[],null],[[],null],[[],{"allowTopLevelThis":true,"strict":false,"loose":true}],[[],null],[[],null],[[],null],[[],null],[[],null],[[],null],[[],null],[[],null],[[],null],[[],null],[[],null],[[],null],[[],{"loose":true}],[[],{"loose":true}],[[],null],[[],{"loose":true}],[[],null],[[],null],[[],null],[[],null],[[],null],[[],null],[[],{"loose":true}],[[],null],[[],null],[[],null],[[],null],[[],null],[[],null],[[],null]],"ignore":[],"code":true,"metadata":true,"ast":true,"comments":true,"compact":false,"minified":false,"sourceMap":true,"sourceMaps":true,"sourceMapTarget":"packages/practicalmeteor:mocha/test/integration/fixtures/options/bail.js.map","sourceFileName":"packages/practicalmeteor:mocha/test/integration/fixtures/options/bail.js","babelrc":false,"sourceType":"module","moduleIds":false,"passPerPreset":false,"parserOpts":false,"generatorOpts":false,"basename":"bail"},"ignored":false,"code":"describe('suite1', function () {\n  it('should display this spec', function () {});\n  it('should only display this error', function (done) {\n    throw new Error('this should be displayed');\n  });\n  it('should not display this error', function (done) {\n    throw new Error('this should not be displayed');\n  });\n});\ndescribe('suite2', function () {\n  before(function (done) {\n    throw new Error('this hook should not be displayed');\n  });\n  it('should not display this error', function (done) {\n    throw new Error('this should not be displayed');\n  });\n});","map":{"version":3,"sources":["packages/practicalmeteor:mocha/test/integration/fixtures/options/bail.js"],"names":["describe","it","done","Error","before"],"mappings":"AAAAA,SAAS,QAAT,EAAmB,YAAW;AAC5BC,KAAG,0BAAH,EAA+B,YAAW,CAAE,CAA5C;AAEAA,KAAG,gCAAH,EAAqC,UAASC,IAAT,EAAe;AAClD,UAAM,IAAIC,KAAJ,CAAU,0BAAV,CAAN;AACD,GAFD;AAIAF,KAAG,+BAAH,EAAoC,UAASC,IAAT,EAAe;AACjD,UAAM,IAAIC,KAAJ,CAAU,8BAAV,CAAN;AACD,GAFD;AAGD,CAVD;AAYAH,SAAS,QAAT,EAAmB,YAAW;AAC5BI,SAAO,UAASF,IAAT,EAAe;AACpB,UAAM,IAAIC,KAAJ,CAAU,mCAAV,CAAN;AACD,GAFD;AAIAF,KAAG,+BAAH,EAAoC,UAASC,IAAT,EAAe;AACjD,UAAM,IAAIC,KAAJ,CAAU,8BAAV,CAAN;AACD,GAFD;AAGD,CARD","file":"packages/practicalmeteor:mocha/test/integration/fixtures/options/bail.js.map","sourcesContent":["describe('suite1', function() {\n  it('should display this spec', function() {});\n\n  it('should only display this error', function(done) {\n    throw new Error('this should be displayed');\n  });\n\n  it('should not display this error', function(done) {\n    throw new Error('this should not be displayed');\n  });\n});\n\ndescribe('suite2', function() {\n  before(function(done) {\n    throw new Error('this hook should not be displayed');\n  });\n\n  it('should not display this error', function(done) {\n    throw new Error('this should not be displayed');\n  });\n});\n"]},"hash":"0bb5b29548a659975a1abee6ca060ae3a2ae250d"}
