{"metadata":{"usedHelpers":[],"marked":[],"modules":{"imports":[{"source":"meteor/meteor","imported":["Meteor"],"specifiers":[{"kind":"named","imported":"Meteor","local":"Meteor"}]},{"source":"expect","imported":["default"],"specifiers":[{"kind":"named","imported":"default","local":"expect"}]},{"source":"./notes","imported":["Notes"],"specifiers":[{"kind":"named","imported":"Notes","local":"Notes"}]}],"exports":{"exported":[],"specifiers":[]}}},"options":{"filename":"imports/api/notes.test.js","filenameRelative":"imports/api/notes.test.js","env":{"development":{"plugins":[]}},"retainLines":false,"highlightCode":true,"suppressDeprecationMessages":false,"presets":[],"plugins":[[[],{"generateLetDeclarations":true,"enforceStrictMode":false}],[[],null],[[],{"polyfill":false}],[[],null],[[],null],[[],null],[[],{"allowTopLevelThis":true,"strict":false,"loose":true}],[[],null],[[],null],[[],null],[[],null],[[],null],[[],null],[[],null],[[],null],[[],null],[[],null],[[],null],[[],null],[[],{"loose":true}],[[],{"loose":true}],[[],null],[[],{"loose":true}],[[],null],[[],null],[[],null],[[],null],[[],null],[[],null],[[],{"loose":true}],[[],null],[[],null],[[],null],[[],null],[[],null],[[],null],[[],null]],"ignore":[],"code":true,"metadata":true,"ast":true,"comments":true,"compact":false,"minified":false,"sourceMap":true,"sourceMaps":true,"sourceMapTarget":"imports/api/notes.test.js.map","sourceFileName":"imports/api/notes.test.js","babelrc":false,"sourceType":"module","moduleIds":false,"passPerPreset":false,"parserOpts":false,"generatorOpts":false,"basename":"notes.test"},"ignored":false,"code":"var Meteor = void 0;\nmodule.watch(require(\"meteor/meteor\"), {\n  Meteor: function (v) {\n    Meteor = v;\n  }\n}, 0);\nvar expect = void 0;\nmodule.watch(require(\"expect\"), {\n  \"default\": function (v) {\n    expect = v;\n  }\n}, 1);\nvar Notes = void 0;\nmodule.watch(require(\"./notes\"), {\n  Notes: function (v) {\n    Notes = v;\n  }\n}, 2);\n\nif (Meteor.isServer) {\n  describe('notes', function () {\n    var noteOne = {\n      _id: 'testNoteId1',\n      title: 'test',\n      body: 'my body test',\n      updatedAt: 0,\n      userId: 'testUserId1'\n    };\n    beforeEach(function () {\n      Notes.remove({});\n      Notes.insert(noteOne);\n    });\n    it('should insert a new note', function () {\n      var userId = 'testid';\n\n      var _id = Meteor.server.method_handlers['notes.insert'].apply({\n        userId: userId\n      });\n\n      expect(Notes.findOne({\n        _id: _id,\n        userId: userId\n      })).toBeTruthy();\n    });\n    it('should not insert a new note if not authenticated', function () {\n      expect(function () {\n        Meteor.server.method_handlers['notes.insert']();\n      }).toThrow();\n    });\n    it('should remove a note', function () {\n      Meteor.server.method_handlers['notes.remove'].apply({\n        userId: noteOne.userId\n      }, [noteOne._id]);\n      expect(Notes.findOne({\n        _id: noteOne._id\n      })).toBeFalsy();\n    });\n    it('should not remove a note if unauthenticated', function () {\n      expect(function () {\n        Meteor.server.method_handlers['notes.remove'].apply({}, [noteOne._id]);\n      }).toThrow();\n    });\n    it('should not remove note if invalid _id', function () {\n      expect(function () {\n        Meteor.server.method_handlers['notes.remove'].apply({\n          userId: noteOne.userId\n        });\n      }).toThrow();\n    });\n    it('should update a note', function () {\n      var title = 'updatedTitle';\n      Meteor.server.method_handlers['notes.update'].apply({\n        userId: noteOne.userId\n      }, [noteOne._id, {\n        title: title\n      }]);\n      var note = Notes.findOne(noteOne._id);\n      expect(note.updatedAt).toBeGreaterThan(0);\n      expect(note).toContain({\n        title: title,\n        body: note.body\n      });\n    });\n  });\n}","map":{"version":3,"sources":["imports/api/notes.test.js"],"names":["Meteor","module","watch","require","v","expect","Notes","isServer","describe","noteOne","_id","title","body","updatedAt","userId","beforeEach","remove","insert","it","server","method_handlers","apply","findOne","toBeTruthy","toThrow","toBeFalsy","note","toBeGreaterThan","toContain"],"mappings":"AAAA,IAAIA,eAAJ;AAAWC,OAAOC,KAAP,CAAaC,QAAQ,eAAR,CAAb,EAAsC;AAACH,QAAD,YAAQI,CAAR,EAAU;AAACJ,aAAOI,CAAP;AAAS;AAApB,CAAtC,EAA4D,CAA5D;AAA+D,IAAIC,eAAJ;AAAWJ,OAAOC,KAAP,CAAaC,QAAQ,QAAR,CAAb,EAA+B;AAAA,uBAASC,CAAT,EAAW;AAACC,aAAOD,CAAP;AAAS;AAArB,CAA/B,EAAsD,CAAtD;AAAyD,IAAIE,cAAJ;AAAUL,OAAOC,KAAP,CAAaC,QAAQ,SAAR,CAAb,EAAgC;AAACG,OAAD,YAAOF,CAAP,EAAS;AAACE,YAAMF,CAAN;AAAQ;AAAlB,CAAhC,EAAoD,CAApD;;AAKxJ,IAAIJ,OAAOO,QAAX,EAAqB;AACnBC,WAAS,OAAT,EAAkB,YAAY;AAC5B,QAAMC,UAAU;AACZC,WAAK,aADO;AAEZC,aAAO,MAFK;AAGZC,YAAM,cAHM;AAIZC,iBAAW,CAJC;AAKZC,cAAQ;AALI,KAAhB;AAQAC,eAAW,YAAY;AACrBT,YAAMU,MAAN,CAAa,EAAb;AACAV,YAAMW,MAAN,CAAaR,OAAb;AACD,KAHD;AAKAS,OAAG,0BAAH,EAA+B,YAAY;AACzC,UAAMJ,SAAS,QAAf;;AACA,UAAMJ,MAAMV,OAAOmB,MAAP,CAAcC,eAAd,CAA8B,cAA9B,EAA8CC,KAA9C,CAAoD;AAAEP;AAAF,OAApD,CAAZ;;AAEAT,aAAOC,MAAMgB,OAAN,CAAc;AAAEZ,gBAAF;AAAOI;AAAP,OAAd,CAAP,EAAuCS,UAAvC;AACD,KALD;AAOAL,OAAG,mDAAH,EAAwD,YAAY;AAClEb,aAAO,YAAM;AACXL,eAAOmB,MAAP,CAAcC,eAAd,CAA8B,cAA9B;AACD,OAFD,EAEGI,OAFH;AAGD,KAJD;AAMAN,OAAG,sBAAH,EAA2B,YAAW;AACpClB,aAAOmB,MAAP,CAAcC,eAAd,CAA8B,cAA9B,EAA8CC,KAA9C,CAAoD;AAAEP,gBAAQL,QAAQK;AAAlB,OAApD,EAAgF,CAACL,QAAQC,GAAT,CAAhF;AAEAL,aAAOC,MAAMgB,OAAN,CAAc;AAAEZ,aAAKD,QAAQC;AAAf,OAAd,CAAP,EAA4Ce,SAA5C;AACD,KAJD;AAMAP,OAAG,6CAAH,EAAkD,YAAY;AAC5Db,aAAO,YAAM;AACXL,eAAOmB,MAAP,CAAcC,eAAd,CAA8B,cAA9B,EAA8CC,KAA9C,CAAoD,EAApD,EAAwD,CAACZ,QAAQC,GAAT,CAAxD;AACD,OAFD,EAEGc,OAFH;AAGD,KAJD;AAMAN,OAAG,uCAAH,EAA4C,YAAY;AACtDb,aAAO,YAAM;AACXL,eAAOmB,MAAP,CAAcC,eAAd,CAA8B,cAA9B,EAA8CC,KAA9C,CAAoD;AAAEP,kBAAQL,QAAQK;AAAlB,SAApD;AAED,OAHD,EAGGU,OAHH;AAID,KALD;AAOAN,OAAG,sBAAH,EAA2B,YAAY;AACrC,UAAMP,QAAQ,cAAd;AACAX,aAAOmB,MAAP,CAAcC,eAAd,CAA8B,cAA9B,EAA8CC,KAA9C,CAAoD;AAClDP,gBAAQL,QAAQK;AADkC,OAApD,EAEG,CACDL,QAAQC,GADP,EAED;AAAEC;AAAF,OAFC,CAFH;AAOA,UAAMe,OAAOpB,MAAMgB,OAAN,CAAcb,QAAQC,GAAtB,CAAb;AAEAL,aAAOqB,KAAKb,SAAZ,EAAuBc,eAAvB,CAAuC,CAAvC;AACAtB,aAAOqB,IAAP,EAAaE,SAAb,CAAuB;AACnBjB,oBADmB;AAEnBC,cAAMc,KAAKd;AAFQ,OAAvB;AAID,KAhBD;AAiBD,GA/DD;AAgED","file":"imports/api/notes.test.js.map","sourcesContent":["import { Meteor } from 'meteor/meteor';\nimport expect from 'expect';\n\nimport { Notes } from './notes';\n\nif (Meteor.isServer) {\n  describe('notes', function () {\n    const noteOne = {\n        _id: 'testNoteId1',\n        title: 'test',\n        body: 'my body test',\n        updatedAt: 0,\n        userId: 'testUserId1'\n    };\n\n    beforeEach(function () {\n      Notes.remove({});\n      Notes.insert(noteOne);\n    });\n\n    it('should insert a new note', function () {\n      const userId = 'testid';\n      const _id = Meteor.server.method_handlers['notes.insert'].apply({ userId });\n\n      expect(Notes.findOne({ _id, userId })).toBeTruthy();\n    });\n\n    it('should not insert a new note if not authenticated', function () {\n      expect(() => {\n        Meteor.server.method_handlers['notes.insert']();\n      }).toThrow();\n    });\n\n    it('should remove a note', function() {\n      Meteor.server.method_handlers['notes.remove'].apply({ userId: noteOne.userId }, [noteOne._id]);\n\n      expect(Notes.findOne({ _id: noteOne._id })).toBeFalsy();\n    });\n\n    it('should not remove a note if unauthenticated', function () {\n      expect(() => {\n        Meteor.server.method_handlers['notes.remove'].apply({}, [noteOne._id]);\n      }).toThrow();\n    });\n\n    it('should not remove note if invalid _id', function () {\n      expect(() => {\n        Meteor.server.method_handlers['notes.remove'].apply({ userId: noteOne.userId });\n\n      }).toThrow();\n    });\n\n    it('should update a note', function () {\n      const title = 'updatedTitle';\n      Meteor.server.method_handlers['notes.update'].apply({\n        userId: noteOne.userId\n      }, [\n        noteOne._id,\n        { title }\n      ]);\n\n      const note = Notes.findOne(noteOne._id);\n\n      expect(note.updatedAt).toBeGreaterThan(0);\n      expect(note).toContain({\n          title,\n          body: note.body\n        });\n    });\n  });\n}\n"]},"hash":"0bc41324a01a035ad19e697324ce0206711868a7"}
