{"metadata":{"usedHelpers":[],"marked":[],"modules":{"imports":[],"exports":{"exported":[],"specifiers":[]}}},"options":{"filename":"packages/practicalmeteor:mocha/lib/hook.js","filenameRelative":"packages/practicalmeteor:mocha/lib/hook.js","env":{"development":{"plugins":[]}},"retainLines":false,"highlightCode":true,"suppressDeprecationMessages":false,"presets":[],"plugins":[[[],{"generateLetDeclarations":true,"enforceStrictMode":false}],[[],null],[[],{"polyfill":false}],[[],null],[[],null],[[],null],[[],{"allowTopLevelThis":true,"strict":false,"loose":true}],[[],null],[[],null],[[],null],[[],null],[[],null],[[],null],[[],null],[[],null],[[],null],[[],null],[[],null],[[],null],[[],{"loose":true}],[[],{"loose":true}],[[],null],[[],{"loose":true}],[[],null],[[],null],[[],null],[[],null],[[],null],[[],null],[[],{"loose":true}],[[],null],[[],null],[[],null],[[],null],[[],null],[[],null],[[],null]],"ignore":[],"code":true,"metadata":true,"ast":true,"comments":true,"compact":false,"minified":false,"sourceMap":true,"sourceMaps":true,"sourceMapTarget":"packages/practicalmeteor:mocha/lib/hook.js.map","sourceFileName":"packages/practicalmeteor:mocha/lib/hook.js","babelrc":false,"sourceType":"module","moduleIds":false,"passPerPreset":false,"parserOpts":false,"generatorOpts":false,"basename":"hook"},"ignored":false,"code":"/**\n * Module dependencies.\n */var Runnable = require('./runnable');\n\nvar inherits = require('./utils').inherits; /**\n                                             * Expose `Hook`.\n                                             */\n\nmodule.exports = Hook; /**\n                        * Initialize a new `Hook` with the given `title` and callback `fn`.\n                        *\n                        * @param {String} title\n                        * @param {Function} fn\n                        * @api private\n                        */\n\nfunction Hook(title, fn) {\n  Runnable.call(this, title, fn);\n  this.type = 'hook';\n} /**\n   * Inherit from `Runnable.prototype`.\n   */\n\ninherits(Hook, Runnable); /**\n                           * Get or set the test `err`.\n                           *\n                           * @param {Error} err\n                           * @return {Error}\n                           * @api public\n                           */\n\nHook.prototype.error = function (err) {\n  if (!arguments.length) {\n    err = this._error;\n    this._error = null;\n    return err;\n  }\n\n  this._error = err;\n};","map":{"version":3,"sources":["packages/practicalmeteor:mocha/lib/hook.js"],"names":["Runnable","require","inherits","module","exports","Hook","title","fn","call","type","prototype","error","err","arguments","length","_error"],"mappings":"AAAA;;GAIA,IAAIA,WAAWC,QAAQ,YAAR,CAAf;;AACA,IAAIC,WAAWD,QAAQ,SAAR,EAAmBC,QAAlC,C,CAEA;;;;AAIAC,OAAOC,OAAP,GAAiBC,IAAjB,C,CAEA;;;;;;;;AAOA,SAASA,IAAT,CAAcC,KAAd,EAAqBC,EAArB,EAAyB;AACvBP,WAASQ,IAAT,CAAc,IAAd,EAAoBF,KAApB,EAA2BC,EAA3B;AACA,OAAKE,IAAL,GAAY,MAAZ;AACD,C,CAED;;;;AAGAP,SAASG,IAAT,EAAeL,QAAf,E,CAEA;;;;;;;;AAOAK,KAAKK,SAAL,CAAeC,KAAf,GAAuB,UAASC,GAAT,EAAc;AACnC,MAAI,CAACC,UAAUC,MAAf,EAAuB;AACrBF,UAAM,KAAKG,MAAX;AACA,SAAKA,MAAL,GAAc,IAAd;AACA,WAAOH,GAAP;AACD;;AAED,OAAKG,MAAL,GAAcH,GAAd;AACD,CARD","file":"packages/practicalmeteor:mocha/lib/hook.js.map","sourcesContent":["/**\n * Module dependencies.\n */\n\nvar Runnable = require('./runnable');\nvar inherits = require('./utils').inherits;\n\n/**\n * Expose `Hook`.\n */\n\nmodule.exports = Hook;\n\n/**\n * Initialize a new `Hook` with the given `title` and callback `fn`.\n *\n * @param {String} title\n * @param {Function} fn\n * @api private\n */\nfunction Hook(title, fn) {\n  Runnable.call(this, title, fn);\n  this.type = 'hook';\n}\n\n/**\n * Inherit from `Runnable.prototype`.\n */\ninherits(Hook, Runnable);\n\n/**\n * Get or set the test `err`.\n *\n * @param {Error} err\n * @return {Error}\n * @api public\n */\nHook.prototype.error = function(err) {\n  if (!arguments.length) {\n    err = this._error;\n    this._error = null;\n    return err;\n  }\n\n  this._error = err;\n};\n"]},"hash":"0c3215928bccab9d05d339c8c743fbdda1333526"}
