{"metadata":{"usedHelpers":[],"marked":[],"modules":{"imports":[{"source":"meteor/meteor","imported":["Meteor"],"specifiers":[{"kind":"named","imported":"Meteor","local":"Meteor"}]},{"source":"meteor/accounts-base","imported":["Accounts"],"specifiers":[{"kind":"named","imported":"Accounts","local":"Accounts"}]},{"source":"simpl-schema","imported":["default"],"specifiers":[{"kind":"named","imported":"default","local":"SimpleSchema"}]}],"exports":{"exported":["validateNewUser"],"specifiers":[{"kind":"local","local":"validateNewUser","exported":"validateNewUser"}]}}},"options":{"filename":"imports/api/users.js","filenameRelative":"imports/api/users.js","env":{"development":{"plugins":[]}},"retainLines":false,"highlightCode":true,"suppressDeprecationMessages":false,"presets":[],"plugins":[[[],{"generateLetDeclarations":true,"enforceStrictMode":false}],[[],null],[[],{"polyfill":false}],[[],null],[[],null],[[],null],[[],{"allowTopLevelThis":true,"strict":false,"loose":true}],[[],null],[[],null],[[],null],[[],null],[[],null],[[],null],[[],null],[[],null],[[],null],[[],null],[[],null],[[],null],[[],{"loose":true}],[[],{"loose":true}],[[],null],[[],{"loose":true}],[[],null],[[],null],[[],null],[[],null],[[],null],[[],null],[[],{"loose":true}],[[],null],[[],null],[[],null],[[],null],[[],null],[[],null],[[],null]],"ignore":[],"code":true,"metadata":true,"ast":true,"comments":true,"compact":false,"minified":false,"sourceMap":true,"sourceMaps":true,"sourceMapTarget":"imports/api/users.js.map","sourceFileName":"imports/api/users.js","babelrc":false,"sourceType":"module","moduleIds":false,"passPerPreset":false,"parserOpts":false,"generatorOpts":false,"basename":"users"},"ignored":false,"code":"module.export({\n  validateNewUser: function () {\n    return validateNewUser;\n  }\n});\nvar Meteor = void 0;\nmodule.watch(require(\"meteor/meteor\"), {\n  Meteor: function (v) {\n    Meteor = v;\n  }\n}, 0);\nvar Accounts = void 0;\nmodule.watch(require(\"meteor/accounts-base\"), {\n  Accounts: function (v) {\n    Accounts = v;\n  }\n}, 1);\nvar SimpleSchema = void 0;\nmodule.watch(require(\"simpl-schema\"), {\n  \"default\": function (v) {\n    SimpleSchema = v;\n  }\n}, 2);\n\nvar validateNewUser = function (user) {\n  var email = user.emails[0].address;\n  new SimpleSchema({\n    email: {\n      type: String,\n      regEx: SimpleSchema.RegEx.Email\n    }\n  }).validate({\n    email: email\n  });\n  return true;\n};\n\nif (Meteor.isServer) {\n  Accounts.validateNewUser(validateNewUser);\n}","map":{"version":3,"sources":["imports/api/users.js"],"names":["module","export","validateNewUser","Meteor","watch","require","v","Accounts","SimpleSchema","user","email","emails","address","type","String","regEx","RegEx","Email","validate","isServer"],"mappings":"AAAAA,OAAOC,MAAP,CAAc;AAACC,mBAAgB;AAAA,WAAIA,eAAJ;AAAA;AAAjB,CAAd;AAAqD,IAAIC,eAAJ;AAAWH,OAAOI,KAAP,CAAaC,QAAQ,eAAR,CAAb,EAAsC;AAACF,QAAD,YAAQG,CAAR,EAAU;AAACH,aAAOG,CAAP;AAAS;AAApB,CAAtC,EAA4D,CAA5D;AAA+D,IAAIC,iBAAJ;AAAaP,OAAOI,KAAP,CAAaC,QAAQ,sBAAR,CAAb,EAA6C;AAACE,UAAD,YAAUD,CAAV,EAAY;AAACC,eAASD,CAAT;AAAW;AAAxB,CAA7C,EAAuE,CAAvE;AAA0E,IAAIE,qBAAJ;AAAiBR,OAAOI,KAAP,CAAaC,QAAQ,cAAR,CAAb,EAAqC;AAAA,uBAASC,CAAT,EAAW;AAACE,mBAAaF,CAAb;AAAe;AAA3B,CAArC,EAAkE,CAAlE;;AAIhO,IAAMJ,kBAAkB,UAACO,IAAD,EAAU;AACvC,MAAMC,QAAQD,KAAKE,MAAL,CAAY,CAAZ,EAAeC,OAA7B;AAEA,MAAIJ,YAAJ,CAAiB;AACfE,WAAO;AACLG,YAAMC,MADD;AAELC,aAAOP,aAAaQ,KAAb,CAAmBC;AAFrB;AADQ,GAAjB,EAKGC,QALH,CAKY;AAAER;AAAF,GALZ;AAOA,SAAO,IAAP;AACD,CAXM;;AAcP,IAAIP,OAAOgB,QAAX,EAAqB;AACnBZ,WAASL,eAAT,CAAyBA,eAAzB;AACD","file":"imports/api/users.js.map","sourcesContent":["import { Meteor } from 'meteor/meteor';\nimport { Accounts } from 'meteor/accounts-base';\nimport SimpleSchema from 'simpl-schema';\n\nexport const validateNewUser = (user) => {\n  const email = user.emails[0].address;\n\n  new SimpleSchema({\n    email: {\n      type: String,\n      regEx: SimpleSchema.RegEx.Email\n    }\n  }).validate({ email });\n\n  return true;\n};\n\n\nif (Meteor.isServer) {  \n  Accounts.validateNewUser(validateNewUser);\n}\n"]},"hash":"0dbdbd56bd0405b06cdbc8fc6ec6db294378de20"}
