{"metadata":{"usedHelpers":[],"marked":[],"modules":{"imports":[],"exports":{"exported":[],"specifiers":[]}}},"options":{"filename":"packages/practicalmeteor:mocha/lib/browser/debug.js","filenameRelative":"packages/practicalmeteor:mocha/lib/browser/debug.js","env":{"development":{"plugins":[]}},"retainLines":false,"highlightCode":true,"suppressDeprecationMessages":false,"presets":[],"plugins":[[[],{"generateLetDeclarations":true,"enforceStrictMode":false}],[[],null],[[],{"polyfill":false}],[[],null],[[],null],[[],null],[[],{"allowTopLevelThis":true,"strict":false,"loose":true}],[[],null],[[],null],[[],null],[[],null],[[],null],[[],null],[[],null],[[],null],[[],null],[[],null],[[],null],[[],null],[[],{"loose":true}],[[],{"loose":true}],[[],null],[[],{"loose":true}],[[],null],[[],null],[[],null],[[],null],[[],null],[[],null],[[],{"loose":true}],[[],null],[[],null],[[],null],[[],null],[[],null],[[],null],[[],null]],"ignore":[],"code":true,"metadata":true,"ast":true,"comments":true,"compact":false,"minified":false,"sourceMap":true,"sourceMaps":true,"sourceMapTarget":"packages/practicalmeteor:mocha/lib/browser/debug.js.map","sourceFileName":"packages/practicalmeteor:mocha/lib/browser/debug.js","babelrc":false,"sourceType":"module","moduleIds":false,"passPerPreset":false,"parserOpts":false,"generatorOpts":false,"basename":"debug"},"ignored":false,"code":"/* eslint-disable no-unused-vars */module.exports = function (type) {\n  return function () {};\n};","map":{"version":3,"sources":["packages/practicalmeteor:mocha/lib/browser/debug.js"],"names":["module","exports","type"],"mappings":"AAAA,mCACAA,OAAOC,OAAP,GAAiB,UAASC,IAAT,EAAe;AAC9B,SAAO,YAAW,CAAE,CAApB;AACD,CAFD","file":"packages/practicalmeteor:mocha/lib/browser/debug.js.map","sourcesContent":["/* eslint-disable no-unused-vars */\nmodule.exports = function(type) {\n  return function() {};\n};\n"]},"hash":"1139bd8968044819808587c5f41cfdfaa4d1f060"}
