{"metadata":{"usedHelpers":[],"marked":[],"modules":{"imports":[],"exports":{"exported":[],"specifiers":[]}}},"options":{"filename":"packages/practicalmeteor:mocha/test/browser/ui.js","filenameRelative":"packages/practicalmeteor:mocha/test/browser/ui.js","env":{"development":{"plugins":[]}},"retainLines":false,"highlightCode":true,"suppressDeprecationMessages":false,"presets":[],"plugins":[[[],{"generateLetDeclarations":true,"enforceStrictMode":false}],[[],null],[[],{"polyfill":false}],[[],null],[[],null],[[],null],[[],{"allowTopLevelThis":true,"strict":false,"loose":true}],[[],null],[[],null],[[],null],[[],null],[[],null],[[],null],[[],null],[[],null],[[],null],[[],null],[[],null],[[],null],[[],{"loose":true}],[[],{"loose":true}],[[],null],[[],{"loose":true}],[[],null],[[],null],[[],null],[[],null],[[],null],[[],null],[[],{"loose":true}],[[],null],[[],null],[[],null],[[],null],[[],null],[[],null],[[],null]],"ignore":[],"code":true,"metadata":true,"ast":true,"comments":true,"compact":false,"minified":false,"sourceMap":true,"sourceMaps":true,"sourceMapTarget":"packages/practicalmeteor:mocha/test/browser/ui.js.map","sourceFileName":"packages/practicalmeteor:mocha/test/browser/ui.js","babelrc":false,"sourceType":"module","moduleIds":false,"passPerPreset":false,"parserOpts":false,"generatorOpts":false,"basename":"ui"},"ignored":false,"code":"// test titles containing regex-conflicting characters\n// leading $\ndescribe('$.jQuery', function () {\n  // parens\n  describe('.on()', function () {\n    it('should set an event', function () {\n      assert(true);\n    });\n  });\n  describe('.off()', function () {\n    it('should remove an event', function () {});\n  });\n}); // another generic describe block to verify it is absent\n// when greeping on $.jQuery\n\ndescribe('@Array', function () {\n  it('.pop()', function () {\n    assert(true);\n  });\n  it('.push()', function () {\n    assert(true);\n  });\n  it('.length', function () {\n    assert(true);\n  });\n});","map":{"version":3,"sources":["packages/practicalmeteor:mocha/test/browser/ui.js"],"names":["describe","it","assert"],"mappings":"AAAA;AAEA;AACAA,SAAS,UAAT,EAAqB,YAAW;AAC9B;AACAA,WAAS,OAAT,EAAkB,YAAY;AAC5BC,OAAG,qBAAH,EAA0B,YAAW;AACnCC,aAAO,IAAP;AACD,KAFD;AAGD,GAJD;AAMAF,WAAS,QAAT,EAAmB,YAAY;AAC7BC,OAAG,wBAAH,EAA6B,YAAY,CAExC,CAFD;AAGD,GAJD;AAKD,CAbD,E,CAeA;AACA;;AACAD,SAAS,QAAT,EAAmB,YAAW;AAC5BC,KAAG,QAAH,EAAa,YAAW;AACtBC,WAAO,IAAP;AACD,GAFD;AAGAD,KAAG,SAAH,EAAc,YAAW;AACvBC,WAAO,IAAP;AACD,GAFD;AAGAD,KAAG,SAAH,EAAc,YAAW;AACvBC,WAAO,IAAP;AACD,GAFD;AAGD,CAVD","file":"packages/practicalmeteor:mocha/test/browser/ui.js.map","sourcesContent":["// test titles containing regex-conflicting characters\n\n// leading $\ndescribe('$.jQuery', function() {\n  // parens\n  describe('.on()', function () {\n    it('should set an event', function() {\n      assert(true);\n    });\n  });\n\n  describe('.off()', function () {\n    it('should remove an event', function () {\n\n    });\n  });\n});\n\n// another generic describe block to verify it is absent\n// when greeping on $.jQuery\ndescribe('@Array', function() {\n  it('.pop()', function() {\n    assert(true);\n  });\n  it('.push()', function() {\n    assert(true);\n  });\n  it('.length', function() {\n    assert(true);\n  });\n});\n"]},"hash":"11968fbd551115aa689598a68ee234472f7526ad"}
