{"metadata":{"usedHelpers":[],"marked":[],"modules":{"imports":[{"source":"meteor/practicalmeteor:mocha-core","imported":["mochaInstance"],"specifiers":[{"kind":"named","imported":"mochaInstance","local":"mochaInstance"}]},{"source":"./setupMochaClient","imported":["default"],"specifiers":[{"kind":"named","imported":"default","local":"setupMochaClient"}]}],"exports":{"exported":[],"specifiers":[]}}},"options":{"filename":"packages/practicalmeteor:mocha/meteor/src/setup/index.js","filenameRelative":"packages/practicalmeteor:mocha/meteor/src/setup/index.js","env":{"development":{"plugins":[]}},"retainLines":false,"highlightCode":true,"suppressDeprecationMessages":false,"presets":[],"plugins":[[[],{"generateLetDeclarations":true,"enforceStrictMode":false}],[[],null],[[],{"polyfill":false}],[[],null],[[],null],[[],null],[[],{"allowTopLevelThis":true,"strict":false,"loose":true}],[[],null],[[],null],[[],null],[[],null],[[],null],[[],null],[[],null],[[],null],[[],null],[[],null],[[],null],[[],null],[[],{"loose":true}],[[],{"loose":true}],[[],null],[[],{"loose":true}],[[],null],[[],null],[[],null],[[],null],[[],null],[[],null],[[],{"loose":true}],[[],null],[[],null],[[],null],[[],null],[[],null],[[],null],[[],null]],"ignore":[],"code":true,"metadata":true,"ast":true,"comments":true,"compact":false,"minified":false,"sourceMap":true,"sourceMaps":true,"sourceMapTarget":"packages/practicalmeteor:mocha/meteor/src/setup/index.js.map","sourceFileName":"packages/practicalmeteor:mocha/meteor/src/setup/index.js","babelrc":false,"sourceType":"module","moduleIds":false,"passPerPreset":false,"parserOpts":false,"generatorOpts":false,"basename":"index"},"ignored":false,"code":"var mochaInstance = void 0;\nmodule.watch(require(\"meteor/practicalmeteor:mocha-core\"), {\n  mochaInstance: function (v) {\n    mochaInstance = v;\n  }\n}, 0);\nvar setupMochaClient = void 0;\nmodule.watch(require(\"./setupMochaClient\"), {\n  \"default\": function (v) {\n    setupMochaClient = v;\n  }\n}, 1);\n\nif (Meteor.isClient) {\n  setupMochaClient();\n}\n\nif (Meteor.isServer) {\n  global.mocha = mochaInstance;\n}","map":{"version":3,"sources":["packages/practicalmeteor:mocha/meteor/src/setup/index.js"],"names":["mochaInstance","module","watch","require","v","setupMochaClient","Meteor","isClient","isServer","global","mocha"],"mappings":"AAAA,IAAIA,sBAAJ;AAAkBC,OAAOC,KAAP,CAAaC,QAAQ,mCAAR,CAAb,EAA0D;AAACH,eAAD,YAAeI,CAAf,EAAiB;AAACJ,oBAAcI,CAAd;AAAgB;AAAlC,CAA1D,EAA8F,CAA9F;AAAiG,IAAIC,yBAAJ;AAAqBJ,OAAOC,KAAP,CAAaC,QAAQ,oBAAR,CAAb,EAA2C;AAAA,uBAASC,CAAT,EAAW;AAACC,uBAAiBD,CAAjB;AAAmB;AAA/B,CAA3C,EAA4E,CAA5E;;AAGxI,IAAGE,OAAOC,QAAV,EAAmB;AACjBF;AACD;;AACD,IAAIC,OAAOE,QAAX,EAAoB;AAClBC,SAAOC,KAAP,GAAeV,aAAf;AACD","file":"packages/practicalmeteor:mocha/meteor/src/setup/index.js.map","sourcesContent":["import { mochaInstance } from \"meteor/practicalmeteor:mocha-core\"\nimport setupMochaClient from \"./setupMochaClient\"\n\nif(Meteor.isClient){\n  setupMochaClient()\n}\nif (Meteor.isServer){\n  global.mocha = mochaInstance;\n}"]},"hash":"11dc07e2c7091be8fe2eff440e9afdbc712d7c26"}
