{"metadata":{"usedHelpers":[],"marked":[],"modules":{"imports":[],"exports":{"exported":[],"specifiers":[]}}},"options":{"filename":"packages/practicalmeteor:mocha/test/integration/fixtures/retries/hooks.js","filenameRelative":"packages/practicalmeteor:mocha/test/integration/fixtures/retries/hooks.js","env":{"development":{"plugins":[]}},"retainLines":false,"highlightCode":true,"suppressDeprecationMessages":false,"presets":[],"plugins":[[[],{"generateLetDeclarations":true,"enforceStrictMode":false}],[[],null],[[],{"polyfill":false}],[[],null],[[],null],[[],null],[[],{"allowTopLevelThis":true,"strict":false,"loose":true}],[[],null],[[],null],[[],null],[[],null],[[],null],[[],null],[[],null],[[],null],[[],null],[[],null],[[],null],[[],null],[[],{"loose":true}],[[],{"loose":true}],[[],null],[[],{"loose":true}],[[],null],[[],null],[[],null],[[],null],[[],null],[[],null],[[],{"loose":true}],[[],null],[[],null],[[],null],[[],null],[[],null],[[],null],[[],null]],"ignore":[],"code":true,"metadata":true,"ast":true,"comments":true,"compact":false,"minified":false,"sourceMap":true,"sourceMaps":true,"sourceMapTarget":"packages/practicalmeteor:mocha/test/integration/fixtures/retries/hooks.js.map","sourceFileName":"packages/practicalmeteor:mocha/test/integration/fixtures/retries/hooks.js","babelrc":false,"sourceType":"module","moduleIds":false,"passPerPreset":false,"parserOpts":false,"generatorOpts":false,"basename":"hooks"},"ignored":false,"code":"describe('retries', function () {\n  var times = 0;\n  before(function () {\n    console.log('before');\n  });\n  after(function () {\n    console.log('after');\n  });\n  beforeEach(function () {\n    console.log('before each', times);\n  });\n  afterEach(function () {\n    console.log('after each', times);\n  });\n  it('should allow override and run appropriate hooks', function () {\n    this.retries(4);\n    console.log('TEST', times);\n    times++;\n    throw new Error('retry error');\n  });\n});","map":{"version":3,"sources":["packages/practicalmeteor:mocha/test/integration/fixtures/retries/hooks.js"],"names":["describe","times","before","console","log","after","beforeEach","afterEach","it","retries","Error"],"mappings":"AAAAA,SAAS,SAAT,EAAoB,YAAW;AAC7B,MAAIC,QAAQ,CAAZ;AACAC,SAAO,YAAY;AACjBC,YAAQC,GAAR,CAAY,QAAZ;AACD,GAFD;AAIAC,QAAM,YAAY;AAChBF,YAAQC,GAAR,CAAY,OAAZ;AACD,GAFD;AAIAE,aAAW,YAAW;AACpBH,YAAQC,GAAR,CAAY,aAAZ,EAA2BH,KAA3B;AACD,GAFD;AAIAM,YAAU,YAAY;AACpBJ,YAAQC,GAAR,CAAY,YAAZ,EAA0BH,KAA1B;AACD,GAFD;AAIAO,KAAG,iDAAH,EAAsD,YAAU;AAC9D,SAAKC,OAAL,CAAa,CAAb;AACAN,YAAQC,GAAR,CAAY,MAAZ,EAAoBH,KAApB;AACAA;AACA,UAAM,IAAIS,KAAJ,CAAU,aAAV,CAAN;AACD,GALD;AAMD,CAxBD","file":"packages/practicalmeteor:mocha/test/integration/fixtures/retries/hooks.js.map","sourcesContent":["describe('retries', function() {\n  var times = 0;\n  before(function () {\n    console.log('before');\n  });\n\n  after(function () {\n    console.log('after');\n  });\n\n  beforeEach(function() {\n    console.log('before each', times);\n  });\n\n  afterEach(function () {\n    console.log('after each', times);\n  });\n\n  it('should allow override and run appropriate hooks', function(){\n    this.retries(4);\n    console.log('TEST', times);\n    times++;\n    throw new Error('retry error');\n  });\n});\n"]},"hash":"123f4effec207b9c07dfb3cf8d68491234e22bb3"}
