{"metadata":{"usedHelpers":["inherits","possibleConstructorReturn","classCallCheck","interopRequireDefault"],"marked":[],"modules":{"imports":[{"source":"react","imported":["default"],"specifiers":[{"kind":"named","imported":"default","local":"React"}]},{"source":"react-router-dom","imported":["Link"],"specifiers":[{"kind":"named","imported":"Link","local":"Link"}]},{"source":"meteor/accounts-base","imported":["Accounts"],"specifiers":[{"kind":"named","imported":"Accounts","local":"Accounts"}]},{"source":"prop-types","imported":["default"],"specifiers":[{"kind":"named","imported":"default","local":"propTypes"}]},{"source":"meteor/react-meteor-data","imported":["createContainer"],"specifiers":[{"kind":"named","imported":"createContainer","local":"createContainer"}]}],"exports":{"exported":["Signup"],"specifiers":[{"kind":"local","local":"Signup","exported":"Signup"}]}}},"options":{"filename":"imports/ui/Signup.js","filenameRelative":"imports/ui/Signup.js","env":{"development":{"plugins":[]}},"retainLines":false,"highlightCode":true,"suppressDeprecationMessages":false,"presets":[],"plugins":[[[],{"generateLetDeclarations":true,"enforceStrictMode":false}],[[],null],[[],{"polyfill":false}],[[],null],[[],null],[[],null],[[],{"allowTopLevelThis":true,"strict":false,"loose":true}],[[],null],[[],null],[[],null],[[],null],[[],null],[[],null],[[],null],[[],null],[[],null],[[],null],[[],null],[[],null],[[],{"loose":true}],[[],{"loose":true}],[[],null],[[],{"loose":true}],[[],null],[[],null],[[],null],[[],null],[[],null],[[],null],[[],{"loose":true}],[[],null],[[],null],[[],null],[[],null],[[],null],[[],null],[[],null]],"ignore":[],"code":true,"metadata":true,"ast":true,"comments":true,"compact":false,"minified":false,"sourceMap":true,"sourceMaps":true,"sourceMapTarget":"imports/ui/Signup.js.map","sourceFileName":"imports/ui/Signup.js","babelrc":false,"sourceType":"module","moduleIds":false,"passPerPreset":false,"parserOpts":false,"generatorOpts":false,"basename":"Signup"},"ignored":false,"code":"var _classCallCheck2 = require(\"babel-runtime/helpers/classCallCheck\");\n\nvar _classCallCheck3 = _interopRequireDefault(_classCallCheck2);\n\nvar _possibleConstructorReturn2 = require(\"babel-runtime/helpers/possibleConstructorReturn\");\n\nvar _possibleConstructorReturn3 = _interopRequireDefault(_possibleConstructorReturn2);\n\nvar _inherits2 = require(\"babel-runtime/helpers/inherits\");\n\nvar _inherits3 = _interopRequireDefault(_inherits2);\n\nfunction _interopRequireDefault(obj) { return obj && obj.__esModule ? obj : { \"default\": obj }; }\n\nmodule.export({\n  Signup: function () {\n    return Signup;\n  }\n});\nvar React = void 0;\nmodule.watch(require(\"react\"), {\n  \"default\": function (v) {\n    React = v;\n  }\n}, 0);\nvar Link = void 0;\nmodule.watch(require(\"react-router-dom\"), {\n  Link: function (v) {\n    Link = v;\n  }\n}, 1);\nvar Accounts = void 0;\nmodule.watch(require(\"meteor/accounts-base\"), {\n  Accounts: function (v) {\n    Accounts = v;\n  }\n}, 2);\nvar propTypes = void 0;\nmodule.watch(require(\"prop-types\"), {\n  \"default\": function (v) {\n    propTypes = v;\n  }\n}, 3);\nvar createContainer = void 0;\nmodule.watch(require(\"meteor/react-meteor-data\"), {\n  createContainer: function (v) {\n    createContainer = v;\n  }\n}, 4);\n\nvar Signup = function (_React$Component) {\n  (0, _inherits3.default)(Signup, _React$Component);\n\n  function Signup(props) {\n    (0, _classCallCheck3.default)(this, Signup);\n\n    var _this = (0, _possibleConstructorReturn3.default)(this, _React$Component.call(this, props));\n\n    _this.state = {\n      error: ''\n    };\n    return _this;\n  }\n\n  Signup.prototype.onSubmit = function () {\n    function onSubmit(e) {\n      var _this2 = this;\n\n      e.preventDefault();\n      var email = this.refs.email.value.trim();\n      var password = this.refs.password.value.trim();\n\n      if (password.length < 9) {\n        return this.setState({\n          error: 'Password must be more then 8 characters long'\n        });\n      }\n\n      this.props.createUser({\n        email: email,\n        password: password\n      }, function (err) {\n        if (err) {\n          _this2.setState({\n            error: err.reason\n          });\n        } else {\n          _this2.setState({\n            error: ''\n          });\n\n          _this2.props.history.push('/dashboard');\n        }\n      });\n    }\n\n    return onSubmit;\n  }();\n\n  Signup.prototype.render = function () {\n    function render() {\n      return React.createElement(\n        \"div\",\n        {\n          className: \"boxed-view\"\n        },\n        React.createElement(\n          \"div\",\n          {\n            className: \"boxed-view__box\"\n          },\n          React.createElement(\n            \"h1\",\n            null,\n            \"Create an account\"\n          ),\n          this.state.error ? React.createElement(\n            \"p\",\n            null,\n            this.state.error\n          ) : undefined,\n          React.createElement(\n            \"form\",\n            {\n              onSubmit: this.onSubmit.bind(this),\n              noValidate: true,\n              className: \"boxed-view__form\"\n            },\n            React.createElement(\"input\", {\n              type: \"email\",\n              ref: \"email\",\n              name: \"email\",\n              placeholder: \"example@example.com\"\n            }),\n            React.createElement(\"input\", {\n              type: \"password\",\n              ref: \"password\",\n              name: \"password\",\n              placeholder: \"password\"\n            }),\n            React.createElement(\n              \"button\",\n              {\n                className: \"button\"\n              },\n              \"Create Account\"\n            )\n          ),\n          React.createElement(\n            Link,\n            {\n              to: \"/\"\n            },\n            \"Already have an account?\"\n          )\n        )\n      );\n    }\n\n    return render;\n  }();\n\n  return Signup;\n}(React.Component);\n\nSignup.propTypes = {\n  createUser: propTypes.func.isRequired\n};\nmodule.exportDefault(createContainer(function () {\n  return {\n    createUser: Accounts.createUser\n  };\n}, Signup));","map":{"version":3,"sources":["imports/ui/Signup.js"],"names":["module","export","Signup","React","watch","require","v","Link","Accounts","propTypes","createContainer","props","state","error","onSubmit","e","preventDefault","email","refs","value","trim","password","length","setState","createUser","err","reason","history","push","render","undefined","bind","Component","func","isRequired","exportDefault"],"mappings":";;;;;;;;;;;;;;AAAAA,OAAOC,MAAP,CAAc;AAACC,UAAO;AAAA,WAAIA,MAAJ;AAAA;AAAR,CAAd;AAAmC,IAAIC,cAAJ;AAAUH,OAAOI,KAAP,CAAaC,QAAQ,OAAR,CAAb,EAA8B;AAAA,uBAASC,CAAT,EAAW;AAACH,YAAMG,CAAN;AAAQ;AAApB,CAA9B,EAAoD,CAApD;AAAuD,IAAIC,aAAJ;AAASP,OAAOI,KAAP,CAAaC,QAAQ,kBAAR,CAAb,EAAyC;AAACE,MAAD,YAAMD,CAAN,EAAQ;AAACC,WAAKD,CAAL;AAAO;AAAhB,CAAzC,EAA2D,CAA3D;AAA8D,IAAIE,iBAAJ;AAAaR,OAAOI,KAAP,CAAaC,QAAQ,sBAAR,CAAb,EAA6C;AAACG,UAAD,YAAUF,CAAV,EAAY;AAACE,eAASF,CAAT;AAAW;AAAxB,CAA7C,EAAuE,CAAvE;AAA0E,IAAIG,kBAAJ;AAAcT,OAAOI,KAAP,CAAaC,QAAQ,YAAR,CAAb,EAAmC;AAAA,uBAASC,CAAT,EAAW;AAACG,gBAAUH,CAAV;AAAY;AAAxB,CAAnC,EAA6D,CAA7D;AAAgE,IAAII,wBAAJ;AAAoBV,OAAOI,KAAP,CAAaC,QAAQ,0BAAR,CAAb,EAAiD;AAACK,iBAAD,YAAiBJ,CAAjB,EAAmB;AAACI,sBAAgBJ,CAAhB;AAAkB;AAAtC,CAAjD,EAAyF,CAAzF;;IAOvVJ,M;;;AACX,kBAAYS,KAAZ,EAAmB;AAAA;;AAAA,+DACjB,4BAAMA,KAAN,CADiB;;AAEjB,UAAKC,KAAL,GAAa;AACXC,aAAO;AADI,KAAb;AAFiB;AAKlB;;mBACDC,Q;sBAASC,C,EAAG;AAAA;;AACVA,QAAEC,cAAF;AAEA,UAAIC,QAAQ,KAAKC,IAAL,CAAUD,KAAV,CAAgBE,KAAhB,CAAsBC,IAAtB,EAAZ;AACA,UAAIC,WAAW,KAAKH,IAAL,CAAUG,QAAV,CAAmBF,KAAnB,CAAyBC,IAAzB,EAAf;;AAEA,UAAIC,SAASC,MAAT,GAAkB,CAAtB,EAAyB;AACvB,eAAO,KAAKC,QAAL,CAAc;AAACV,iBAAO;AAAR,SAAd,CAAP;AACD;;AAED,WAAKF,KAAL,CAAWa,UAAX,CAAsB;AAACP,oBAAD;AAAQI;AAAR,OAAtB,EAAyC,UAACI,GAAD,EAAS;AAChD,YAAIA,GAAJ,EAAS;AACP,iBAAKF,QAAL,CAAc;AAACV,mBAAOY,IAAIC;AAAZ,WAAd;AACD,SAFD,MAEO;AACL,iBAAKH,QAAL,CAAc;AAACV,mBAAO;AAAR,WAAd;;AACA,iBAAKF,KAAL,CAAWgB,OAAX,CAAmBC,IAAnB,CAAwB,YAAxB;AACD;AACF,OAPD;AAQD;;;;;mBACDC,M;sBAAS;AACP,aACE;AAAA;AAAA;AAAK,qBAAU;AAAf;AACE;AAAA;AAAA;AAAK,uBAAU;AAAf;AACE;AAAA;AAAA;AAAA;AAAA,WADF;AAGG,eAAKjB,KAAL,CAAWC,KAAX,GAAmB;AAAA;AAAA;AAAI,iBAAKD,KAAL,CAAWC;AAAf,WAAnB,GAA+CiB,SAHlD;AAKE;AAAA;AAAA;AAAM,wBAAU,KAAKhB,QAAL,CAAciB,IAAd,CAAmB,IAAnB,CAAhB;AAA0C,8BAA1C;AAAqD,yBAAU;AAA/D;AACE;AAAO,oBAAK,OAAZ;AAAoB,mBAAI,OAAxB;AAAgC,oBAAK,OAArC;AAA6C,2BAAY;AAAzD,cADF;AAEE;AAAO,oBAAK,UAAZ;AAAuB,mBAAI,UAA3B;AAAsC,oBAAK,UAA3C;AAAsD,2BAAY;AAAlE,cAFF;AAGE;AAAA;AAAA;AAAQ,2BAAU;AAAlB;AAAA;AAAA;AAHF,WALF;AAWE;AAAC,gBAAD;AAAA;AAAM,kBAAG;AAAT;AAAA;AAAA;AAXF;AADF,OADF;AAiBD;;;;;;EA5CyB5B,MAAM6B,S;;AA+ClC9B,OAAOO,SAAP,GAAmB;AACjBe,cAAYf,UAAUwB,IAAV,CAAeC;AADV,CAAnB;AAtDAlC,OAAOmC,aAAP,CA0DezB,gBAAgB,YAAM;AACnC,SAAO;AACLc,gBAAYhB,SAASgB;AADhB,GAAP;AAGD,CAJc,EAIZtB,MAJY,CA1Df","file":"imports/ui/Signup.js.map","sourcesContent":["import React from 'react';\nimport { Link } from 'react-router-dom';\nimport { Accounts } from 'meteor/accounts-base';\nimport propTypes from 'prop-types';\n\nimport { createContainer } from 'meteor/react-meteor-data';\n\nexport class Signup extends React.Component {\n  constructor(props) {\n    super(props);\n    this.state = {\n      error: ''\n    };\n  }\n  onSubmit(e) {\n    e.preventDefault();\n\n    let email = this.refs.email.value.trim();\n    let password = this.refs.password.value.trim();\n\n    if (password.length < 9) {\n      return this.setState({error: 'Password must be more then 8 characters long'});\n    }\n\n    this.props.createUser({email, password}, (err) => {\n      if (err) {\n        this.setState({error: err.reason});\n      } else {\n        this.setState({error: ''});\n        this.props.history.push('/dashboard');\n      }\n    });\n  }\n  render() {\n    return (\n      <div className=\"boxed-view\">\n        <div className=\"boxed-view__box\">\n          <h1>Create an account</h1>\n\n          {this.state.error ? <p>{this.state.error}</p> : undefined}\n\n          <form onSubmit={this.onSubmit.bind(this)} noValidate className=\"boxed-view__form\">\n            <input type=\"email\" ref=\"email\" name=\"email\" placeholder=\"example@example.com\"/>\n            <input type=\"password\" ref=\"password\" name=\"password\" placeholder=\"password\"/>\n            <button className=\"button\">Create Account</button>\n          </form>\n\n          <Link to=\"/\">Already have an account?</Link>\n        </div>\n      </div>\n    );\n  }\n}\n\nSignup.propTypes = {\n  createUser: propTypes.func.isRequired\n}\n\nexport default createContainer(() => {\n  return {\n    createUser: Accounts.createUser\n  };\n}, Signup);\n"]},"hash":"12fd6b0a1eea693f9f10a0a8756e805eba991a06"}
