{"metadata":{"usedHelpers":[],"marked":[],"modules":{"imports":[],"exports":{"exported":[],"specifiers":[]}}},"options":{"filename":"packages/practicalmeteor:mocha/test/integration/fixtures/multiple.done.beforeEach.js","filenameRelative":"packages/practicalmeteor:mocha/test/integration/fixtures/multiple.done.beforeEach.js","env":{"development":{"plugins":[]}},"retainLines":false,"highlightCode":true,"suppressDeprecationMessages":false,"presets":[],"plugins":[[[],{"generateLetDeclarations":true,"enforceStrictMode":false}],[[],null],[[],{"polyfill":false}],[[],null],[[],null],[[],null],[[],{"allowTopLevelThis":true,"strict":false,"loose":true}],[[],null],[[],null],[[],null],[[],null],[[],null],[[],null],[[],null],[[],null],[[],null],[[],null],[[],null],[[],null],[[],{"loose":true}],[[],{"loose":true}],[[],null],[[],{"loose":true}],[[],null],[[],null],[[],null],[[],null],[[],null],[[],null],[[],{"loose":true}],[[],null],[[],null],[[],null],[[],null],[[],null],[[],null],[[],null]],"ignore":[],"code":true,"metadata":true,"ast":true,"comments":true,"compact":false,"minified":false,"sourceMap":true,"sourceMaps":true,"sourceMapTarget":"packages/practicalmeteor:mocha/test/integration/fixtures/multiple.done.beforeEach.js.map","sourceFileName":"packages/practicalmeteor:mocha/test/integration/fixtures/multiple.done.beforeEach.js","babelrc":false,"sourceType":"module","moduleIds":false,"passPerPreset":false,"parserOpts":false,"generatorOpts":false,"basename":"multiple.done.beforeEach"},"ignored":false,"code":"describe('suite', function () {\n  beforeEach(function (done) {\n    setTimeout(done, 10);\n    setTimeout(done, 20);\n  });\n  it('test1', function (done) {\n    setTimeout(done, 50);\n  });\n  it('test2', function (done) {\n    setTimeout(done, 50);\n  });\n});","map":{"version":3,"sources":["packages/practicalmeteor:mocha/test/integration/fixtures/multiple.done.beforeEach.js"],"names":["describe","beforeEach","done","setTimeout","it"],"mappings":"AAAAA,SAAS,OAAT,EAAkB,YAAW;AAC3BC,aAAW,UAASC,IAAT,EAAe;AACxBC,eAAWD,IAAX,EAAiB,EAAjB;AACAC,eAAWD,IAAX,EAAiB,EAAjB;AACD,GAHD;AAKAE,KAAG,OAAH,EAAY,UAASF,IAAT,EAAe;AACzBC,eAAWD,IAAX,EAAiB,EAAjB;AACD,GAFD;AAIAE,KAAG,OAAH,EAAY,UAASF,IAAT,EAAe;AACzBC,eAAWD,IAAX,EAAiB,EAAjB;AACD,GAFD;AAGD,CAbD","file":"packages/practicalmeteor:mocha/test/integration/fixtures/multiple.done.beforeEach.js.map","sourcesContent":["describe('suite', function() {\n  beforeEach(function(done) {\n    setTimeout(done, 10);\n    setTimeout(done, 20);\n  });\n\n  it('test1', function(done) {\n    setTimeout(done, 50);\n  });\n\n  it('test2', function(done) {\n    setTimeout(done, 50);\n  });\n});\n"]},"hash":"151e7c5e9b52d509fdb87ec3ebfcf3548c223f28"}
