{"metadata":{"usedHelpers":[],"marked":[],"modules":{"imports":[],"exports":{"exported":[],"specifiers":[]}}},"options":{"filename":"packages/practicalmeteor:mocha/test/integration/fixtures/hooks/afterEach.hook.async.error.js","filenameRelative":"packages/practicalmeteor:mocha/test/integration/fixtures/hooks/afterEach.hook.async.error.js","env":{"development":{"plugins":[]}},"retainLines":false,"highlightCode":true,"suppressDeprecationMessages":false,"presets":[],"plugins":[[[],{"generateLetDeclarations":true,"enforceStrictMode":false}],[[],null],[[],{"polyfill":false}],[[],null],[[],null],[[],null],[[],{"allowTopLevelThis":true,"strict":false,"loose":true}],[[],null],[[],null],[[],null],[[],null],[[],null],[[],null],[[],null],[[],null],[[],null],[[],null],[[],null],[[],null],[[],{"loose":true}],[[],{"loose":true}],[[],null],[[],{"loose":true}],[[],null],[[],null],[[],null],[[],null],[[],null],[[],null],[[],{"loose":true}],[[],null],[[],null],[[],null],[[],null],[[],null],[[],null],[[],null]],"ignore":[],"code":true,"metadata":true,"ast":true,"comments":true,"compact":false,"minified":false,"sourceMap":true,"sourceMaps":true,"sourceMapTarget":"packages/practicalmeteor:mocha/test/integration/fixtures/hooks/afterEach.hook.async.error.js.map","sourceFileName":"packages/practicalmeteor:mocha/test/integration/fixtures/hooks/afterEach.hook.async.error.js","babelrc":false,"sourceType":"module","moduleIds":false,"passPerPreset":false,"parserOpts":false,"generatorOpts":false,"basename":"afterEach.hook.async.error"},"ignored":false,"code":"describe('spec 1', function () {\n  afterEach(function (done) {\n    console.log('after');\n    process.nextTick(function () {\n      throw new Error('after each hook error');\n    });\n  });\n  it('should be called because error is in after each hook', function () {\n    console.log('test 1');\n  });\n  it('should not be called', function () {\n    console.log('test 2');\n  });\n});\ndescribe('spec 2', function () {\n  it('should be called, because hook error was in a sibling suite', function () {\n    console.log('test 3');\n  });\n});","map":{"version":3,"sources":["packages/practicalmeteor:mocha/test/integration/fixtures/hooks/afterEach.hook.async.error.js"],"names":["describe","afterEach","done","console","log","process","nextTick","Error","it"],"mappings":"AAAAA,SAAS,QAAT,EAAmB,YAAY;AAC7BC,YAAU,UAAUC,IAAV,EAAgB;AACxBC,YAAQC,GAAR,CAAY,OAAZ;AACAC,YAAQC,QAAR,CAAiB,YAAY;AAC3B,YAAM,IAAIC,KAAJ,CAAU,uBAAV,CAAN;AACD,KAFD;AAGD,GALD;AAMAC,KAAG,sDAAH,EAA2D,YAAY;AACrEL,YAAQC,GAAR,CAAY,QAAZ;AACD,GAFD;AAGAI,KAAG,sBAAH,EAA2B,YAAY;AACrCL,YAAQC,GAAR,CAAY,QAAZ;AACD,GAFD;AAGD,CAbD;AAcAJ,SAAS,QAAT,EAAmB,YAAY;AAC7BQ,KAAG,6DAAH,EAAkE,YAAY;AAC5EL,YAAQC,GAAR,CAAY,QAAZ;AACD,GAFD;AAGD,CAJD","file":"packages/practicalmeteor:mocha/test/integration/fixtures/hooks/afterEach.hook.async.error.js.map","sourcesContent":["describe('spec 1', function () {\n  afterEach(function (done) {\n    console.log('after');\n    process.nextTick(function () {\n      throw new Error('after each hook error');\n    });\n  });\n  it('should be called because error is in after each hook', function () {\n    console.log('test 1');\n  });\n  it('should not be called', function () {\n    console.log('test 2');\n  });\n});\ndescribe('spec 2', function () {\n  it('should be called, because hook error was in a sibling suite', function () {\n    console.log('test 3');\n  });\n});\n"]},"hash":"16560fee1ff427467df84e79573fb7d0188ab3b4"}
