{"metadata":{"usedHelpers":[],"marked":[],"modules":{"imports":[{"source":"react","imported":["default"],"specifiers":[{"kind":"named","imported":"default","local":"React"}]},{"source":"meteor/react-meteor-data","imported":["createContainer"],"specifiers":[{"kind":"named","imported":"createContainer","local":"createContainer"}]}],"exports":{"exported":["NoteList"],"specifiers":[{"kind":"local","local":"NoteList","exported":"NoteList"}]}}},"options":{"filename":"imports/ui/NoteList.js","filenameRelative":"imports/ui/NoteList.js","env":{"development":{"plugins":[]}},"retainLines":false,"highlightCode":true,"suppressDeprecationMessages":false,"presets":[],"plugins":[[[],{"generateLetDeclarations":true,"enforceStrictMode":false}],[[],null],[[],{"polyfill":false}],[[],null],[[],null],[[],null],[[],{"allowTopLevelThis":true,"strict":false,"loose":true}],[[],null],[[],null],[[],null],[[],null],[[],null],[[],null],[[],null],[[],null],[[],null],[[],null],[[],null],[[],null],[[],{"loose":true}],[[],{"loose":true}],[[],null],[[],{"loose":true}],[[],null],[[],null],[[],null],[[],null],[[],null],[[],null],[[],{"loose":true}],[[],null],[[],null],[[],null],[[],null],[[],null],[[],null],[[],null]],"ignore":[],"code":true,"metadata":true,"ast":true,"comments":true,"compact":false,"minified":false,"sourceMap":true,"sourceMaps":true,"sourceMapTarget":"imports/ui/NoteList.js.map","sourceFileName":"imports/ui/NoteList.js","babelrc":false,"sourceType":"module","moduleIds":false,"passPerPreset":false,"parserOpts":false,"generatorOpts":false,"basename":"NoteList"},"ignored":false,"code":"module.export({\n  NoteList: function () {\n    return NoteList;\n  }\n});\nvar React = void 0;\nmodule.watch(require(\"react\"), {\n  \"default\": function (v) {\n    React = v;\n  }\n}, 0);\nvar createContainer = void 0;\nmodule.watch(require(\"meteor/react-meteor-data\"), {\n  createContainer: function (v) {\n    createContainer = v;\n  }\n}, 1);\n\nvar NoteList = function (props) {};","map":{"version":3,"sources":["imports/ui/NoteList.js"],"names":["module","export","NoteList","React","watch","require","v","createContainer","props"],"mappings":"AAAAA,OAAOC,MAAP,CAAc;AAACC,YAAS;AAAA,WAAIA,QAAJ;AAAA;AAAV,CAAd;AAAuC,IAAIC,cAAJ;AAAUH,OAAOI,KAAP,CAAaC,QAAQ,OAAR,CAAb,EAA8B;AAAA,uBAASC,CAAT,EAAW;AAACH,YAAMG,CAAN;AAAQ;AAApB,CAA9B,EAAoD,CAApD;AAAuD,IAAIC,wBAAJ;AAAoBP,OAAOI,KAAP,CAAaC,QAAQ,0BAAR,CAAb,EAAiD;AAACE,iBAAD,YAAiBD,CAAjB,EAAmB;AAACC,sBAAgBD,CAAhB;AAAkB;AAAtC,CAAjD,EAAyF,CAAzF;;AAGrH,IAAMJ,WAAW,UAACM,KAAD,EAAW,CAElC,CAFM","file":"imports/ui/NoteList.js.map","sourcesContent":["import React from 'react';\nimport { createContainer } from 'meteor/react-meteor-data';\n\nexport const NoteList = (props) => {\n  \n};\n"]},"hash":"166b3741752ff0b000b68e81370a3f45d590a87e"}
