{"metadata":{"usedHelpers":[],"marked":[],"modules":{"imports":[{"source":"meteor/modules","imported":["meteorInstall"],"specifiers":[{"kind":"named","imported":"meteorInstall","local":"meteorInstall"}]}],"exports":{"exported":[],"specifiers":[]}}},"options":{"filename":"packages/practicalmeteor:mocha/meteor/src/setup/setupMochaClient.js","filenameRelative":"packages/practicalmeteor:mocha/meteor/src/setup/setupMochaClient.js","env":{"development":{"plugins":[]}},"retainLines":false,"highlightCode":true,"suppressDeprecationMessages":false,"presets":[],"plugins":[[[],{"generateLetDeclarations":true,"enforceStrictMode":false}],[[],null],[[],{"polyfill":false}],[[],null],[[],null],[[],null],[[],{"allowTopLevelThis":true,"strict":false,"loose":true}],[[],null],[[],null],[[],null],[[],null],[[],null],[[],null],[[],null],[[],null],[[],null],[[],null],[[],null],[[],null],[[],{"loose":true}],[[],{"loose":true}],[[],null],[[],{"loose":true}],[[],null],[[],null],[[],null],[[],null],[[],null],[[],null],[[],{"loose":true}],[[],null],[[],null],[[],null],[[],null],[[],null],[[],null],[[],null]],"ignore":[],"code":true,"metadata":true,"ast":true,"comments":true,"compact":false,"minified":false,"sourceMap":true,"sourceMaps":true,"sourceMapTarget":"packages/practicalmeteor:mocha/meteor/src/setup/setupMochaClient.js.map","sourceFileName":"packages/practicalmeteor:mocha/meteor/src/setup/setupMochaClient.js","babelrc":false,"sourceType":"module","moduleIds":false,"passPerPreset":false,"parserOpts":false,"generatorOpts":false,"basename":"setupMochaClient"},"ignored":false,"code":"var module1 = module;\nvar meteorInstall = void 0;\nmodule1.watch(require(\"meteor/modules\"), {\n  meteorInstall: function (v) {\n    meteorInstall = v;\n  }\n}, 0);\nmodule1.exportDefault(function () {\n  process.browser = true;\n\n  require(\"meteor-node-stubs\");\n\n  meteorInstall({\n    node_modules: {\n      \"tty.js\": function (r, e, module) {\n        module.exports = {\n          isatty: function () {\n            return false;\n          }\n        };\n      }\n    }\n  });\n  meteorInstall({\n    node_modules: {\n      \"constants.js\": function (r, e, module) {\n        module.exports = {\n          test: {\n            'test': 'test'\n          }\n        };\n      }\n    }\n  });\n});","map":{"version":3,"sources":["packages/practicalmeteor:mocha/meteor/src/setup/setupMochaClient.js"],"names":["module1","module","meteorInstall","watch","require","v","exportDefault","process","browser","node_modules","r","e","exports","isatty","test"],"mappings":"AAAA,IAAMA,UAAQC,MAAd;AAAqB,IAAIC,sBAAJ;AAAkBF,QAAQG,KAAR,CAAcC,QAAQ,gBAAR,CAAd,EAAwC;AAACF,eAAD,YAAeG,CAAf,EAAiB;AAACH,oBAAcG,CAAd;AAAgB;AAAlC,CAAxC,EAA4E,CAA5E;AAAvCL,QAAQM,aAAR,CAMe,YAAI;AAEjBC,UAAQC,OAAR,GAAkB,IAAlB;;AAEAJ,UAAQ,mBAAR;;AAEAF,gBAAc;AACZO,kBAAc;AACZ,gBAAU,UAAUC,CAAV,EAAaC,CAAb,EAAgBV,MAAhB,EAAwB;AAChCA,eAAOW,OAAP,GAAiB;AAAEC,kBAAQ,YAAI;AAAE,mBAAO,KAAP;AAAa;AAA7B,SAAjB;AACD;AAHW;AADF,GAAd;AAQAX,gBAAc;AACZO,kBAAc;AACZ,sBAAgB,UAAUC,CAAV,EAAaC,CAAb,EAAgBV,MAAhB,EAAwB;AACtCA,eAAOW,OAAP,GAAiB;AACfE,gBAAM;AAAC,oBAAO;AAAR;AADS,SAAjB;AAGD;AALW;AADF,GAAd;AAWD,CA/BD","file":"packages/practicalmeteor:mocha/meteor/src/setup/setupMochaClient.js.map","sourcesContent":["import {meteorInstall} from \"meteor/modules\"\n\n// Here we are creating stubs packages to be availabe on the client side.\n// This must be called before require('mocha')\n// See an example from https://goo.gl/us9YVR\n\nexport default ()=>{\n\n  process.browser = true;\n  \n  require(\"meteor-node-stubs\");\n\n  meteorInstall({\n    node_modules: {\n      \"tty.js\": function (r, e, module) {\n        module.exports = { isatty: ()=>{ return false}}\n      }\n    }\n  });\n\n  meteorInstall({\n    node_modules: {\n      \"constants.js\": function (r, e, module) {\n        module.exports = {\n          test: {'test':'test'}\n        }\n      }\n    }\n  });\n\n\n}\n"]},"hash":"174b5ab44607d3cc62be958c434d2fff9c1362f5"}
