{"metadata":{"usedHelpers":["inherits","possibleConstructorReturn","classCallCheck","interopRequireDefault"],"marked":[],"modules":{"imports":[{"source":"react","imported":["default"],"specifiers":[{"kind":"named","imported":"default","local":"React"}]},{"source":"react-router-dom","imported":["Link"],"specifiers":[{"kind":"named","imported":"Link","local":"Link"}]},{"source":"meteor/meteor","imported":["Meteor"],"specifiers":[{"kind":"named","imported":"Meteor","local":"Meteor"}]}],"exports":{"exported":["Login"],"specifiers":[{"kind":"local","local":"Login","exported":"default"}]}}},"options":{"filename":"imports/ui/Login.js","filenameRelative":"imports/ui/Login.js","env":{"development":{"plugins":[]}},"retainLines":false,"highlightCode":true,"suppressDeprecationMessages":false,"presets":[],"plugins":[[[],{"generateLetDeclarations":true,"enforceStrictMode":false}],[[],null],[[],{"polyfill":false}],[[],null],[[],null],[[],null],[[],{"allowTopLevelThis":true,"strict":false,"loose":true}],[[],null],[[],null],[[],null],[[],null],[[],null],[[],null],[[],null],[[],null],[[],null],[[],null],[[],null],[[],null],[[],{"loose":true}],[[],{"loose":true}],[[],null],[[],{"loose":true}],[[],null],[[],null],[[],null],[[],null],[[],null],[[],null],[[],{"loose":true}],[[],null],[[],null],[[],null],[[],null],[[],null],[[],null],[[],null]],"ignore":[],"code":true,"metadata":true,"ast":true,"comments":true,"compact":false,"minified":false,"sourceMap":true,"sourceMaps":true,"sourceMapTarget":"imports/ui/Login.js.map","sourceFileName":"imports/ui/Login.js","babelrc":false,"sourceType":"module","moduleIds":false,"passPerPreset":false,"parserOpts":false,"generatorOpts":false,"basename":"Login"},"ignored":false,"code":"var _classCallCheck2 = require(\"babel-runtime/helpers/classCallCheck\");\n\nvar _classCallCheck3 = _interopRequireDefault(_classCallCheck2);\n\nvar _possibleConstructorReturn2 = require(\"babel-runtime/helpers/possibleConstructorReturn\");\n\nvar _possibleConstructorReturn3 = _interopRequireDefault(_possibleConstructorReturn2);\n\nvar _inherits2 = require(\"babel-runtime/helpers/inherits\");\n\nvar _inherits3 = _interopRequireDefault(_inherits2);\n\nfunction _interopRequireDefault(obj) { return obj && obj.__esModule ? obj : { \"default\": obj }; }\n\nmodule.export({\n  \"default\": function () {\n    return Login;\n  }\n});\nvar React = void 0;\nmodule.watch(require(\"react\"), {\n  \"default\": function (v) {\n    React = v;\n  }\n}, 0);\nvar Link = void 0;\nmodule.watch(require(\"react-router-dom\"), {\n  Link: function (v) {\n    Link = v;\n  }\n}, 1);\nvar Meteor = void 0;\nmodule.watch(require(\"meteor/meteor\"), {\n  Meteor: function (v) {\n    Meteor = v;\n  }\n}, 2);\n\nvar Login = function (_React$Component) {\n  (0, _inherits3.default)(Login, _React$Component);\n\n  function Login(props) {\n    (0, _classCallCheck3.default)(this, Login);\n\n    var _this = (0, _possibleConstructorReturn3.default)(this, _React$Component.call(this, props));\n\n    _this.state = {\n      error: ''\n    };\n    return _this;\n  }\n\n  Login.prototype.onSubmit = function () {\n    function onSubmit(e) {\n      var _this2 = this;\n\n      e.preventDefault();\n      var email = this.refs.email.value.trim();\n      var password = this.refs.password.value.trim();\n      Meteor.loginWithPassword({\n        email: email\n      }, password, function (err) {\n        if (err) {\n          _this2.setState({\n            error: 'Unable to login.'\n          });\n        } else {\n          _this2.setState({\n            error: ''\n          });\n\n          _this2.props.history.push('/links');\n        }\n      });\n    }\n\n    return onSubmit;\n  }();\n\n  Login.prototype.render = function () {\n    function render() {\n      return React.createElement(\n        \"div\",\n        {\n          className: \"boxed-view\"\n        },\n        React.createElement(\n          \"div\",\n          {\n            className: \"boxed-view__box\"\n          },\n          React.createElement(\n            \"h1\",\n            null,\n            \"Login\"\n          ),\n          this.state.error ? React.createElement(\n            \"p\",\n            null,\n            this.state.error\n          ) : undefined,\n          React.createElement(\n            \"form\",\n            {\n              onSubmit: this.onSubmit.bind(this),\n              noValidate: true,\n              className: \"boxed-view__form\"\n            },\n            React.createElement(\"input\", {\n              type: \"email\",\n              ref: \"email\",\n              name: \"email\",\n              placeholder: \"example@example.com\"\n            }),\n            React.createElement(\"input\", {\n              type: \"password\",\n              ref: \"password\",\n              name: \"password\",\n              placeholder: \"password\"\n            }),\n            React.createElement(\n              \"button\",\n              {\n                className: \"button\"\n              },\n              \"Login\"\n            )\n          ),\n          React.createElement(\n            Link,\n            {\n              to: \"/signup\"\n            },\n            \"Have an account?\"\n          )\n        )\n      );\n    }\n\n    return render;\n  }();\n\n  return Login;\n}(React.Component);","map":{"version":3,"sources":["imports/ui/Login.js"],"names":["module","export","Login","React","watch","require","v","Link","Meteor","props","state","error","onSubmit","e","preventDefault","email","refs","value","trim","password","loginWithPassword","err","setState","history","push","render","undefined","bind","Component"],"mappings":";;;;;;;;;;;;;;AAAAA,OAAOC,MAAP,CAAc;AAAC,aAAQ;AAAA,WAAIC,KAAJ;AAAA;AAAT,CAAd;AAAmC,IAAIC,cAAJ;AAAUH,OAAOI,KAAP,CAAaC,QAAQ,OAAR,CAAb,EAA8B;AAAA,uBAASC,CAAT,EAAW;AAACH,YAAMG,CAAN;AAAQ;AAApB,CAA9B,EAAoD,CAApD;AAAuD,IAAIC,aAAJ;AAASP,OAAOI,KAAP,CAAaC,QAAQ,kBAAR,CAAb,EAAyC;AAACE,MAAD,YAAMD,CAAN,EAAQ;AAACC,WAAKD,CAAL;AAAO;AAAhB,CAAzC,EAA2D,CAA3D;AAA8D,IAAIE,eAAJ;AAAWR,OAAOI,KAAP,CAAaC,QAAQ,eAAR,CAAb,EAAsC;AAACG,QAAD,YAAQF,CAAR,EAAU;AAACE,aAAOF,CAAP;AAAS;AAApB,CAAtC,EAA4D,CAA5D;;IAIjKJ,K;;;AACnB,iBAAYO,KAAZ,EAAmB;AAAA;;AAAA,+DACjB,4BAAMA,KAAN,CADiB;;AAEjB,UAAKC,KAAL,GAAa;AACXC,aAAO;AADI,KAAb;AAFiB;AAKlB;;kBACDC,Q;sBAASC,C,EAAG;AAAA;;AACVA,QAAEC,cAAF;AAEA,UAAIC,QAAQ,KAAKC,IAAL,CAAUD,KAAV,CAAgBE,KAAhB,CAAsBC,IAAtB,EAAZ;AACA,UAAIC,WAAW,KAAKH,IAAL,CAAUG,QAAV,CAAmBF,KAAnB,CAAyBC,IAAzB,EAAf;AAEAV,aAAOY,iBAAP,CAAyB;AAACL;AAAD,OAAzB,EAAkCI,QAAlC,EAA4C,UAACE,GAAD,EAAS;AACnD,YAAIA,GAAJ,EAAS;AACP,iBAAKC,QAAL,CAAc;AAACX,mBAAO;AAAR,WAAd;AACD,SAFD,MAEO;AACL,iBAAKW,QAAL,CAAc;AAACX,mBAAO;AAAR,WAAd;;AACA,iBAAKF,KAAL,CAAWc,OAAX,CAAmBC,IAAnB,CAAwB,QAAxB;AACD;AACF,OAPD;AAQD;;;;;kBACDC,M;sBAAS;AACP,aACE;AAAA;AAAA;AAAK,qBAAU;AAAf;AACE;AAAA;AAAA;AAAK,uBAAU;AAAf;AACE;AAAA;AAAA;AAAA;AAAA,WADF;AAGG,eAAKf,KAAL,CAAWC,KAAX,GAAmB;AAAA;AAAA;AAAI,iBAAKD,KAAL,CAAWC;AAAf,WAAnB,GAA+Ce,SAHlD;AAKE;AAAA;AAAA;AAAM,wBAAU,KAAKd,QAAL,CAAce,IAAd,CAAmB,IAAnB,CAAhB;AAA0C,8BAA1C;AAAqD,yBAAU;AAA/D;AACE;AAAO,oBAAK,OAAZ;AAAoB,mBAAI,OAAxB;AAAgC,oBAAK,OAArC;AAA6C,2BAAY;AAAzD,cADF;AAEE;AAAO,oBAAK,UAAZ;AAAuB,mBAAI,UAA3B;AAAsC,oBAAK,UAA3C;AAAsD,2BAAY;AAAlE,cAFF;AAGA;AAAA;AAAA;AAAQ,2BAAU;AAAlB;AAAA;AAAA;AAHA,WALF;AAWE;AAAC,gBAAD;AAAA;AAAM,kBAAG;AAAT;AAAA;AAAA;AAXF;AADF,OADF;AAiBD;;;;;;EAxCgCxB,MAAMyB,S","file":"imports/ui/Login.js.map","sourcesContent":["import React from 'react';\nimport { Link } from 'react-router-dom';\nimport { Meteor } from 'meteor/meteor';\n\nexport default class Login extends React.Component {\n  constructor(props) {\n    super(props);\n    this.state = {\n      error: ''\n    };\n  }\n  onSubmit(e) {\n    e.preventDefault();\n\n    let email = this.refs.email.value.trim();\n    let password = this.refs.password.value.trim();\n\n    Meteor.loginWithPassword({email}, password, (err) => {\n      if (err) {\n        this.setState({error: 'Unable to login.'});\n      } else {\n        this.setState({error: ''});\n        this.props.history.push('/links');\n      }\n    });\n  }\n  render() {\n    return (\n      <div className=\"boxed-view\">\n        <div className=\"boxed-view__box\">\n          <h1>Login</h1>\n\n          {this.state.error ? <p>{this.state.error}</p> : undefined}\n\n          <form onSubmit={this.onSubmit.bind(this)} noValidate className=\"boxed-view__form\">\n            <input type=\"email\" ref=\"email\" name=\"email\" placeholder=\"example@example.com\"/>\n            <input type=\"password\" ref=\"password\" name=\"password\" placeholder=\"password\"/>\n          <button className=\"button\">Login</button>\n          </form>\n\n          <Link to=\"/signup\">Have an account?</Link>\n        </div>\n      </div>\n    );\n  }\n}\n"]},"hash":"1a90a44c8ec616a70bd7c79efb89665ccaa253e1"}
