{"metadata":{"usedHelpers":[],"marked":[],"modules":{"imports":[],"exports":{"exported":[],"specifiers":[]}}},"options":{"filename":"packages/practicalmeteor:mocha/test/acceptance/timeout.js","filenameRelative":"packages/practicalmeteor:mocha/test/acceptance/timeout.js","env":{"development":{"plugins":[]}},"retainLines":false,"highlightCode":true,"suppressDeprecationMessages":false,"presets":[],"plugins":[[[],{"generateLetDeclarations":true,"enforceStrictMode":false}],[[],null],[[],{"polyfill":false}],[[],null],[[],null],[[],null],[[],{"allowTopLevelThis":true,"strict":false,"loose":true}],[[],null],[[],null],[[],null],[[],null],[[],null],[[],null],[[],null],[[],null],[[],null],[[],null],[[],null],[[],null],[[],{"loose":true}],[[],{"loose":true}],[[],null],[[],{"loose":true}],[[],null],[[],null],[[],null],[[],null],[[],null],[[],null],[[],{"loose":true}],[[],null],[[],null],[[],null],[[],null],[[],null],[[],null],[[],null]],"ignore":[],"code":true,"metadata":true,"ast":true,"comments":true,"compact":false,"minified":false,"sourceMap":true,"sourceMaps":true,"sourceMapTarget":"packages/practicalmeteor:mocha/test/acceptance/timeout.js.map","sourceFileName":"packages/practicalmeteor:mocha/test/acceptance/timeout.js","babelrc":false,"sourceType":"module","moduleIds":false,"passPerPreset":false,"parserOpts":false,"generatorOpts":false,"basename":"timeout"},"ignored":false,"code":"describe('timeouts', function () {\n  beforeEach(function (done) {\n    // uncomment\n    // setTimeout(done, 3000);\n    done();\n  });\n  it('should error on timeout', function (done) {\n    // uncomment\n    // setTimeout(done, 3000);\n    done();\n  });\n  it('should allow overriding per-test', function (done) {\n    this.timeout(1000);\n    setTimeout(function () {\n      done();\n    }, 300);\n  });\n  describe('disabling', function () {\n    it('should allow overriding per-test', function (done) {\n      this.enableTimeouts(false);\n      this.timeout(1);\n      setTimeout(done, 2);\n    });\n    it('should work with timeout(0)', function (done) {\n      this.timeout(0);\n      setTimeout(done, 1);\n    });\n    describe('using beforeEach', function () {\n      beforeEach(function () {\n        this.timeout(0);\n      });\n      it('should work with timeout(0)', function (done) {\n        setTimeout(done, 1);\n      });\n    });\n    describe('using before', function () {\n      before(function () {\n        this.timeout(0);\n      });\n      it('should work with timeout(0)', function (done) {\n        setTimeout(done, 1);\n      });\n    });\n    describe('using enableTimeouts(false)', function () {\n      this.timeout(4);\n      it('should suppress timeout(4)', function (done) {\n        // The test is in the before() call.\n        this.enableTimeouts(false);\n        setTimeout(done, 50);\n      });\n    });\n    describe('suite-level', function () {\n      this.timeout(0);\n      it('should work with timeout(0)', function (done) {\n        setTimeout(done, 1);\n      });\n      describe('nested suite', function () {\n        it('should work with timeout(0)', function (done) {\n          setTimeout(done, 1);\n        });\n      });\n    });\n  });\n});","map":{"version":3,"sources":["packages/practicalmeteor:mocha/test/acceptance/timeout.js"],"names":["describe","beforeEach","done","it","timeout","setTimeout","enableTimeouts","before"],"mappings":"AAAAA,SAAS,UAAT,EAAqB,YAAU;AAC7BC,aAAW,UAASC,IAAT,EAAc;AACvB;AACA;AACAA;AACD,GAJD;AAMAC,KAAG,yBAAH,EAA8B,UAASD,IAAT,EAAc;AAC1C;AACA;AACAA;AACD,GAJD;AAMAC,KAAG,kCAAH,EAAuC,UAASD,IAAT,EAAc;AACnD,SAAKE,OAAL,CAAa,IAAb;AACAC,eAAW,YAAU;AACnBH;AACD,KAFD,EAEG,GAFH;AAGD,GALD;AAOAF,WAAS,WAAT,EAAsB,YAAU;AAC9BG,OAAG,kCAAH,EAAuC,UAASD,IAAT,EAAc;AACnD,WAAKI,cAAL,CAAoB,KAApB;AACA,WAAKF,OAAL,CAAa,CAAb;AACAC,iBAAWH,IAAX,EAAiB,CAAjB;AACD,KAJD;AAMAC,OAAG,6BAAH,EAAkC,UAASD,IAAT,EAAe;AAC/C,WAAKE,OAAL,CAAa,CAAb;AACAC,iBAAWH,IAAX,EAAiB,CAAjB;AACD,KAHD;AAKAF,aAAS,kBAAT,EAA6B,YAAW;AACtCC,iBAAW,YAAY;AACrB,aAAKG,OAAL,CAAa,CAAb;AACD,OAFD;AAIAD,SAAG,6BAAH,EAAkC,UAASD,IAAT,EAAe;AAC/CG,mBAAWH,IAAX,EAAiB,CAAjB;AACD,OAFD;AAGD,KARD;AAUAF,aAAS,cAAT,EAAyB,YAAW;AAClCO,aAAO,YAAY;AACjB,aAAKH,OAAL,CAAa,CAAb;AACD,OAFD;AAIAD,SAAG,6BAAH,EAAkC,UAASD,IAAT,EAAe;AAC/CG,mBAAWH,IAAX,EAAiB,CAAjB;AACD,OAFD;AAGD,KARD;AAUAF,aAAS,6BAAT,EAAwC,YAAW;AACjD,WAAKI,OAAL,CAAa,CAAb;AAEAD,SAAG,4BAAH,EAAiC,UAASD,IAAT,EAAe;AAC9C;AACA,aAAKI,cAAL,CAAoB,KAApB;AACAD,mBAAWH,IAAX,EAAiB,EAAjB;AACD,OAJD;AAKD,KARD;AAUAF,aAAS,aAAT,EAAwB,YAAW;AACjC,WAAKI,OAAL,CAAa,CAAb;AAEAD,SAAG,6BAAH,EAAkC,UAASD,IAAT,EAAe;AAC/CG,mBAAWH,IAAX,EAAiB,CAAjB;AACD,OAFD;AAIAF,eAAS,cAAT,EAAyB,YAAY;AACnCG,WAAG,6BAAH,EAAkC,UAASD,IAAT,EAAe;AAC/CG,qBAAWH,IAAX,EAAiB,CAAjB;AACD,SAFD;AAID,OALD;AAMD,KAbD;AAcD,GAxDD;AA0DD,CA9ED","file":"packages/practicalmeteor:mocha/test/acceptance/timeout.js.map","sourcesContent":["describe('timeouts', function(){\n  beforeEach(function(done){\n    // uncomment\n    // setTimeout(done, 3000);\n    done();\n  })\n\n  it('should error on timeout', function(done){\n    // uncomment\n    // setTimeout(done, 3000);\n    done();\n  })\n\n  it('should allow overriding per-test', function(done){\n    this.timeout(1000);\n    setTimeout(function(){\n      done();\n    }, 300);\n  })\n\n  describe('disabling', function(){\n    it('should allow overriding per-test', function(done){\n      this.enableTimeouts(false);\n      this.timeout(1);\n      setTimeout(done, 2);\n    });\n\n    it('should work with timeout(0)', function(done) {\n      this.timeout(0);\n      setTimeout(done, 1);\n    })\n\n    describe('using beforeEach', function() {\n      beforeEach(function () {\n        this.timeout(0);\n      })\n\n      it('should work with timeout(0)', function(done) {\n        setTimeout(done, 1);\n      })\n    })\n\n    describe('using before', function() {\n      before(function () {\n        this.timeout(0);\n      })\n\n      it('should work with timeout(0)', function(done) {\n        setTimeout(done, 1);\n      })\n    })\n\n    describe('using enableTimeouts(false)', function() {\n      this.timeout(4);\n\n      it('should suppress timeout(4)', function(done) {\n        // The test is in the before() call.\n        this.enableTimeouts(false);\n        setTimeout(done, 50);\n      })\n    })\n\n    describe('suite-level', function() {\n      this.timeout(0);\n\n      it('should work with timeout(0)', function(done) {\n        setTimeout(done, 1);\n      })\n\n      describe('nested suite', function () {\n        it('should work with timeout(0)', function(done) {\n          setTimeout(done, 1);\n        })\n\n      })\n    })\n  });\n\n})\n"]},"hash":"1b3a0a956c2dd9fd00e28cb783b0324c4a0b951a"}
