{"metadata":{"usedHelpers":[],"marked":[],"modules":{"imports":[],"exports":{"exported":[],"specifiers":[]}}},"options":{"filename":"packages/practicalmeteor:mocha/test/acceptance/required-tokens.js","filenameRelative":"packages/practicalmeteor:mocha/test/acceptance/required-tokens.js","env":{"development":{"plugins":[]}},"retainLines":false,"highlightCode":true,"suppressDeprecationMessages":false,"presets":[],"plugins":[[[],{"generateLetDeclarations":true,"enforceStrictMode":false}],[[],null],[[],{"polyfill":false}],[[],null],[[],null],[[],null],[[],{"allowTopLevelThis":true,"strict":false,"loose":true}],[[],null],[[],null],[[],null],[[],null],[[],null],[[],null],[[],null],[[],null],[[],null],[[],null],[[],null],[[],null],[[],{"loose":true}],[[],{"loose":true}],[[],null],[[],{"loose":true}],[[],null],[[],null],[[],null],[[],null],[[],null],[[],null],[[],{"loose":true}],[[],null],[[],null],[[],null],[[],null],[[],null],[[],null],[[],null]],"ignore":[],"code":true,"metadata":true,"ast":true,"comments":true,"compact":false,"minified":false,"sourceMap":true,"sourceMaps":true,"sourceMapTarget":"packages/practicalmeteor:mocha/test/acceptance/required-tokens.js.map","sourceFileName":"packages/practicalmeteor:mocha/test/acceptance/required-tokens.js","babelrc":false,"sourceType":"module","moduleIds":false,"passPerPreset":false,"parserOpts":false,"generatorOpts":false,"basename":"required-tokens"},"ignored":false,"code":"var assert = require('assert');\n\nvar describe = require('../..').describe;\n\nvar it = require('../..').it;\n\ndescribe('using imported describe', function () {\n  it('using imported it', function (done) {\n    assert.ok(true);\n    done();\n  });\n});","map":{"version":3,"sources":["packages/practicalmeteor:mocha/test/acceptance/required-tokens.js"],"names":["assert","require","describe","it","done","ok"],"mappings":"AAAA,IAAIA,SAASC,QAAQ,QAAR,CAAb;;AACA,IAAIC,WAAWD,QAAQ,OAAR,EAAiBC,QAAhC;;AACA,IAAIC,KAAKF,QAAQ,OAAR,EAAiBE,EAA1B;;AAEAD,SAAS,yBAAT,EAAoC,YAAY;AAC9CC,KAAG,mBAAH,EAAwB,UAAUC,IAAV,EAAgB;AACtCJ,WAAOK,EAAP,CAAU,IAAV;AACAD;AACD,GAHD;AAID,CALD","file":"packages/practicalmeteor:mocha/test/acceptance/required-tokens.js.map","sourcesContent":["var assert = require('assert');\nvar describe = require('../..').describe;\nvar it = require('../..').it;\n\ndescribe('using imported describe', function () {\n  it('using imported it', function (done) {\n    assert.ok(true);\n    done();\n  })\n})\n"]},"hash":"1ed8b3da9ce5e7e2250093de9ae17e88554f2aae"}
