{"metadata":{"usedHelpers":[],"marked":[],"modules":{"imports":[],"exports":{"exported":[],"specifiers":[]}}},"options":{"filename":"packages/practicalmeteor:mocha/test/integration/fixtures/cascade.js","filenameRelative":"packages/practicalmeteor:mocha/test/integration/fixtures/cascade.js","env":{"development":{"plugins":[]}},"retainLines":false,"highlightCode":true,"suppressDeprecationMessages":false,"presets":[],"plugins":[[[],{"generateLetDeclarations":true,"enforceStrictMode":false}],[[],null],[[],{"polyfill":false}],[[],null],[[],null],[[],null],[[],{"allowTopLevelThis":true,"strict":false,"loose":true}],[[],null],[[],null],[[],null],[[],null],[[],null],[[],null],[[],null],[[],null],[[],null],[[],null],[[],null],[[],null],[[],{"loose":true}],[[],{"loose":true}],[[],null],[[],{"loose":true}],[[],null],[[],null],[[],null],[[],null],[[],null],[[],null],[[],{"loose":true}],[[],null],[[],null],[[],null],[[],null],[[],null],[[],null],[[],null]],"ignore":[],"code":true,"metadata":true,"ast":true,"comments":true,"compact":false,"minified":false,"sourceMap":true,"sourceMaps":true,"sourceMapTarget":"packages/practicalmeteor:mocha/test/integration/fixtures/cascade.js.map","sourceFileName":"packages/practicalmeteor:mocha/test/integration/fixtures/cascade.js","babelrc":false,"sourceType":"module","moduleIds":false,"passPerPreset":false,"parserOpts":false,"generatorOpts":false,"basename":"cascade"},"ignored":false,"code":"describe('one', function () {\n  before(function () {\n    console.log('before one');\n  });\n  after(function () {\n    console.log('after one');\n  });\n  beforeEach(function () {\n    console.log('  before each one');\n  });\n  afterEach(function () {\n    console.log('  after each one');\n  });\n  describe('two', function () {\n    before(function () {\n      console.log('  before two');\n    });\n    after(function () {\n      console.log('  after two');\n    });\n    beforeEach(function () {\n      console.log('    before each two');\n    });\n    afterEach(function () {\n      console.log('    after each two');\n    });\n    describe('three', function () {\n      before(function () {\n        console.log('    before three');\n      });\n      after(function () {\n        console.log('    after three');\n      });\n      beforeEach(function () {\n        console.log('    before each three');\n      });\n      afterEach(function () {\n        console.log('    after each three');\n      });\n      it('should three', function () {\n        console.log('      TEST three');\n      });\n    });\n  });\n});","map":{"version":3,"sources":["packages/practicalmeteor:mocha/test/integration/fixtures/cascade.js"],"names":["describe","before","console","log","after","beforeEach","afterEach","it"],"mappings":"AAAAA,SAAS,KAAT,EAAgB,YAAW;AACzBC,SAAO,YAAW;AAChBC,YAAQC,GAAR,CAAY,YAAZ;AACD,GAFD;AAIAC,QAAM,YAAW;AACfF,YAAQC,GAAR,CAAY,WAAZ;AACD,GAFD;AAIAE,aAAW,YAAW;AACpBH,YAAQC,GAAR,CAAY,mBAAZ;AACD,GAFD;AAIAG,YAAU,YAAW;AACnBJ,YAAQC,GAAR,CAAY,kBAAZ;AACD,GAFD;AAIAH,WAAS,KAAT,EAAgB,YAAW;AACzBC,WAAO,YAAW;AAChBC,cAAQC,GAAR,CAAY,cAAZ;AACD,KAFD;AAIAC,UAAM,YAAW;AACfF,cAAQC,GAAR,CAAY,aAAZ;AACD,KAFD;AAIAE,eAAW,YAAW;AACpBH,cAAQC,GAAR,CAAY,qBAAZ;AACD,KAFD;AAIAG,cAAU,YAAW;AACnBJ,cAAQC,GAAR,CAAY,oBAAZ;AACD,KAFD;AAIAH,aAAS,OAAT,EAAkB,YAAW;AAC3BC,aAAO,YAAW;AAChBC,gBAAQC,GAAR,CAAY,kBAAZ;AACD,OAFD;AAIAC,YAAM,YAAW;AACfF,gBAAQC,GAAR,CAAY,iBAAZ;AACD,OAFD;AAIAE,iBAAW,YAAW;AACpBH,gBAAQC,GAAR,CAAY,uBAAZ;AACD,OAFD;AAIAG,gBAAU,YAAW;AACnBJ,gBAAQC,GAAR,CAAY,sBAAZ;AACD,OAFD;AAIAI,SAAG,cAAH,EAAmB,YAAW;AAC5BL,gBAAQC,GAAR,CAAY,kBAAZ;AACD,OAFD;AAGD,KApBD;AAqBD,GAtCD;AAuCD,CAxDD","file":"packages/practicalmeteor:mocha/test/integration/fixtures/cascade.js.map","sourcesContent":["describe('one', function() {\n  before(function() {\n    console.log('before one');\n  });\n\n  after(function() {\n    console.log('after one');\n  });\n\n  beforeEach(function() {\n    console.log('  before each one');\n  });\n\n  afterEach(function() {\n    console.log('  after each one');\n  });\n\n  describe('two', function() {\n    before(function() {\n      console.log('  before two');\n    });\n\n    after(function() {\n      console.log('  after two');\n    });\n\n    beforeEach(function() {\n      console.log('    before each two');\n    });\n\n    afterEach(function() {\n      console.log('    after each two');\n    });\n\n    describe('three', function() {\n      before(function() {\n        console.log('    before three');\n      });\n\n      after(function() {\n        console.log('    after three');\n      });\n\n      beforeEach(function() {\n        console.log('    before each three');\n      });\n\n      afterEach(function() {\n        console.log('    after each three');\n      });\n\n      it('should three', function() {\n        console.log('      TEST three');\n      });\n    });\n  });\n});\n"]},"hash":"1f4b45020b6adcee59f2ca5b427be36827857c0b"}
