{"metadata":{"usedHelpers":["typeof","interopRequireDefault"],"marked":[],"modules":{"imports":[{"source":"assert","imported":["default"],"specifiers":[{"kind":"named","imported":"default","local":"assert"}]},{"source":"fs","imported":["readFile"],"specifiers":[{"kind":"named","imported":"readFile","local":"readFile"}]},{"source":"http","imported":["createServer"],"specifiers":[{"kind":"named","imported":"createServer","local":"createServer"}]},{"source":"path","imported":["join","dirname"],"specifiers":[{"kind":"named","imported":"join","local":"pathJoin"},{"kind":"named","imported":"dirname","local":"pathDirname"}]},{"source":"url","imported":["parse"],"specifiers":[{"kind":"named","imported":"parse","local":"parseUrl"}]},{"source":"crypto","imported":["createHash"],"specifiers":[{"kind":"named","imported":"createHash","local":"createHash"}]},{"source":"connect","imported":["default"],"specifiers":[{"kind":"named","imported":"default","local":"connect"}]},{"source":"parseurl","imported":["default"],"specifiers":[{"kind":"named","imported":"default","local":"parseRequest"}]},{"source":"useragent","imported":["lookup"],"specifiers":[{"kind":"named","imported":"lookup","local":"lookupUserAgent"}]},{"source":"send","imported":["default"],"specifiers":[{"kind":"named","imported":"default","local":"send"}]}],"exports":{"exported":["WebApp","WebAppInternals"],"specifiers":[{"kind":"local","local":"WebApp","exported":"WebApp"},{"kind":"local","local":"WebAppInternals","exported":"WebAppInternals"}]}}},"options":{"filename":"packages/webapp/webapp_server.js","filenameRelative":"packages/webapp/webapp_server.js","env":{"development":{"plugins":[]}},"retainLines":false,"highlightCode":true,"suppressDeprecationMessages":false,"presets":[],"plugins":[[[],{"generateLetDeclarations":true,"enforceStrictMode":false}],[[],null],[[],{"polyfill":false}],[[],null],[[],null],[[],null],[[],{"allowTopLevelThis":true,"strict":false,"loose":true}],[[],null],[[],null],[[],null],[[],null],[[],null],[[],null],[[],null],[[],null],[[],null],[[],null],[[],null],[[],null],[[],{"loose":true}],[[],{"loose":true}],[[],null],[[],{"loose":true}],[[],null],[[],null],[[],null],[[],null],[[],null],[[],null],[[],{"loose":true}],[[],null],[[],null],[[],null],[[],null],[[],null],[[],null],[[],null]],"ignore":[],"code":true,"metadata":true,"ast":true,"comments":true,"compact":false,"minified":false,"sourceMap":true,"sourceMaps":true,"sourceMapTarget":"packages/webapp/webapp_server.js.map","sourceFileName":"packages/webapp/webapp_server.js","babelrc":false,"sourceType":"module","moduleIds":false,"passPerPreset":false,"parserOpts":false,"generatorOpts":false,"basename":"webapp_server"},"ignored":false,"code":"var _typeof2 = require(\"babel-runtime/helpers/typeof\");\n\nvar _typeof3 = _interopRequireDefault(_typeof2);\n\nfunction _interopRequireDefault(obj) { return obj && obj.__esModule ? obj : { \"default\": obj }; }\n\nvar module1 = module;\nmodule1.export({\n  WebApp: function () {\n    return WebApp;\n  },\n  WebAppInternals: function () {\n    return WebAppInternals;\n  }\n});\nvar assert = void 0;\nmodule1.watch(require(\"assert\"), {\n  \"default\": function (v) {\n    assert = v;\n  }\n}, 0);\nvar readFile = void 0;\nmodule1.watch(require(\"fs\"), {\n  readFile: function (v) {\n    readFile = v;\n  }\n}, 1);\nvar createServer = void 0;\nmodule1.watch(require(\"http\"), {\n  createServer: function (v) {\n    createServer = v;\n  }\n}, 2);\nvar pathJoin = void 0,\n    pathDirname = void 0;\nmodule1.watch(require(\"path\"), {\n  join: function (v) {\n    pathJoin = v;\n  },\n  dirname: function (v) {\n    pathDirname = v;\n  }\n}, 3);\nvar parseUrl = void 0;\nmodule1.watch(require(\"url\"), {\n  parse: function (v) {\n    parseUrl = v;\n  }\n}, 4);\nvar createHash = void 0;\nmodule1.watch(require(\"crypto\"), {\n  createHash: function (v) {\n    createHash = v;\n  }\n}, 5);\nvar connect = void 0;\nmodule1.watch(require(\"connect\"), {\n  \"default\": function (v) {\n    connect = v;\n  }\n}, 6);\nvar parseRequest = void 0;\nmodule1.watch(require(\"parseurl\"), {\n  \"default\": function (v) {\n    parseRequest = v;\n  }\n}, 7);\nvar lookupUserAgent = void 0;\nmodule1.watch(require(\"useragent\"), {\n  lookup: function (v) {\n    lookupUserAgent = v;\n  }\n}, 8);\nvar send = void 0;\nmodule1.watch(require(\"send\"), {\n  \"default\": function (v) {\n    send = v;\n  }\n}, 9);\nvar SHORT_SOCKET_TIMEOUT = 5 * 1000;\nvar LONG_SOCKET_TIMEOUT = 120 * 1000;\nvar WebApp = {};\nvar WebAppInternals = {};\nWebAppInternals.NpmModules = {\n  connect: {\n    version: Npm.require('connect/package.json').version,\n    module: connect\n  }\n};\nWebApp.defaultArch = 'web.browser'; // XXX maps archs to manifests\n\nWebApp.clientPrograms = {}; // XXX maps archs to program path on filesystem\n\nvar archPath = {};\n\nvar bundledJsCssUrlRewriteHook = function (url) {\n  var bundledPrefix = __meteor_runtime_config__.ROOT_URL_PATH_PREFIX || '';\n  return bundledPrefix + url;\n};\n\nvar sha1 = function (contents) {\n  var hash = createHash('sha1');\n  hash.update(contents);\n  return hash.digest('hex');\n};\n\nvar readUtf8FileSync = function (filename) {\n  return Meteor.wrapAsync(readFile)(filename, 'utf8');\n}; // #BrowserIdentification\n//\n// We have multiple places that want to identify the browser: the\n// unsupported browser page, the appcache package, and, eventually\n// delivering browser polyfills only as needed.\n//\n// To avoid detecting the browser in multiple places ad-hoc, we create a\n// Meteor \"browser\" object. It uses but does not expose the npm\n// useragent module (we could choose a different mechanism to identify\n// the browser in the future if we wanted to).  The browser object\n// contains\n//\n// * `name`: the name of the browser in camel case\n// * `major`, `minor`, `patch`: integers describing the browser version\n//\n// Also here is an early version of a Meteor `request` object, intended\n// to be a high-level description of the request without exposing\n// details of connect's low-level `req`.  Currently it contains:\n//\n// * `browser`: browser identification object described above\n// * `url`: parsed url, including parsed query params\n//\n// As a temporary hack there is a `categorizeRequest` function on WebApp which\n// converts a connect `req` to a Meteor `request`. This can go away once smart\n// packages such as appcache are being passed a `request` object directly when\n// they serve content.\n//\n// This allows `request` to be used uniformly: it is passed to the html\n// attributes hook, and the appcache package can use it when deciding\n// whether to generate a 404 for the manifest.\n//\n// Real routing / server side rendering will probably refactor this\n// heavily.\n// e.g. \"Mobile Safari\" => \"mobileSafari\"\n\n\nvar camelCase = function (name) {\n  var parts = name.split(' ');\n  parts[0] = parts[0].toLowerCase();\n\n  for (var i = 1; i < parts.length; ++i) {\n    parts[i] = parts[i].charAt(0).toUpperCase() + parts[i].substr(1);\n  }\n\n  return parts.join('');\n};\n\nvar identifyBrowser = function (userAgentString) {\n  var userAgent = lookupUserAgent(userAgentString);\n  return {\n    name: camelCase(userAgent.family),\n    major: +userAgent.major,\n    minor: +userAgent.minor,\n    patch: +userAgent.patch\n  };\n}; // XXX Refactor as part of implementing real routing.\n\n\nWebAppInternals.identifyBrowser = identifyBrowser;\n\nWebApp.categorizeRequest = function (req) {\n  return _.extend({\n    browser: identifyBrowser(req.headers['user-agent']),\n    url: parseUrl(req.url, true)\n  }, _.pick(req, 'dynamicHead', 'dynamicBody'));\n}; // HTML attribute hooks: functions to be called to determine any attributes to\n// be added to the '<html>' tag. Each function is passed a 'request' object (see\n// #BrowserIdentification) and should return null or object.\n\n\nvar htmlAttributeHooks = [];\n\nvar getHtmlAttributes = function (request) {\n  var combinedAttributes = {};\n\n  _.each(htmlAttributeHooks || [], function (hook) {\n    var attributes = hook(request);\n    if (attributes === null) return;\n    if ((typeof attributes === \"undefined\" ? \"undefined\" : (0, _typeof3.default)(attributes)) !== 'object') throw Error(\"HTML attribute hook must return null or object\");\n\n    _.extend(combinedAttributes, attributes);\n  });\n\n  return combinedAttributes;\n};\n\nWebApp.addHtmlAttributeHook = function (hook) {\n  htmlAttributeHooks.push(hook);\n}; // Serve app HTML for this URL?\n\n\nvar appUrl = function (url) {\n  if (url === '/favicon.ico' || url === '/robots.txt') return false; // NOTE: app.manifest is not a web standard like favicon.ico and\n  // robots.txt. It is a file name we have chosen to use for HTML5\n  // appcache URLs. It is included here to prevent using an appcache\n  // then removing it from poisoning an app permanently. Eventually,\n  // once we have server side routing, this won't be needed as\n  // unknown URLs with return a 404 automatically.\n\n  if (url === '/app.manifest') return false; // Avoid serving app HTML for declared routes such as /sockjs/.\n\n  if (RoutePolicy.classify(url)) return false; // we currently return app HTML on all URLs by default\n\n  return true;\n}; // We need to calculate the client hash after all packages have loaded\n// to give them a chance to populate __meteor_runtime_config__.\n//\n// Calculating the hash during startup means that packages can only\n// populate __meteor_runtime_config__ during load, not during startup.\n//\n// Calculating instead it at the beginning of main after all startup\n// hooks had run would allow packages to also populate\n// __meteor_runtime_config__ during startup, but that's too late for\n// autoupdate because it needs to have the client hash at startup to\n// insert the auto update version itself into\n// __meteor_runtime_config__ to get it to the client.\n//\n// An alternative would be to give autoupdate a \"post-start,\n// pre-listen\" hook to allow it to insert the auto update version at\n// the right moment.\n\n\nMeteor.startup(function () {\n  var calculateClientHash = WebAppHashing.calculateClientHash;\n\n  WebApp.clientHash = function (archName) {\n    archName = archName || WebApp.defaultArch;\n    return calculateClientHash(WebApp.clientPrograms[archName].manifest);\n  };\n\n  WebApp.calculateClientHashRefreshable = function (archName) {\n    archName = archName || WebApp.defaultArch;\n    return calculateClientHash(WebApp.clientPrograms[archName].manifest, function (name) {\n      return name === \"css\";\n    });\n  };\n\n  WebApp.calculateClientHashNonRefreshable = function (archName) {\n    archName = archName || WebApp.defaultArch;\n    return calculateClientHash(WebApp.clientPrograms[archName].manifest, function (name) {\n      return name !== \"css\";\n    });\n  };\n\n  WebApp.calculateClientHashCordova = function () {\n    var archName = 'web.cordova';\n    if (!WebApp.clientPrograms[archName]) return 'none';\n    return calculateClientHash(WebApp.clientPrograms[archName].manifest, null, _.pick(__meteor_runtime_config__, 'PUBLIC_SETTINGS'));\n  };\n}); // When we have a request pending, we want the socket timeout to be long, to\n// give ourselves a while to serve it, and to allow sockjs long polls to\n// complete.  On the other hand, we want to close idle sockets relatively\n// quickly, so that we can shut down relatively promptly but cleanly, without\n// cutting off anyone's response.\n\nWebApp._timeoutAdjustmentRequestCallback = function (req, res) {\n  // this is really just req.socket.setTimeout(LONG_SOCKET_TIMEOUT);\n  req.setTimeout(LONG_SOCKET_TIMEOUT); // Insert our new finish listener to run BEFORE the existing one which removes\n  // the response from the socket.\n\n  var finishListeners = res.listeners('finish'); // XXX Apparently in Node 0.12 this event was called 'prefinish'.\n  // https://github.com/joyent/node/commit/7c9b6070\n  // But it has switched back to 'finish' in Node v4:\n  // https://github.com/nodejs/node/pull/1411\n\n  res.removeAllListeners('finish');\n  res.on('finish', function () {\n    res.setTimeout(SHORT_SOCKET_TIMEOUT);\n  });\n\n  _.each(finishListeners, function (l) {\n    res.on('finish', l);\n  });\n}; // Will be updated by main before we listen.\n// Map from client arch to boilerplate object.\n// Boilerplate object has:\n//   - func: XXX\n//   - baseData: XXX\n\n\nvar boilerplateByArch = {}; // Register a callback function that can selectively modify boilerplate\n// data given arguments (request, data, arch). The key should be a unique\n// identifier, to prevent accumulating duplicate callbacks from the same\n// call site over time. Callbacks will be called in the order they were\n// registered. A callback should return false if it did not make any\n// changes affecting the boilerplate. Passing null deletes the callback.\n// Any previous callback registered for this key will be returned.\n\nvar boilerplateDataCallbacks = Object.create(null);\n\nWebAppInternals.registerBoilerplateDataCallback = function (key, callback) {\n  var previousCallback = boilerplateDataCallbacks[key];\n\n  if (typeof callback === \"function\") {\n    boilerplateDataCallbacks[key] = callback;\n  } else {\n    assert.strictEqual(callback, null);\n    delete boilerplateDataCallbacks[key];\n  } // Return the previous callback in case the new callback needs to call\n  // it; for example, when the new callback is a wrapper for the old.\n\n\n  return previousCallback || null;\n}; // Given a request (as returned from `categorizeRequest`), return the\n// boilerplate HTML to serve for that request.\n//\n// If a previous connect middleware has rendered content for the head or body,\n// returns the boilerplate with that content patched in otherwise\n// memoizes on HTML attributes (used by, eg, appcache) and whether inline \n// scripts are currently allowed.\n// XXX so far this function is always called with arch === 'web.browser'\n\n\nvar memoizedBoilerplate = {};\n\nfunction getBoilerplate(request, arch) {\n  return getBoilerplateAsync(request, arch).await();\n}\n\nfunction getBoilerplateAsync(request, arch) {\n  var boilerplate = boilerplateByArch[arch];\n  var data = Object.assign({}, boilerplate.baseData, {\n    htmlAttributes: getHtmlAttributes(request)\n  }, _.pick(request, \"dynamicHead\", \"dynamicBody\"));\n  var madeChanges = false;\n  var promise = Promise.resolve();\n  Object.keys(boilerplateDataCallbacks).forEach(function (key) {\n    promise = promise.then(function () {\n      var callback = boilerplateDataCallbacks[key];\n      return callback(request, data, arch);\n    }).then(function (result) {\n      // Callbacks should return false if they did not make any changes.\n      if (result !== false) {\n        madeChanges = true;\n      }\n    });\n  });\n  return promise.then(function () {\n    var useMemoized = !(data.dynamicHead || data.dynamicBody || madeChanges);\n\n    if (!useMemoized) {\n      return boilerplate.toHTML(data);\n    } // The only thing that changes from request to request (unless extra\n    // content is added to the head or body, or boilerplateDataCallbacks\n    // modified the data) are the HTML attributes (used by, eg, appcache)\n    // and whether inline scripts are allowed, so memoize based on that.\n\n\n    var memHash = JSON.stringify({\n      inlineScriptsAllowed: inlineScriptsAllowed,\n      htmlAttributes: data.htmlAttributes,\n      arch: arch\n    });\n\n    if (!memoizedBoilerplate[memHash]) {\n      memoizedBoilerplate[memHash] = boilerplateByArch[arch].toHTML(data);\n    }\n\n    return memoizedBoilerplate[memHash];\n  });\n}\n\nWebAppInternals.generateBoilerplateInstance = function (arch, manifest, additionalOptions) {\n  additionalOptions = additionalOptions || {};\n\n  var runtimeConfig = _.extend(_.clone(__meteor_runtime_config__), additionalOptions.runtimeConfigOverrides || {});\n\n  return new Boilerplate(arch, manifest, _.extend({\n    pathMapper: function (itemPath) {\n      return pathJoin(archPath[arch], itemPath);\n    },\n    baseDataExtension: {\n      additionalStaticJs: _.map(additionalStaticJs || [], function (contents, pathname) {\n        return {\n          pathname: pathname,\n          contents: contents\n        };\n      }),\n      // Convert to a JSON string, then get rid of most weird characters, then\n      // wrap in double quotes. (The outermost JSON.stringify really ought to\n      // just be \"wrap in double quotes\" but we use it to be safe.) This might\n      // end up inside a <script> tag so we need to be careful to not include\n      // \"</script>\", but normal {{spacebars}} escaping escapes too much! See\n      // https://github.com/meteor/meteor/issues/3730\n      meteorRuntimeConfig: JSON.stringify(encodeURIComponent(JSON.stringify(runtimeConfig))),\n      rootUrlPathPrefix: __meteor_runtime_config__.ROOT_URL_PATH_PREFIX || '',\n      bundledJsCssUrlRewriteHook: bundledJsCssUrlRewriteHook,\n      inlineScriptsAllowed: WebAppInternals.inlineScriptsAllowed(),\n      inline: additionalOptions.inline\n    }\n  }, additionalOptions));\n}; // A mapping from url path to \"info\". Where \"info\" has the following fields:\n// - type: the type of file to be served\n// - cacheable: optionally, whether the file should be cached or not\n// - sourceMapUrl: optionally, the url of the source map\n//\n// Info also contains one of the following:\n// - content: the stringified content that should be served at this path\n// - absolutePath: the absolute path on disk to the file\n\n\nvar staticFiles; // Serve static files from the manifest or added with\n// `addStaticJs`. Exported for tests.\n\nWebAppInternals.staticFilesMiddleware = function (staticFiles, req, res, next) {\n  if ('GET' != req.method && 'HEAD' != req.method && 'OPTIONS' != req.method) {\n    next();\n    return;\n  }\n\n  var pathname = parseRequest(req).pathname;\n\n  try {\n    pathname = decodeURIComponent(pathname);\n  } catch (e) {\n    next();\n    return;\n  }\n\n  var serveStaticJs = function (s) {\n    res.writeHead(200, {\n      'Content-type': 'application/javascript; charset=UTF-8'\n    });\n    res.write(s);\n    res.end();\n  };\n\n  if (pathname === \"/meteor_runtime_config.js\" && !WebAppInternals.inlineScriptsAllowed()) {\n    serveStaticJs(\"__meteor_runtime_config__ = \" + JSON.stringify(__meteor_runtime_config__) + \";\");\n    return;\n  } else if (_.has(additionalStaticJs, pathname) && !WebAppInternals.inlineScriptsAllowed()) {\n    serveStaticJs(additionalStaticJs[pathname]);\n    return;\n  }\n\n  if (!_.has(staticFiles, pathname)) {\n    next();\n    return;\n  } // We don't need to call pause because, unlike 'static', once we call into\n  // 'send' and yield to the event loop, we never call another handler with\n  // 'next'.\n\n\n  var info = staticFiles[pathname]; // Cacheable files are files that should never change. Typically\n  // named by their hash (eg meteor bundled js and css files).\n  // We cache them ~forever (1yr).\n\n  var maxAge = info.cacheable ? 1000 * 60 * 60 * 24 * 365 : 0; // Set the X-SourceMap header, which current Chrome, FireFox, and Safari\n  // understand.  (The SourceMap header is slightly more spec-correct but FF\n  // doesn't understand it.)\n  //\n  // You may also need to enable source maps in Chrome: open dev tools, click\n  // the gear in the bottom right corner, and select \"enable source maps\".\n\n  if (info.sourceMapUrl) {\n    res.setHeader('X-SourceMap', __meteor_runtime_config__.ROOT_URL_PATH_PREFIX + info.sourceMapUrl);\n  }\n\n  if (info.type === \"js\" || info.type === \"dynamic js\") {\n    res.setHeader(\"Content-Type\", \"application/javascript; charset=UTF-8\");\n  } else if (info.type === \"css\") {\n    res.setHeader(\"Content-Type\", \"text/css; charset=UTF-8\");\n  } else if (info.type === \"json\") {\n    res.setHeader(\"Content-Type\", \"application/json; charset=UTF-8\");\n  }\n\n  if (info.hash) {\n    res.setHeader('ETag', '\"' + info.hash + '\"');\n  }\n\n  if (info.content) {\n    res.write(info.content);\n    res.end();\n  } else {\n    send(req, info.absolutePath, {\n      maxage: maxAge,\n      dotfiles: 'allow',\n      // if we specified a dotfile in the manifest, serve it\n      lastModified: false // don't set last-modified based on the file date\n\n    }).on('error', function (err) {\n      Log.error(\"Error serving static file \" + err);\n      res.writeHead(500);\n      res.end();\n    }).on('directory', function () {\n      Log.error(\"Unexpected directory \" + info.absolutePath);\n      res.writeHead(500);\n      res.end();\n    }).pipe(res);\n  }\n};\n\nvar getUrlPrefixForArch = function (arch) {\n  // XXX we rely on the fact that arch names don't contain slashes\n  // in that case we would need to uri escape it\n  // We add '__' to the beginning of non-standard archs to \"scope\" the url\n  // to Meteor internals.\n  return arch === WebApp.defaultArch ? '' : '/' + '__' + arch.replace(/^web\\./, '');\n}; // parse port to see if its a Windows Server style named pipe. If so, return as-is (String), otherwise return as Int\n\n\nWebAppInternals.parsePort = function (port) {\n  if (/\\\\\\\\?.+\\\\pipe\\\\?.+/.test(port)) {\n    return port;\n  }\n\n  return parseInt(port);\n};\n\nfunction runWebAppServer() {\n  var shuttingDown = false;\n  var syncQueue = new Meteor._SynchronousQueue();\n\n  var getItemPathname = function (itemUrl) {\n    return decodeURIComponent(parseUrl(itemUrl).pathname);\n  };\n\n  WebAppInternals.reloadClientPrograms = function () {\n    syncQueue.runTask(function () {\n      staticFiles = {};\n\n      var generateClientProgram = function (clientPath, arch) {\n        // read the control for the client we'll be serving up\n        var clientJsonPath = pathJoin(__meteor_bootstrap__.serverDir, clientPath);\n        var clientDir = pathDirname(clientJsonPath);\n        var clientJson = JSON.parse(readUtf8FileSync(clientJsonPath));\n        if (clientJson.format !== \"web-program-pre1\") throw new Error(\"Unsupported format for client assets: \" + JSON.stringify(clientJson.format));\n        if (!clientJsonPath || !clientDir || !clientJson) throw new Error(\"Client config file not parsed.\");\n        var urlPrefix = getUrlPrefixForArch(arch);\n        var manifest = clientJson.manifest;\n\n        _.each(manifest, function (item) {\n          if (item.url && item.where === \"client\") {\n            staticFiles[urlPrefix + getItemPathname(item.url)] = {\n              absolutePath: pathJoin(clientDir, item.path),\n              cacheable: item.cacheable,\n              hash: item.hash,\n              // Link from source to its map\n              sourceMapUrl: item.sourceMapUrl,\n              type: item.type\n            };\n\n            if (item.sourceMap) {\n              // Serve the source map too, under the specified URL. We assume all\n              // source maps are cacheable.\n              staticFiles[urlPrefix + getItemPathname(item.sourceMapUrl)] = {\n                absolutePath: pathJoin(clientDir, item.sourceMap),\n                cacheable: true\n              };\n            }\n          }\n        });\n\n        var program = {\n          format: \"web-program-pre1\",\n          manifest: manifest,\n          version: process.env.AUTOUPDATE_VERSION || WebAppHashing.calculateClientHash(manifest, null, _.pick(__meteor_runtime_config__, \"PUBLIC_SETTINGS\")),\n          cordovaCompatibilityVersions: clientJson.cordovaCompatibilityVersions,\n          PUBLIC_SETTINGS: __meteor_runtime_config__.PUBLIC_SETTINGS\n        };\n        WebApp.clientPrograms[arch] = program; // Serve the program as a string at /foo/<arch>/manifest.json\n        // XXX change manifest.json -> program.json\n\n        staticFiles[urlPrefix + getItemPathname('/manifest.json')] = {\n          content: JSON.stringify(program),\n          cacheable: false,\n          hash: program.version,\n          type: \"json\"\n        };\n      };\n\n      try {\n        var clientPaths = __meteor_bootstrap__.configJson.clientPaths;\n\n        _.each(clientPaths, function (clientPath, arch) {\n          archPath[arch] = pathDirname(clientPath);\n          generateClientProgram(clientPath, arch);\n        }); // Exported for tests.\n\n\n        WebAppInternals.staticFiles = staticFiles;\n      } catch (e) {\n        Log.error(\"Error reloading the client program: \" + e.stack);\n        process.exit(1);\n      }\n    });\n  };\n\n  WebAppInternals.generateBoilerplate = function () {\n    // This boilerplate will be served to the mobile devices when used with\n    // Meteor/Cordova for the Hot-Code Push and since the file will be served by\n    // the device's server, it is important to set the DDP url to the actual\n    // Meteor server accepting DDP connections and not the device's file server.\n    var defaultOptionsForArch = {\n      'web.cordova': {\n        runtimeConfigOverrides: {\n          // XXX We use absoluteUrl() here so that we serve https://\n          // URLs to cordova clients if force-ssl is in use. If we were\n          // to use __meteor_runtime_config__.ROOT_URL instead of\n          // absoluteUrl(), then Cordova clients would immediately get a\n          // HCP setting their DDP_DEFAULT_CONNECTION_URL to\n          // http://example.meteor.com. This breaks the app, because\n          // force-ssl doesn't serve CORS headers on 302\n          // redirects. (Plus it's undesirable to have clients\n          // connecting to http://example.meteor.com when force-ssl is\n          // in use.)\n          DDP_DEFAULT_CONNECTION_URL: process.env.MOBILE_DDP_URL || Meteor.absoluteUrl(),\n          ROOT_URL: process.env.MOBILE_ROOT_URL || Meteor.absoluteUrl()\n        }\n      }\n    };\n    syncQueue.runTask(function () {\n      _.each(WebApp.clientPrograms, function (program, archName) {\n        boilerplateByArch[archName] = WebAppInternals.generateBoilerplateInstance(archName, program.manifest, defaultOptionsForArch[archName]);\n      }); // Clear the memoized boilerplate cache.\n\n\n      memoizedBoilerplate = {}; // Configure CSS injection for the default arch\n      // XXX implement the CSS injection for all archs?\n\n      var cssFiles = boilerplateByArch[WebApp.defaultArch].baseData.css; // Rewrite all CSS files (which are written directly to <style> tags)\n      // by autoupdate_client to use the CDN prefix/etc\n\n      var allCss = _.map(cssFiles, function (cssFile) {\n        return {\n          url: bundledJsCssUrlRewriteHook(cssFile.url)\n        };\n      });\n\n      WebAppInternals.refreshableAssets = {\n        allCss: allCss\n      };\n    });\n  };\n\n  WebAppInternals.reloadClientPrograms(); // webserver\n\n  var app = connect(); // Packages and apps can add handlers that run before any other Meteor\n  // handlers via WebApp.rawConnectHandlers.\n\n  var rawConnectHandlers = connect();\n  app.use(rawConnectHandlers); // Auto-compress any json, javascript, or text.\n\n  app.use(connect.compress()); // We're not a proxy; reject (without crashing) attempts to treat us like\n  // one. (See #1212.)\n\n  app.use(function (req, res, next) {\n    if (RoutePolicy.isValidUrl(req.url)) {\n      next();\n      return;\n    }\n\n    res.writeHead(400);\n    res.write(\"Not a proxy\");\n    res.end();\n  }); // Strip off the path prefix, if it exists.\n\n  app.use(function (request, response, next) {\n    var pathPrefix = __meteor_runtime_config__.ROOT_URL_PATH_PREFIX;\n\n    var url = Npm.require('url').parse(request.url);\n\n    var pathname = url.pathname; // check if the path in the url starts with the path prefix (and the part\n    // after the path prefix must start with a / if it exists.)\n\n    if (pathPrefix && pathname.substring(0, pathPrefix.length) === pathPrefix && (pathname.length == pathPrefix.length || pathname.substring(pathPrefix.length, pathPrefix.length + 1) === \"/\")) {\n      request.url = request.url.substring(pathPrefix.length);\n      next();\n    } else if (pathname === \"/favicon.ico\" || pathname === \"/robots.txt\") {\n      next();\n    } else if (pathPrefix) {\n      response.writeHead(404);\n      response.write(\"Unknown path\");\n      response.end();\n    } else {\n      next();\n    }\n  }); // Parse the query string into res.query. Used by oauth_server, but it's\n  // generally pretty handy..\n\n  app.use(connect.query()); // Serve static files from the manifest.\n  // This is inspired by the 'static' middleware.\n\n  app.use(function (req, res, next) {\n    Promise.resolve().then(function () {\n      WebAppInternals.staticFilesMiddleware(staticFiles, req, res, next);\n    });\n  }); // Packages and apps can add handlers to this via WebApp.connectHandlers.\n  // They are inserted before our default handler.\n\n  var packageAndAppHandlers = connect();\n  app.use(packageAndAppHandlers);\n  var suppressConnectErrors = false; // connect knows it is an error handler because it has 4 arguments instead of\n  // 3. go figure.  (It is not smart enough to find such a thing if it's hidden\n  // inside packageAndAppHandlers.)\n\n  app.use(function (err, req, res, next) {\n    if (!err || !suppressConnectErrors || !req.headers['x-suppress-error']) {\n      next(err);\n      return;\n    }\n\n    res.writeHead(err.status, {\n      'Content-Type': 'text/plain'\n    });\n    res.end(\"An error message\");\n  });\n  app.use(function (req, res, next) {\n    Promise.resolve().then(function () {\n      if (!appUrl(req.url)) {\n        return next();\n      }\n\n      var headers = {\n        'Content-Type': 'text/html; charset=utf-8'\n      };\n\n      if (shuttingDown) {\n        headers['Connection'] = 'Close';\n      }\n\n      var request = WebApp.categorizeRequest(req);\n\n      if (request.url.query && request.url.query['meteor_css_resource']) {\n        // In this case, we're requesting a CSS resource in the meteor-specific\n        // way, but we don't have it.  Serve a static css file that indicates that\n        // we didn't have it, so we can detect that and refresh.  Make sure\n        // that any proxies or CDNs don't cache this error!  (Normally proxies\n        // or CDNs are smart enough not to cache error pages, but in order to\n        // make this hack work, we need to return the CSS file as a 200, which\n        // would otherwise be cached.)\n        headers['Content-Type'] = 'text/css; charset=utf-8';\n        headers['Cache-Control'] = 'no-cache';\n        res.writeHead(200, headers);\n        res.write(\".meteor-css-not-found-error { width: 0px;}\");\n        res.end();\n        return;\n      }\n\n      if (request.url.query && request.url.query['meteor_js_resource']) {\n        // Similarly, we're requesting a JS resource that we don't have.\n        // Serve an uncached 404. (We can't use the same hack we use for CSS,\n        // because actually acting on that hack requires us to have the JS\n        // already!)\n        headers['Cache-Control'] = 'no-cache';\n        res.writeHead(404, headers);\n        res.end(\"404 Not Found\");\n        return;\n      }\n\n      if (request.url.query && request.url.query['meteor_dont_serve_index']) {\n        // When downloading files during a Cordova hot code push, we need\n        // to detect if a file is not available instead of inadvertently\n        // downloading the default index page.\n        // So similar to the situation above, we serve an uncached 404.\n        headers['Cache-Control'] = 'no-cache';\n        res.writeHead(404, headers);\n        res.end(\"404 Not Found\");\n        return;\n      } // /packages/asdfsad ... /__cordova/dafsdf.js\n\n\n      var pathname = parseRequest(req).pathname;\n      var archKey = pathname.split('/')[1];\n      var archKeyCleaned = 'web.' + archKey.replace(/^__/, '');\n\n      if (!/^__/.test(archKey) || !_.has(archPath, archKeyCleaned)) {\n        archKey = WebApp.defaultArch;\n      } else {\n        archKey = archKeyCleaned;\n      }\n\n      return getBoilerplateAsync(request, archKey).then(function (boilerplate) {\n        var statusCode = res.statusCode ? res.statusCode : 200;\n        res.writeHead(statusCode, headers);\n        res.write(boilerplate);\n        res.end();\n      }, function (error) {\n        Log.error(\"Error running template: \" + error.stack);\n        res.writeHead(500, headers);\n        res.end();\n      });\n    });\n  }); // Return 404 by default, if no other handlers serve this URL.\n\n  app.use(function (req, res) {\n    res.writeHead(404);\n    res.end();\n  });\n  var httpServer = createServer(app);\n  var onListeningCallbacks = []; // After 5 seconds w/o data on a socket, kill it.  On the other hand, if\n  // there's an outstanding request, give it a higher timeout instead (to avoid\n  // killing long-polling requests)\n\n  httpServer.setTimeout(SHORT_SOCKET_TIMEOUT); // Do this here, and then also in livedata/stream_server.js, because\n  // stream_server.js kills all the current request handlers when installing its\n  // own.\n\n  httpServer.on('request', WebApp._timeoutAdjustmentRequestCallback); // If the client gave us a bad request, tell it instead of just closing the\n  // socket. This lets load balancers in front of us differentiate between \"a\n  // server is randomly closing sockets for no reason\" and \"client sent a bad\n  // request\".\n  //\n  // This will only work on Node 6; Node 4 destroys the socket before calling\n  // this event. See https://github.com/nodejs/node/pull/4557/ for details.\n\n  httpServer.on('clientError', function (err, socket) {\n    // Pre-Node-6, do nothing.\n    if (socket.destroyed) {\n      return;\n    }\n\n    if (err.message === 'Parse Error') {\n      socket.end('HTTP/1.1 400 Bad Request\\r\\n\\r\\n');\n    } else {\n      // For other errors, use the default behavior as if we had no clientError\n      // handler.\n      socket.destroy(err);\n    }\n  }); // start up app\n\n  _.extend(WebApp, {\n    connectHandlers: packageAndAppHandlers,\n    rawConnectHandlers: rawConnectHandlers,\n    httpServer: httpServer,\n    connectApp: app,\n    // For testing.\n    suppressConnectErrors: function () {\n      suppressConnectErrors = true;\n    },\n    onListening: function (f) {\n      if (onListeningCallbacks) onListeningCallbacks.push(f);else f();\n    }\n  }); // Let the rest of the packages (and Meteor.startup hooks) insert connect\n  // middlewares and update __meteor_runtime_config__, then keep going to set up\n  // actually serving HTML.\n\n\n  exports.main = function (argv) {\n    WebAppInternals.generateBoilerplate(); // only start listening after all the startup code has run.\n\n    var localPort = WebAppInternals.parsePort(process.env.PORT) || 0;\n    var host = process.env.BIND_IP;\n    var localIp = host || '0.0.0.0';\n    httpServer.listen(localPort, localIp, Meteor.bindEnvironment(function () {\n      if (process.env.METEOR_PRINT_ON_LISTEN) {\n        console.log(\"LISTENING\"); // must match run-app.js\n      }\n\n      var callbacks = onListeningCallbacks;\n      onListeningCallbacks = null;\n\n      _.each(callbacks, function (x) {\n        x();\n      });\n    }, function (e) {\n      console.error(\"Error listening:\", e);\n      console.error(e && e.stack);\n    }));\n    return 'DAEMON';\n  };\n}\n\nrunWebAppServer();\nvar inlineScriptsAllowed = true;\n\nWebAppInternals.inlineScriptsAllowed = function () {\n  return inlineScriptsAllowed;\n};\n\nWebAppInternals.setInlineScriptsAllowed = function (value) {\n  inlineScriptsAllowed = value;\n  WebAppInternals.generateBoilerplate();\n};\n\nWebAppInternals.setBundledJsCssUrlRewriteHook = function (hookFn) {\n  bundledJsCssUrlRewriteHook = hookFn;\n  WebAppInternals.generateBoilerplate();\n};\n\nWebAppInternals.setBundledJsCssPrefix = function (prefix) {\n  var self = this;\n  self.setBundledJsCssUrlRewriteHook(function (url) {\n    return prefix + url;\n  });\n}; // Packages can call `WebAppInternals.addStaticJs` to specify static\n// JavaScript to be included in the app. This static JS will be inlined,\n// unless inline scripts have been disabled, in which case it will be\n// served under `/<sha1 of contents>`.\n\n\nvar additionalStaticJs = {};\n\nWebAppInternals.addStaticJs = function (contents) {\n  additionalStaticJs[\"/\" + sha1(contents) + \".js\"] = contents;\n}; // Exported for tests\n\n\nWebAppInternals.getBoilerplate = getBoilerplate;\nWebAppInternals.additionalStaticJs = additionalStaticJs;","map":{"version":3,"sources":["packages/webapp/webapp_server.js"],"names":["module1","module","export","WebApp","WebAppInternals","assert","watch","require","v","readFile","createServer","pathJoin","pathDirname","join","dirname","parseUrl","parse","createHash","connect","parseRequest","lookupUserAgent","lookup","send","SHORT_SOCKET_TIMEOUT","LONG_SOCKET_TIMEOUT","NpmModules","version","Npm","defaultArch","clientPrograms","archPath","bundledJsCssUrlRewriteHook","url","bundledPrefix","__meteor_runtime_config__","ROOT_URL_PATH_PREFIX","sha1","contents","hash","update","digest","readUtf8FileSync","filename","Meteor","wrapAsync","camelCase","name","parts","split","toLowerCase","i","length","charAt","toUpperCase","substr","identifyBrowser","userAgentString","userAgent","family","major","minor","patch","categorizeRequest","req","_","extend","browser","headers","pick","htmlAttributeHooks","getHtmlAttributes","request","combinedAttributes","each","hook","attributes","Error","addHtmlAttributeHook","push","appUrl","RoutePolicy","classify","startup","calculateClientHash","WebAppHashing","clientHash","archName","manifest","calculateClientHashRefreshable","calculateClientHashNonRefreshable","calculateClientHashCordova","_timeoutAdjustmentRequestCallback","res","setTimeout","finishListeners","listeners","removeAllListeners","on","l","boilerplateByArch","boilerplateDataCallbacks","Object","create","registerBoilerplateDataCallback","key","callback","previousCallback","strictEqual","memoizedBoilerplate","getBoilerplate","arch","getBoilerplateAsync","await","boilerplate","data","assign","baseData","htmlAttributes","madeChanges","promise","Promise","resolve","keys","forEach","then","result","useMemoized","dynamicHead","dynamicBody","toHTML","memHash","JSON","stringify","inlineScriptsAllowed","generateBoilerplateInstance","additionalOptions","runtimeConfig","clone","runtimeConfigOverrides","Boilerplate","pathMapper","itemPath","baseDataExtension","additionalStaticJs","map","pathname","meteorRuntimeConfig","encodeURIComponent","rootUrlPathPrefix","inline","staticFiles","staticFilesMiddleware","next","method","decodeURIComponent","e","serveStaticJs","s","writeHead","write","end","has","info","maxAge","cacheable","sourceMapUrl","setHeader","type","content","absolutePath","maxage","dotfiles","lastModified","err","Log","error","pipe","getUrlPrefixForArch","replace","parsePort","port","test","parseInt","runWebAppServer","shuttingDown","syncQueue","_SynchronousQueue","getItemPathname","itemUrl","reloadClientPrograms","runTask","generateClientProgram","clientPath","clientJsonPath","__meteor_bootstrap__","serverDir","clientDir","clientJson","format","urlPrefix","item","where","path","sourceMap","program","process","env","AUTOUPDATE_VERSION","cordovaCompatibilityVersions","PUBLIC_SETTINGS","clientPaths","configJson","stack","exit","generateBoilerplate","defaultOptionsForArch","DDP_DEFAULT_CONNECTION_URL","MOBILE_DDP_URL","absoluteUrl","ROOT_URL","MOBILE_ROOT_URL","cssFiles","css","allCss","cssFile","refreshableAssets","app","rawConnectHandlers","use","compress","isValidUrl","response","pathPrefix","substring","query","packageAndAppHandlers","suppressConnectErrors","status","archKey","archKeyCleaned","statusCode","httpServer","onListeningCallbacks","socket","destroyed","message","destroy","connectHandlers","connectApp","onListening","f","exports","main","argv","localPort","PORT","host","BIND_IP","localIp","listen","bindEnvironment","METEOR_PRINT_ON_LISTEN","console","log","callbacks","x","setInlineScriptsAllowed","value","setBundledJsCssUrlRewriteHook","hookFn","setBundledJsCssPrefix","prefix","self","addStaticJs"],"mappings":";;;;;;AAAA,IAAMA,UAAQC,MAAd;AAAqBD,QAAQE,MAAR,CAAe;AAACC,UAAO;AAAA,WAAIA,MAAJ;AAAA,GAAR;AAAmBC,mBAAgB;AAAA,WAAIA,eAAJ;AAAA;AAAnC,CAAf;AAAwE,IAAIC,eAAJ;AAAWL,QAAQM,KAAR,CAAcC,QAAQ,QAAR,CAAd,EAAgC;AAAA,uBAASC,CAAT,EAAW;AAACH,aAAOG,CAAP;AAAS;AAArB,CAAhC,EAAuD,CAAvD;AAA0D,IAAIC,iBAAJ;AAAaT,QAAQM,KAAR,CAAcC,QAAQ,IAAR,CAAd,EAA4B;AAACE,UAAD,YAAUD,CAAV,EAAY;AAACC,eAASD,CAAT;AAAW;AAAxB,CAA5B,EAAsD,CAAtD;AAAyD,IAAIE,qBAAJ;AAAiBV,QAAQM,KAAR,CAAcC,QAAQ,MAAR,CAAd,EAA8B;AAACG,cAAD,YAAcF,CAAd,EAAgB;AAACE,mBAAaF,CAAb;AAAe;AAAhC,CAA9B,EAAgE,CAAhE;AAAmE,IAAIG,iBAAJ;AAAA,IAAaC,oBAAb;AAAyBZ,QAAQM,KAAR,CAAcC,QAAQ,MAAR,CAAd,EAA8B;AAACM,MAAD,YAAML,CAAN,EAAQ;AAACG,eAASH,CAAT;AAAW,GAApB;AAAqBM,SAArB,YAA6BN,CAA7B,EAA+B;AAACI,kBAAYJ,CAAZ;AAAc;AAA9C,CAA9B,EAA8E,CAA9E;AAAiF,IAAIO,iBAAJ;AAAaf,QAAQM,KAAR,CAAcC,QAAQ,KAAR,CAAd,EAA6B;AAACS,OAAD,YAAOR,CAAP,EAAS;AAACO,eAASP,CAAT;AAAW;AAArB,CAA7B,EAAoD,CAApD;AAAuD,IAAIS,mBAAJ;AAAejB,QAAQM,KAAR,CAAcC,QAAQ,QAAR,CAAd,EAAgC;AAACU,YAAD,YAAYT,CAAZ,EAAc;AAACS,iBAAWT,CAAX;AAAa;AAA5B,CAAhC,EAA8D,CAA9D;AAAiE,IAAIU,gBAAJ;AAAYlB,QAAQM,KAAR,CAAcC,QAAQ,SAAR,CAAd,EAAiC;AAAA,uBAASC,CAAT,EAAW;AAACU,cAAQV,CAAR;AAAU;AAAtB,CAAjC,EAAyD,CAAzD;AAA4D,IAAIW,qBAAJ;AAAiBnB,QAAQM,KAAR,CAAcC,QAAQ,UAAR,CAAd,EAAkC;AAAA,uBAASC,CAAT,EAAW;AAACW,mBAAaX,CAAb;AAAe;AAA3B,CAAlC,EAA+D,CAA/D;AAAkE,IAAIY,wBAAJ;AAAoBpB,QAAQM,KAAR,CAAcC,QAAQ,WAAR,CAAd,EAAmC;AAACc,QAAD,YAAQb,CAAR,EAAU;AAACY,sBAAgBZ,CAAhB;AAAkB;AAA7B,CAAnC,EAAkE,CAAlE;AAAqE,IAAIc,aAAJ;AAAStB,QAAQM,KAAR,CAAcC,QAAQ,MAAR,CAAd,EAA8B;AAAA,uBAASC,CAAT,EAAW;AAACc,WAAKd,CAAL;AAAO;AAAnB,CAA9B,EAAmD,CAAnD;AAcvzB,IAAIe,uBAAuB,IAAE,IAA7B;AACA,IAAIC,sBAAsB,MAAI,IAA9B;AAEO,IAAMrB,SAAS,EAAf;AACA,IAAMC,kBAAkB,EAAxB;AAEPA,gBAAgBqB,UAAhB,GAA6B;AAC3BP,WAAS;AACPQ,aAASC,IAAIpB,OAAJ,CAAY,sBAAZ,EAAoCmB,OADtC;AAEPzB,YAAQiB;AAFD;AADkB,CAA7B;AAOAf,OAAOyB,WAAP,GAAqB,aAArB,C,CAEA;;AACAzB,OAAO0B,cAAP,GAAwB,EAAxB,C,CAEA;;AACA,IAAIC,WAAW,EAAf;;AAEA,IAAIC,6BAA6B,UAAUC,GAAV,EAAe;AAC9C,MAAIC,gBACDC,0BAA0BC,oBAA1B,IAAkD,EADrD;AAEA,SAAOF,gBAAgBD,GAAvB;AACD,CAJD;;AAMA,IAAII,OAAO,UAAUC,QAAV,EAAoB;AAC7B,MAAIC,OAAOrB,WAAW,MAAX,CAAX;AACAqB,OAAKC,MAAL,CAAYF,QAAZ;AACA,SAAOC,KAAKE,MAAL,CAAY,KAAZ,CAAP;AACD,CAJD;;AAMA,IAAIC,mBAAmB,UAAUC,QAAV,EAAoB;AACzC,SAAOC,OAAOC,SAAP,CAAiBnC,QAAjB,EAA2BiC,QAA3B,EAAqC,MAArC,CAAP;AACD,CAFD,C,CAIA;AACA;AACA;AACA;AACA;AACA;AACA;AACA;AACA;AACA;AACA;AACA;AACA;AACA;AACA;AACA;AACA;AACA;AACA;AACA;AACA;AACA;AACA;AACA;AACA;AACA;AACA;AACA;AACA;AACA;AACA;AACA;AACA;AAGA;;;AACA,IAAIG,YAAY,UAAUC,IAAV,EAAgB;AAC9B,MAAIC,QAAQD,KAAKE,KAAL,CAAW,GAAX,CAAZ;AACAD,QAAM,CAAN,IAAWA,MAAM,CAAN,EAASE,WAAT,EAAX;;AACA,OAAK,IAAIC,IAAI,CAAb,EAAiBA,IAAIH,MAAMI,MAA3B,EAAoC,EAAED,CAAtC,EAAyC;AACvCH,UAAMG,CAAN,IAAWH,MAAMG,CAAN,EAASE,MAAT,CAAgB,CAAhB,EAAmBC,WAAnB,KAAmCN,MAAMG,CAAN,EAASI,MAAT,CAAgB,CAAhB,CAA9C;AACD;;AACD,SAAOP,MAAMlC,IAAN,CAAW,EAAX,CAAP;AACD,CAPD;;AASA,IAAI0C,kBAAkB,UAAUC,eAAV,EAA2B;AAC/C,MAAIC,YAAYrC,gBAAgBoC,eAAhB,CAAhB;AACA,SAAO;AACLV,UAAMD,UAAUY,UAAUC,MAApB,CADD;AAELC,WAAO,CAACF,UAAUE,KAFb;AAGLC,WAAO,CAACH,UAAUG,KAHb;AAILC,WAAO,CAACJ,UAAUI;AAJb,GAAP;AAMD,CARD,C,CAUA;;;AACAzD,gBAAgBmD,eAAhB,GAAkCA,eAAlC;;AAEApD,OAAO2D,iBAAP,GAA2B,UAAUC,GAAV,EAAe;AACxC,SAAOC,EAAEC,MAAF,CAAS;AACdC,aAASX,gBAAgBQ,IAAII,OAAJ,CAAY,YAAZ,CAAhB,CADK;AAEdnC,SAAKjB,SAASgD,IAAI/B,GAAb,EAAkB,IAAlB;AAFS,GAAT,EAGJgC,EAAEI,IAAF,CAAOL,GAAP,EAAY,aAAZ,EAA2B,aAA3B,CAHI,CAAP;AAID,CALD,C,CAOA;AACA;AACA;;;AACA,IAAIM,qBAAqB,EAAzB;;AACA,IAAIC,oBAAoB,UAAUC,OAAV,EAAmB;AACzC,MAAIC,qBAAsB,EAA1B;;AACAR,IAAES,IAAF,CAAOJ,sBAAsB,EAA7B,EAAiC,UAAUK,IAAV,EAAgB;AAC/C,QAAIC,aAAaD,KAAKH,OAAL,CAAjB;AACA,QAAII,eAAe,IAAnB,EACE;AACF,QAAI,QAAOA,UAAP,uDAAOA,UAAP,OAAsB,QAA1B,EACE,MAAMC,MAAM,gDAAN,CAAN;;AACFZ,MAAEC,MAAF,CAASO,kBAAT,EAA6BG,UAA7B;AACD,GAPD;;AAQA,SAAOH,kBAAP;AACD,CAXD;;AAYArE,OAAO0E,oBAAP,GAA8B,UAAUH,IAAV,EAAgB;AAC5CL,qBAAmBS,IAAnB,CAAwBJ,IAAxB;AACD,CAFD,C,CAIA;;;AACA,IAAIK,SAAS,UAAU/C,GAAV,EAAe;AAC1B,MAAIA,QAAQ,cAAR,IAA0BA,QAAQ,aAAtC,EACE,OAAO,KAAP,CAFwB,CAI1B;AACA;AACA;AACA;AACA;AACA;;AACA,MAAIA,QAAQ,eAAZ,EACE,OAAO,KAAP,CAXwB,CAa1B;;AACA,MAAIgD,YAAYC,QAAZ,CAAqBjD,GAArB,CAAJ,EACE,OAAO,KAAP,CAfwB,CAiB1B;;AACA,SAAO,IAAP;AACD,CAnBD,C,CAsBA;AACA;AACA;AACA;AACA;AACA;AACA;AACA;AACA;AACA;AACA;AACA;AACA;AACA;AACA;AACA;;;AAEAW,OAAOuC,OAAP,CAAe,YAAY;AACzB,MAAIC,sBAAsBC,cAAcD,mBAAxC;;AACAhF,SAAOkF,UAAP,GAAoB,UAAUC,QAAV,EAAoB;AACtCA,eAAWA,YAAYnF,OAAOyB,WAA9B;AACA,WAAOuD,oBAAoBhF,OAAO0B,cAAP,CAAsByD,QAAtB,EAAgCC,QAApD,CAAP;AACD,GAHD;;AAKApF,SAAOqF,8BAAP,GAAwC,UAAUF,QAAV,EAAoB;AAC1DA,eAAWA,YAAYnF,OAAOyB,WAA9B;AACA,WAAOuD,oBAAoBhF,OAAO0B,cAAP,CAAsByD,QAAtB,EAAgCC,QAApD,EACL,UAAUzC,IAAV,EAAgB;AACd,aAAOA,SAAS,KAAhB;AACD,KAHI,CAAP;AAID,GAND;;AAOA3C,SAAOsF,iCAAP,GAA2C,UAAUH,QAAV,EAAoB;AAC7DA,eAAWA,YAAYnF,OAAOyB,WAA9B;AACA,WAAOuD,oBAAoBhF,OAAO0B,cAAP,CAAsByD,QAAtB,EAAgCC,QAApD,EACL,UAAUzC,IAAV,EAAgB;AACd,aAAOA,SAAS,KAAhB;AACD,KAHI,CAAP;AAID,GAND;;AAOA3C,SAAOuF,0BAAP,GAAoC,YAAY;AAC9C,QAAIJ,WAAW,aAAf;AACA,QAAI,CAAEnF,OAAO0B,cAAP,CAAsByD,QAAtB,CAAN,EACE,OAAO,MAAP;AAEF,WAAOH,oBACLhF,OAAO0B,cAAP,CAAsByD,QAAtB,EAAgCC,QAD3B,EACqC,IADrC,EAC2CvB,EAAEI,IAAF,CAC9ClC,yBAD8C,EACnB,iBADmB,CAD3C,CAAP;AAGD,GARD;AASD,CA9BD,E,CAkCA;AACA;AACA;AACA;AACA;;AACA/B,OAAOwF,iCAAP,GAA2C,UAAU5B,GAAV,EAAe6B,GAAf,EAAoB;AAC7D;AACA7B,MAAI8B,UAAJ,CAAerE,mBAAf,EAF6D,CAG7D;AACA;;AACA,MAAIsE,kBAAkBF,IAAIG,SAAJ,CAAc,QAAd,CAAtB,CAL6D,CAM7D;AACA;AACA;AACA;;AACAH,MAAII,kBAAJ,CAAuB,QAAvB;AACAJ,MAAIK,EAAJ,CAAO,QAAP,EAAiB,YAAY;AAC3BL,QAAIC,UAAJ,CAAetE,oBAAf;AACD,GAFD;;AAGAyC,IAAES,IAAF,CAAOqB,eAAP,EAAwB,UAAUI,CAAV,EAAa;AAAEN,QAAIK,EAAJ,CAAO,QAAP,EAAiBC,CAAjB;AAAsB,GAA7D;AACD,CAfD,C,CAkBA;AACA;AACA;AACA;AACA;;;AACA,IAAIC,oBAAoB,EAAxB,C,CAEA;AACA;AACA;AACA;AACA;AACA;AACA;;AACA,IAAMC,2BAA2BC,OAAOC,MAAP,CAAc,IAAd,CAAjC;;AACAlG,gBAAgBmG,+BAAhB,GAAkD,UAAUC,GAAV,EAAeC,QAAf,EAAyB;AACzE,MAAMC,mBAAmBN,yBAAyBI,GAAzB,CAAzB;;AAEA,MAAI,OAAOC,QAAP,KAAoB,UAAxB,EAAoC;AAClCL,6BAAyBI,GAAzB,IAAgCC,QAAhC;AACD,GAFD,MAEO;AACLpG,WAAOsG,WAAP,CAAmBF,QAAnB,EAA6B,IAA7B;AACA,WAAOL,yBAAyBI,GAAzB,CAAP;AACD,GARwE,CAUzE;AACA;;;AACA,SAAOE,oBAAoB,IAA3B;AACD,CAbD,C,CAeA;AACA;AACA;AACA;AACA;AACA;AACA;AACA;;;AACA,IAAIE,sBAAsB,EAA1B;;AAEA,SAASC,cAAT,CAAwBtC,OAAxB,EAAiCuC,IAAjC,EAAuC;AACrC,SAAOC,oBAAoBxC,OAApB,EAA6BuC,IAA7B,EAAmCE,KAAnC,EAAP;AACD;;AAED,SAASD,mBAAT,CAA6BxC,OAA7B,EAAsCuC,IAAtC,EAA4C;AAC1C,MAAMG,cAAcd,kBAAkBW,IAAlB,CAApB;AACA,MAAMI,OAAOb,OAAOc,MAAP,CAAc,EAAd,EAAkBF,YAAYG,QAA9B,EAAwC;AACnDC,oBAAgB/C,kBAAkBC,OAAlB;AADmC,GAAxC,EAEVP,EAAEI,IAAF,CAAOG,OAAP,EAAgB,aAAhB,EAA+B,aAA/B,CAFU,CAAb;AAIA,MAAI+C,cAAc,KAAlB;AACA,MAAIC,UAAUC,QAAQC,OAAR,EAAd;AAEApB,SAAOqB,IAAP,CAAYtB,wBAAZ,EAAsCuB,OAAtC,CAA8C,eAAO;AACnDJ,cAAUA,QAAQK,IAAR,CAAa,YAAM;AAC3B,UAAMnB,WAAWL,yBAAyBI,GAAzB,CAAjB;AACA,aAAOC,SAASlC,OAAT,EAAkB2C,IAAlB,EAAwBJ,IAAxB,CAAP;AACD,KAHS,EAGPc,IAHO,CAGF,kBAAU;AAChB;AACA,UAAIC,WAAW,KAAf,EAAsB;AACpBP,sBAAc,IAAd;AACD;AACF,KARS,CAAV;AASD,GAVD;AAYA,SAAOC,QAAQK,IAAR,CAAa,YAAM;AACxB,QAAME,cAAc,EAClBZ,KAAKa,WAAL,IACAb,KAAKc,WADL,IAEAV,WAHkB,CAApB;;AAMA,QAAI,CAAEQ,WAAN,EAAmB;AACjB,aAAOb,YAAYgB,MAAZ,CAAmBf,IAAnB,CAAP;AACD,KATuB,CAWxB;AACA;AACA;AACA;;;AACA,QAAIgB,UAAUC,KAAKC,SAAL,CAAe;AAC3BC,gDAD2B;AAE3BhB,sBAAgBH,KAAKG,cAFM;AAG3BP;AAH2B,KAAf,CAAd;;AAMA,QAAI,CAAEF,oBAAoBsB,OAApB,CAAN,EAAoC;AAClCtB,0BAAoBsB,OAApB,IACE/B,kBAAkBW,IAAlB,EAAwBmB,MAAxB,CAA+Bf,IAA/B,CADF;AAED;;AAED,WAAON,oBAAoBsB,OAApB,CAAP;AACD,GA3BM,CAAP;AA4BD;;AAED9H,gBAAgBkI,2BAAhB,GAA8C,UAAUxB,IAAV,EACUvB,QADV,EAEUgD,iBAFV,EAE6B;AACzEA,sBAAoBA,qBAAqB,EAAzC;;AAEA,MAAIC,gBAAgBxE,EAAEC,MAAF,CAClBD,EAAEyE,KAAF,CAAQvG,yBAAR,CADkB,EAElBqG,kBAAkBG,sBAAlB,IAA4C,EAF1B,CAApB;;AAIA,SAAO,IAAIC,WAAJ,CAAgB7B,IAAhB,EAAsBvB,QAAtB,EACLvB,EAAEC,MAAF,CAAS;AACP2E,gBAAY,UAAUC,QAAV,EAAoB;AAC9B,aAAOlI,SAASmB,SAASgF,IAAT,CAAT,EAAyB+B,QAAzB,CAAP;AAA4C,KAFvC;AAGPC,uBAAmB;AACjBC,0BAAoB/E,EAAEgF,GAAF,CAClBD,sBAAsB,EADJ,EAElB,UAAU1G,QAAV,EAAoB4G,QAApB,EAA8B;AAC5B,eAAO;AACLA,oBAAUA,QADL;AAEL5G,oBAAUA;AAFL,SAAP;AAID,OAPiB,CADH;AAUjB;AACA;AACA;AACA;AACA;AACA;AACA6G,2BAAqBf,KAAKC,SAAL,CACnBe,mBAAmBhB,KAAKC,SAAL,CAAeI,aAAf,CAAnB,CADmB,CAhBJ;AAkBjBY,yBAAmBlH,0BAA0BC,oBAA1B,IAAkD,EAlBpD;AAmBjBJ,kCAA4BA,0BAnBX;AAoBjBsG,4BAAsBjI,gBAAgBiI,oBAAhB,EApBL;AAqBjBgB,cAAQd,kBAAkBc;AArBT;AAHZ,GAAT,EA0BGd,iBA1BH,CADK,CAAP;AA6BD,CAtCD,C,CAwCA;AACA;AACA;AACA;AACA;AACA;AACA;AACA;;;AAEA,IAAIe,WAAJ,C,CAEA;AACA;;AACAlJ,gBAAgBmJ,qBAAhB,GAAwC,UAAUD,WAAV,EAAuBvF,GAAvB,EAA4B6B,GAA5B,EAAiC4D,IAAjC,EAAuC;AAC7E,MAAI,SAASzF,IAAI0F,MAAb,IAAuB,UAAU1F,IAAI0F,MAArC,IAA+C,aAAa1F,IAAI0F,MAApE,EAA4E;AAC1ED;AACA;AACD;;AACD,MAAIP,WAAW9H,aAAa4C,GAAb,EAAkBkF,QAAjC;;AACA,MAAI;AACFA,eAAWS,mBAAmBT,QAAnB,CAAX;AACD,GAFD,CAEE,OAAOU,CAAP,EAAU;AACVH;AACA;AACD;;AAED,MAAII,gBAAgB,UAAUC,CAAV,EAAa;AAC/BjE,QAAIkE,SAAJ,CAAc,GAAd,EAAmB;AACjB,sBAAgB;AADC,KAAnB;AAGAlE,QAAImE,KAAJ,CAAUF,CAAV;AACAjE,QAAIoE,GAAJ;AACD,GAND;;AAQA,MAAIf,aAAa,2BAAb,IACA,CAAE7I,gBAAgBiI,oBAAhB,EADN,EAC8C;AAC5CuB,kBAAc,iCACAzB,KAAKC,SAAL,CAAelG,yBAAf,CADA,GAC4C,GAD1D;AAEA;AACD,GALD,MAKO,IAAI8B,EAAEiG,GAAF,CAAMlB,kBAAN,EAA0BE,QAA1B,KACC,CAAE7I,gBAAgBiI,oBAAhB,EADP,EAC+C;AACpDuB,kBAAcb,mBAAmBE,QAAnB,CAAd;AACA;AACD;;AAED,MAAI,CAACjF,EAAEiG,GAAF,CAAMX,WAAN,EAAmBL,QAAnB,CAAL,EAAmC;AACjCO;AACA;AACD,GAnC4E,CAqC7E;AACA;AACA;;;AAEA,MAAIU,OAAOZ,YAAYL,QAAZ,CAAX,CAzC6E,CA2C7E;AACA;AACA;;AACA,MAAIkB,SAASD,KAAKE,SAAL,GACL,OAAO,EAAP,GAAY,EAAZ,GAAiB,EAAjB,GAAsB,GADjB,GAEL,CAFR,CA9C6E,CAkD7E;AACA;AACA;AACA;AACA;AACA;;AACA,MAAIF,KAAKG,YAAT,EAAuB;AACrBzE,QAAI0E,SAAJ,CAAc,aAAd,EACcpI,0BAA0BC,oBAA1B,GACA+H,KAAKG,YAFnB;AAGD;;AAED,MAAIH,KAAKK,IAAL,KAAc,IAAd,IACAL,KAAKK,IAAL,KAAc,YADlB,EACgC;AAC9B3E,QAAI0E,SAAJ,CAAc,cAAd,EAA8B,uCAA9B;AACD,GAHD,MAGO,IAAIJ,KAAKK,IAAL,KAAc,KAAlB,EAAyB;AAC9B3E,QAAI0E,SAAJ,CAAc,cAAd,EAA8B,yBAA9B;AACD,GAFM,MAEA,IAAIJ,KAAKK,IAAL,KAAc,MAAlB,EAA0B;AAC/B3E,QAAI0E,SAAJ,CAAc,cAAd,EAA8B,iCAA9B;AACD;;AAED,MAAIJ,KAAK5H,IAAT,EAAe;AACbsD,QAAI0E,SAAJ,CAAc,MAAd,EAAsB,MAAMJ,KAAK5H,IAAX,GAAkB,GAAxC;AACD;;AAED,MAAI4H,KAAKM,OAAT,EAAkB;AAChB5E,QAAImE,KAAJ,CAAUG,KAAKM,OAAf;AACA5E,QAAIoE,GAAJ;AACD,GAHD,MAGO;AACL1I,SAAKyC,GAAL,EAAUmG,KAAKO,YAAf,EAA6B;AACzBC,cAAQP,MADiB;AAEzBQ,gBAAU,OAFe;AAEN;AACnBC,oBAAc,KAHW,CAGL;;AAHK,KAA7B,EAIK3E,EAJL,CAIQ,OAJR,EAIiB,UAAU4E,GAAV,EAAe;AAC5BC,UAAIC,KAAJ,CAAU,+BAA+BF,GAAzC;AACAjF,UAAIkE,SAAJ,CAAc,GAAd;AACAlE,UAAIoE,GAAJ;AACD,KARH,EASG/D,EATH,CASM,WATN,EASmB,YAAY;AAC3B6E,UAAIC,KAAJ,CAAU,0BAA0Bb,KAAKO,YAAzC;AACA7E,UAAIkE,SAAJ,CAAc,GAAd;AACAlE,UAAIoE,GAAJ;AACD,KAbH,EAcGgB,IAdH,CAcQpF,GAdR;AAeD;AACF,CA/FD;;AAiGA,IAAIqF,sBAAsB,UAAUnE,IAAV,EAAgB;AACxC;AACA;AAEA;AACA;AACA,SAAOA,SAAS3G,OAAOyB,WAAhB,GACL,EADK,GACA,MAAM,IAAN,GAAakF,KAAKoE,OAAL,CAAa,QAAb,EAAuB,EAAvB,CADpB;AAED,CARD,C,CAUA;;;AACA9K,gBAAgB+K,SAAhB,GAA4B,UAAUC,IAAV,EAAgB;AAC1C,MAAI,qBAAqBC,IAArB,CAA0BD,IAA1B,CAAJ,EAAsC;AACpC,WAAOA,IAAP;AACD;;AAED,SAAOE,SAASF,IAAT,CAAP;AACD,CAND;;AAQA,SAASG,eAAT,GAA2B;AACzB,MAAIC,eAAe,KAAnB;AACA,MAAIC,YAAY,IAAI9I,OAAO+I,iBAAX,EAAhB;;AAEA,MAAIC,kBAAkB,UAAUC,OAAV,EAAmB;AACvC,WAAOlC,mBAAmB3I,SAAS6K,OAAT,EAAkB3C,QAArC,CAAP;AACD,GAFD;;AAIA7I,kBAAgByL,oBAAhB,GAAuC,YAAY;AACjDJ,cAAUK,OAAV,CAAkB,YAAW;AAC3BxC,oBAAc,EAAd;;AACA,UAAIyC,wBAAwB,UAAUC,UAAV,EAAsBlF,IAAtB,EAA4B;AACtD;AACA,YAAImF,iBAAiBtL,SAASuL,qBAAqBC,SAA9B,EACMH,UADN,CAArB;AAEA,YAAII,YAAYxL,YAAYqL,cAAZ,CAAhB;AACA,YAAII,aAAalE,KAAKnH,KAAL,CAAWyB,iBAAiBwJ,cAAjB,CAAX,CAAjB;AACA,YAAII,WAAWC,MAAX,KAAsB,kBAA1B,EACE,MAAM,IAAI1H,KAAJ,CAAU,2CACAuD,KAAKC,SAAL,CAAeiE,WAAWC,MAA1B,CADV,CAAN;AAGF,YAAI,CAAEL,cAAF,IAAoB,CAAEG,SAAtB,IAAmC,CAAEC,UAAzC,EACE,MAAM,IAAIzH,KAAJ,CAAU,gCAAV,CAAN;AAEF,YAAI2H,YAAYtB,oBAAoBnE,IAApB,CAAhB;AAEA,YAAIvB,WAAW8G,WAAW9G,QAA1B;;AACAvB,UAAES,IAAF,CAAOc,QAAP,EAAiB,UAAUiH,IAAV,EAAgB;AAC/B,cAAIA,KAAKxK,GAAL,IAAYwK,KAAKC,KAAL,KAAe,QAA/B,EAAyC;AACvCnD,wBAAYiD,YAAYZ,gBAAgBa,KAAKxK,GAArB,CAAxB,IAAqD;AACnDyI,4BAAc9J,SAASyL,SAAT,EAAoBI,KAAKE,IAAzB,CADqC;AAEnDtC,yBAAWoC,KAAKpC,SAFmC;AAGnD9H,oBAAMkK,KAAKlK,IAHwC;AAInD;AACA+H,4BAAcmC,KAAKnC,YALgC;AAMnDE,oBAAMiC,KAAKjC;AANwC,aAArD;;AASA,gBAAIiC,KAAKG,SAAT,EAAoB;AAClB;AACA;AACArD,0BAAYiD,YAAYZ,gBAAgBa,KAAKnC,YAArB,CAAxB,IAA8D;AAC5DI,8BAAc9J,SAASyL,SAAT,EAAoBI,KAAKG,SAAzB,CAD8C;AAE5DvC,2BAAW;AAFiD,eAA9D;AAID;AACF;AACF,SApBD;;AAsBA,YAAIwC,UAAU;AACZN,kBAAQ,kBADI;AAEZ/G,oBAAUA,QAFE;AAGZ7D,mBAASmL,QAAQC,GAAR,CAAYC,kBAAZ,IACP3H,cAAcD,mBAAd,CACEI,QADF,EAEE,IAFF,EAGEvB,EAAEI,IAAF,CAAOlC,yBAAP,EAAkC,iBAAlC,CAHF,CAJU;AASZ8K,wCAA8BX,WAAWW,4BAT7B;AAUZC,2BAAiB/K,0BAA0B+K;AAV/B,SAAd;AAaA9M,eAAO0B,cAAP,CAAsBiF,IAAtB,IAA8B8F,OAA9B,CAnDsD,CAqDtD;AACA;;AACAtD,oBAAYiD,YAAYZ,gBAAgB,gBAAhB,CAAxB,IAA6D;AAC3DnB,mBAASrC,KAAKC,SAAL,CAAewE,OAAf,CADkD;AAE3DxC,qBAAW,KAFgD;AAG3D9H,gBAAMsK,QAAQlL,OAH6C;AAI3D6I,gBAAM;AAJqD,SAA7D;AAMD,OA7DD;;AA+DA,UAAI;AACF,YAAI2C,cAAchB,qBAAqBiB,UAArB,CAAgCD,WAAlD;;AACAlJ,UAAES,IAAF,CAAOyI,WAAP,EAAoB,UAAUlB,UAAV,EAAsBlF,IAAtB,EAA4B;AAC9ChF,mBAASgF,IAAT,IAAiBlG,YAAYoL,UAAZ,CAAjB;AACAD,gCAAsBC,UAAtB,EAAkClF,IAAlC;AACD,SAHD,EAFE,CAOF;;;AACA1G,wBAAgBkJ,WAAhB,GAA8BA,WAA9B;AACD,OATD,CASE,OAAOK,CAAP,EAAU;AACVmB,YAAIC,KAAJ,CAAU,yCAAyCpB,EAAEyD,KAArD;AACAP,gBAAQQ,IAAR,CAAa,CAAb;AACD;AACF,KA9ED;AA+ED,GAhFD;;AAkFAjN,kBAAgBkN,mBAAhB,GAAsC,YAAY;AAChD;AACA;AACA;AACA;AACA,QAAIC,wBAAwB;AAC1B,qBAAe;AACb7E,gCAAwB;AACtB;AACA;AACA;AACA;AACA;AACA;AACA;AACA;AACA;AACA;AACA8E,sCAA4BX,QAAQC,GAAR,CAAYW,cAAZ,IAC1B9K,OAAO+K,WAAP,EAZoB;AAatBC,oBAAUd,QAAQC,GAAR,CAAYc,eAAZ,IACRjL,OAAO+K,WAAP;AAdoB;AADX;AADW,KAA5B;AAqBAjC,cAAUK,OAAV,CAAkB,YAAW;AAC3B9H,QAAES,IAAF,CAAOtE,OAAO0B,cAAd,EAA8B,UAAU+K,OAAV,EAAmBtH,QAAnB,EAA6B;AACzDa,0BAAkBb,QAAlB,IACElF,gBAAgBkI,2BAAhB,CACEhD,QADF,EACYsH,QAAQrH,QADpB,EAEEgI,sBAAsBjI,QAAtB,CAFF,CADF;AAID,OALD,EAD2B,CAQ3B;;;AACAsB,4BAAsB,EAAtB,CAT2B,CAW3B;AACA;;AACA,UAAIiH,WAAW1H,kBAAkBhG,OAAOyB,WAAzB,EAAsCwF,QAAtC,CAA+C0G,GAA9D,CAb2B,CAc3B;AACA;;AACA,UAAIC,SAAS/J,EAAEgF,GAAF,CAAM6E,QAAN,EAAgB,UAASG,OAAT,EAAkB;AAC7C,eAAO;AAAEhM,eAAKD,2BAA2BiM,QAAQhM,GAAnC;AAAP,SAAP;AACD,OAFY,CAAb;;AAGA5B,sBAAgB6N,iBAAhB,GAAoC;AAAEF;AAAF,OAApC;AACD,KApBD;AAqBD,GA/CD;;AAiDA3N,kBAAgByL,oBAAhB,GA3IyB,CA6IzB;;AACA,MAAIqC,MAAMhN,SAAV,CA9IyB,CAgJzB;AACA;;AACA,MAAIiN,qBAAqBjN,SAAzB;AACAgN,MAAIE,GAAJ,CAAQD,kBAAR,EAnJyB,CAqJzB;;AACAD,MAAIE,GAAJ,CAAQlN,QAAQmN,QAAR,EAAR,EAtJyB,CAwJzB;AACA;;AACAH,MAAIE,GAAJ,CAAQ,UAASrK,GAAT,EAAc6B,GAAd,EAAmB4D,IAAnB,EAAyB;AAC/B,QAAIxE,YAAYsJ,UAAZ,CAAuBvK,IAAI/B,GAA3B,CAAJ,EAAqC;AACnCwH;AACA;AACD;;AACD5D,QAAIkE,SAAJ,CAAc,GAAd;AACAlE,QAAImE,KAAJ,CAAU,aAAV;AACAnE,QAAIoE,GAAJ;AACD,GARD,EA1JyB,CAoKzB;;AACAkE,MAAIE,GAAJ,CAAQ,UAAU7J,OAAV,EAAmBgK,QAAnB,EAA6B/E,IAA7B,EAAmC;AACzC,QAAIgF,aAAatM,0BAA0BC,oBAA3C;;AACA,QAAIH,MAAML,IAAIpB,OAAJ,CAAY,KAAZ,EAAmBS,KAAnB,CAAyBuD,QAAQvC,GAAjC,CAAV;;AACA,QAAIiH,WAAWjH,IAAIiH,QAAnB,CAHyC,CAIzC;AACA;;AACA,QAAIuF,cAAcvF,SAASwF,SAAT,CAAmB,CAAnB,EAAsBD,WAAWrL,MAAjC,MAA6CqL,UAA3D,KACAvF,SAAS9F,MAAT,IAAmBqL,WAAWrL,MAA9B,IACG8F,SAASwF,SAAT,CAAmBD,WAAWrL,MAA9B,EAAsCqL,WAAWrL,MAAX,GAAoB,CAA1D,MAAiE,GAFpE,CAAJ,EAE8E;AAC5EoB,cAAQvC,GAAR,GAAcuC,QAAQvC,GAAR,CAAYyM,SAAZ,CAAsBD,WAAWrL,MAAjC,CAAd;AACAqG;AACD,KALD,MAKO,IAAIP,aAAa,cAAb,IAA+BA,aAAa,aAAhD,EAA+D;AACpEO;AACD,KAFM,MAEA,IAAIgF,UAAJ,EAAgB;AACrBD,eAASzE,SAAT,CAAmB,GAAnB;AACAyE,eAASxE,KAAT,CAAe,cAAf;AACAwE,eAASvE,GAAT;AACD,KAJM,MAIA;AACLR;AACD;AACF,GApBD,EArKyB,CA2LzB;AACA;;AACA0E,MAAIE,GAAJ,CAAQlN,QAAQwN,KAAR,EAAR,EA7LyB,CA+LzB;AACA;;AACAR,MAAIE,GAAJ,CAAQ,UAAUrK,GAAV,EAAe6B,GAAf,EAAoB4D,IAApB,EAA0B;AAChChC,YAAQC,OAAR,GAAkBG,IAAlB,CAAuB,YAAM;AAC3BxH,sBAAgBmJ,qBAAhB,CAAsCD,WAAtC,EAAmDvF,GAAnD,EAAwD6B,GAAxD,EAA6D4D,IAA7D;AACD,KAFD;AAGD,GAJD,EAjMyB,CAuMzB;AACA;;AACA,MAAImF,wBAAwBzN,SAA5B;AACAgN,MAAIE,GAAJ,CAAQO,qBAAR;AAEA,MAAIC,wBAAwB,KAA5B,CA5MyB,CA6MzB;AACA;AACA;;AACAV,MAAIE,GAAJ,CAAQ,UAAUvD,GAAV,EAAe9G,GAAf,EAAoB6B,GAApB,EAAyB4D,IAAzB,EAA+B;AACrC,QAAI,CAACqB,GAAD,IAAQ,CAAC+D,qBAAT,IAAkC,CAAC7K,IAAII,OAAJ,CAAY,kBAAZ,CAAvC,EAAwE;AACtEqF,WAAKqB,GAAL;AACA;AACD;;AACDjF,QAAIkE,SAAJ,CAAce,IAAIgE,MAAlB,EAA0B;AAAE,sBAAgB;AAAlB,KAA1B;AACAjJ,QAAIoE,GAAJ,CAAQ,kBAAR;AACD,GAPD;AASAkE,MAAIE,GAAJ,CAAQ,UAAUrK,GAAV,EAAe6B,GAAf,EAAoB4D,IAApB,EAA0B;AAChChC,YAAQC,OAAR,GAAkBG,IAAlB,CAAuB,YAAM;AAC3B,UAAI,CAAE7C,OAAOhB,IAAI/B,GAAX,CAAN,EAAuB;AACrB,eAAOwH,MAAP;AACD;;AAED,UAAIrF,UAAU;AACZ,wBAAgB;AADJ,OAAd;;AAIA,UAAIqH,YAAJ,EAAkB;AAChBrH,gBAAQ,YAAR,IAAwB,OAAxB;AACD;;AAED,UAAII,UAAUpE,OAAO2D,iBAAP,CAAyBC,GAAzB,CAAd;;AAEA,UAAIQ,QAAQvC,GAAR,CAAY0M,KAAZ,IAAqBnK,QAAQvC,GAAR,CAAY0M,KAAZ,CAAkB,qBAAlB,CAAzB,EAAmE;AACjE;AACA;AACA;AACA;AACA;AACA;AACA;AACAvK,gBAAQ,cAAR,IAA0B,yBAA1B;AACAA,gBAAQ,eAAR,IAA2B,UAA3B;AACAyB,YAAIkE,SAAJ,CAAc,GAAd,EAAmB3F,OAAnB;AACAyB,YAAImE,KAAJ,CAAU,4CAAV;AACAnE,YAAIoE,GAAJ;AACA;AACD;;AAED,UAAIzF,QAAQvC,GAAR,CAAY0M,KAAZ,IAAqBnK,QAAQvC,GAAR,CAAY0M,KAAZ,CAAkB,oBAAlB,CAAzB,EAAkE;AAChE;AACA;AACA;AACA;AACAvK,gBAAQ,eAAR,IAA2B,UAA3B;AACAyB,YAAIkE,SAAJ,CAAc,GAAd,EAAmB3F,OAAnB;AACAyB,YAAIoE,GAAJ,CAAQ,eAAR;AACA;AACD;;AAED,UAAIzF,QAAQvC,GAAR,CAAY0M,KAAZ,IAAqBnK,QAAQvC,GAAR,CAAY0M,KAAZ,CAAkB,yBAAlB,CAAzB,EAAuE;AACrE;AACA;AACA;AACA;AACAvK,gBAAQ,eAAR,IAA2B,UAA3B;AACAyB,YAAIkE,SAAJ,CAAc,GAAd,EAAmB3F,OAAnB;AACAyB,YAAIoE,GAAJ,CAAQ,eAAR;AACA;AACD,OAnD0B,CAqD3B;;;AACA,UAAIf,WAAW9H,aAAa4C,GAAb,EAAkBkF,QAAjC;AACA,UAAI6F,UAAU7F,SAASjG,KAAT,CAAe,GAAf,EAAoB,CAApB,CAAd;AACA,UAAI+L,iBAAiB,SAASD,QAAQ5D,OAAR,CAAgB,KAAhB,EAAuB,EAAvB,CAA9B;;AAEA,UAAI,CAAC,MAAMG,IAAN,CAAWyD,OAAX,CAAD,IAAwB,CAAC9K,EAAEiG,GAAF,CAAMnI,QAAN,EAAgBiN,cAAhB,CAA7B,EAA8D;AAC5DD,kBAAU3O,OAAOyB,WAAjB;AACD,OAFD,MAEO;AACLkN,kBAAUC,cAAV;AACD;;AAED,aAAOhI,oBACLxC,OADK,EAELuK,OAFK,EAGLlH,IAHK,CAGA,uBAAe;AACpB,YAAIoH,aAAapJ,IAAIoJ,UAAJ,GAAiBpJ,IAAIoJ,UAArB,GAAkC,GAAnD;AACApJ,YAAIkE,SAAJ,CAAckF,UAAd,EAA0B7K,OAA1B;AACAyB,YAAImE,KAAJ,CAAU9C,WAAV;AACArB,YAAIoE,GAAJ;AACD,OARM,EAQJ,iBAAS;AACVc,YAAIC,KAAJ,CAAU,6BAA6BA,MAAMqC,KAA7C;AACAxH,YAAIkE,SAAJ,CAAc,GAAd,EAAmB3F,OAAnB;AACAyB,YAAIoE,GAAJ;AACD,OAZM,CAAP;AAaD,KA7ED;AA8ED,GA/ED,EAzNyB,CA0SzB;;AACAkE,MAAIE,GAAJ,CAAQ,UAAUrK,GAAV,EAAe6B,GAAf,EAAoB;AAC1BA,QAAIkE,SAAJ,CAAc,GAAd;AACAlE,QAAIoE,GAAJ;AACD,GAHD;AAMA,MAAIiF,aAAavO,aAAawN,GAAb,CAAjB;AACA,MAAIgB,uBAAuB,EAA3B,CAlTyB,CAoTzB;AACA;AACA;;AACAD,aAAWpJ,UAAX,CAAsBtE,oBAAtB,EAvTyB,CAyTzB;AACA;AACA;;AACA0N,aAAWhJ,EAAX,CAAc,SAAd,EAAyB9F,OAAOwF,iCAAhC,EA5TyB,CA8TzB;AACA;AACA;AACA;AACA;AACA;AACA;;AACAsJ,aAAWhJ,EAAX,CAAc,aAAd,EAA6B,UAAC4E,GAAD,EAAMsE,MAAN,EAAiB;AAC5C;AACA,QAAIA,OAAOC,SAAX,EAAsB;AACpB;AACD;;AAED,QAAIvE,IAAIwE,OAAJ,KAAgB,aAApB,EAAmC;AACjCF,aAAOnF,GAAP,CAAW,kCAAX;AACD,KAFD,MAEO;AACL;AACA;AACAmF,aAAOG,OAAP,CAAezE,GAAf;AACD;AACF,GAbD,EArUyB,CAoVzB;;AACA7G,IAAEC,MAAF,CAAS9D,MAAT,EAAiB;AACfoP,qBAAiBZ,qBADF;AAEfR,wBAAoBA,kBAFL;AAGfc,gBAAYA,UAHG;AAIfO,gBAAYtB,GAJG;AAKf;AACAU,2BAAuB,YAAY;AACjCA,8BAAwB,IAAxB;AACD,KARc;AASfa,iBAAa,UAAUC,CAAV,EAAa;AACxB,UAAIR,oBAAJ,EACEA,qBAAqBpK,IAArB,CAA0B4K,CAA1B,EADF,KAGEA;AACH;AAdc,GAAjB,EArVyB,CAsWzB;AACA;AACA;;;AACAC,UAAQC,IAAR,GAAe,UAAUC,IAAV,EAAgB;AAC7BzP,oBAAgBkN,mBAAhB,GAD6B,CAG7B;;AACA,QAAIwC,YAAY1P,gBAAgB+K,SAAhB,CAA0B0B,QAAQC,GAAR,CAAYiD,IAAtC,KAA+C,CAA/D;AACA,QAAIC,OAAOnD,QAAQC,GAAR,CAAYmD,OAAvB;AACA,QAAIC,UAAUF,QAAQ,SAAtB;AACAf,eAAWkB,MAAX,CAAkBL,SAAlB,EAA6BI,OAA7B,EAAsCvN,OAAOyN,eAAP,CAAuB,YAAW;AACtE,UAAIvD,QAAQC,GAAR,CAAYuD,sBAAhB,EAAwC;AACtCC,gBAAQC,GAAR,CAAY,WAAZ,EADsC,CACZ;AAC3B;;AAED,UAAIC,YAAYtB,oBAAhB;AACAA,6BAAuB,IAAvB;;AACAlL,QAAES,IAAF,CAAO+L,SAAP,EAAkB,UAAUC,CAAV,EAAa;AAAEA;AAAM,OAAvC;AAED,KATqC,EASnC,UAAU9G,CAAV,EAAa;AACd2G,cAAQvF,KAAR,CAAc,kBAAd,EAAkCpB,CAAlC;AACA2G,cAAQvF,KAAR,CAAcpB,KAAKA,EAAEyD,KAArB;AACD,KAZqC,CAAtC;AAcA,WAAO,QAAP;AACD,GAtBD;AAuBD;;AAGD7B;AAGA,IAAIlD,uBAAuB,IAA3B;;AAEAjI,gBAAgBiI,oBAAhB,GAAuC,YAAY;AACjD,SAAOA,oBAAP;AACD,CAFD;;AAIAjI,gBAAgBsQ,uBAAhB,GAA0C,UAAUC,KAAV,EAAiB;AACzDtI,yBAAuBsI,KAAvB;AACAvQ,kBAAgBkN,mBAAhB;AACD,CAHD;;AAMAlN,gBAAgBwQ,6BAAhB,GAAgD,UAAUC,MAAV,EAAkB;AAChE9O,+BAA6B8O,MAA7B;AACAzQ,kBAAgBkN,mBAAhB;AACD,CAHD;;AAKAlN,gBAAgB0Q,qBAAhB,GAAwC,UAAUC,MAAV,EAAkB;AACxD,MAAIC,OAAO,IAAX;AACAA,OAAKJ,6BAAL,CACE,UAAU5O,GAAV,EAAe;AACb,WAAO+O,SAAS/O,GAAhB;AACH,GAHD;AAID,CAND,C,CAQA;AACA;AACA;AACA;;;AACA,IAAI+G,qBAAqB,EAAzB;;AACA3I,gBAAgB6Q,WAAhB,GAA8B,UAAU5O,QAAV,EAAoB;AAChD0G,qBAAmB,MAAM3G,KAAKC,QAAL,CAAN,GAAuB,KAA1C,IAAmDA,QAAnD;AACD,CAFD,C,CAIA;;;AACAjC,gBAAgByG,cAAhB,GAAiCA,cAAjC;AACAzG,gBAAgB2I,kBAAhB,GAAqCA,kBAArC","file":"packages/webapp/webapp_server.js.map","sourcesContent":["import assert from \"assert\";\nimport { readFile } from \"fs\";\nimport { createServer } from \"http\";\nimport {\n  join as pathJoin,\n  dirname as pathDirname,\n} from \"path\";\nimport { parse as parseUrl } from \"url\";\nimport { createHash } from \"crypto\";\nimport connect from \"connect\";\nimport parseRequest from \"parseurl\";\nimport { lookup as lookupUserAgent } from \"useragent\";\nimport send from \"send\";\n\nvar SHORT_SOCKET_TIMEOUT = 5*1000;\nvar LONG_SOCKET_TIMEOUT = 120*1000;\n\nexport const WebApp = {};\nexport const WebAppInternals = {};\n\nWebAppInternals.NpmModules = {\n  connect: {\n    version: Npm.require('connect/package.json').version,\n    module: connect\n  }\n};\n\nWebApp.defaultArch = 'web.browser';\n\n// XXX maps archs to manifests\nWebApp.clientPrograms = {};\n\n// XXX maps archs to program path on filesystem\nvar archPath = {};\n\nvar bundledJsCssUrlRewriteHook = function (url) {\n  var bundledPrefix =\n     __meteor_runtime_config__.ROOT_URL_PATH_PREFIX || '';\n  return bundledPrefix + url;\n};\n\nvar sha1 = function (contents) {\n  var hash = createHash('sha1');\n  hash.update(contents);\n  return hash.digest('hex');\n};\n\nvar readUtf8FileSync = function (filename) {\n  return Meteor.wrapAsync(readFile)(filename, 'utf8');\n};\n\n// #BrowserIdentification\n//\n// We have multiple places that want to identify the browser: the\n// unsupported browser page, the appcache package, and, eventually\n// delivering browser polyfills only as needed.\n//\n// To avoid detecting the browser in multiple places ad-hoc, we create a\n// Meteor \"browser\" object. It uses but does not expose the npm\n// useragent module (we could choose a different mechanism to identify\n// the browser in the future if we wanted to).  The browser object\n// contains\n//\n// * `name`: the name of the browser in camel case\n// * `major`, `minor`, `patch`: integers describing the browser version\n//\n// Also here is an early version of a Meteor `request` object, intended\n// to be a high-level description of the request without exposing\n// details of connect's low-level `req`.  Currently it contains:\n//\n// * `browser`: browser identification object described above\n// * `url`: parsed url, including parsed query params\n//\n// As a temporary hack there is a `categorizeRequest` function on WebApp which\n// converts a connect `req` to a Meteor `request`. This can go away once smart\n// packages such as appcache are being passed a `request` object directly when\n// they serve content.\n//\n// This allows `request` to be used uniformly: it is passed to the html\n// attributes hook, and the appcache package can use it when deciding\n// whether to generate a 404 for the manifest.\n//\n// Real routing / server side rendering will probably refactor this\n// heavily.\n\n\n// e.g. \"Mobile Safari\" => \"mobileSafari\"\nvar camelCase = function (name) {\n  var parts = name.split(' ');\n  parts[0] = parts[0].toLowerCase();\n  for (var i = 1;  i < parts.length;  ++i) {\n    parts[i] = parts[i].charAt(0).toUpperCase() + parts[i].substr(1);\n  }\n  return parts.join('');\n};\n\nvar identifyBrowser = function (userAgentString) {\n  var userAgent = lookupUserAgent(userAgentString);\n  return {\n    name: camelCase(userAgent.family),\n    major: +userAgent.major,\n    minor: +userAgent.minor,\n    patch: +userAgent.patch\n  };\n};\n\n// XXX Refactor as part of implementing real routing.\nWebAppInternals.identifyBrowser = identifyBrowser;\n\nWebApp.categorizeRequest = function (req) {\n  return _.extend({\n    browser: identifyBrowser(req.headers['user-agent']),\n    url: parseUrl(req.url, true)\n  }, _.pick(req, 'dynamicHead', 'dynamicBody'));\n};\n\n// HTML attribute hooks: functions to be called to determine any attributes to\n// be added to the '<html>' tag. Each function is passed a 'request' object (see\n// #BrowserIdentification) and should return null or object.\nvar htmlAttributeHooks = [];\nvar getHtmlAttributes = function (request) {\n  var combinedAttributes  = {};\n  _.each(htmlAttributeHooks || [], function (hook) {\n    var attributes = hook(request);\n    if (attributes === null)\n      return;\n    if (typeof attributes !== 'object')\n      throw Error(\"HTML attribute hook must return null or object\");\n    _.extend(combinedAttributes, attributes);\n  });\n  return combinedAttributes;\n};\nWebApp.addHtmlAttributeHook = function (hook) {\n  htmlAttributeHooks.push(hook);\n};\n\n// Serve app HTML for this URL?\nvar appUrl = function (url) {\n  if (url === '/favicon.ico' || url === '/robots.txt')\n    return false;\n\n  // NOTE: app.manifest is not a web standard like favicon.ico and\n  // robots.txt. It is a file name we have chosen to use for HTML5\n  // appcache URLs. It is included here to prevent using an appcache\n  // then removing it from poisoning an app permanently. Eventually,\n  // once we have server side routing, this won't be needed as\n  // unknown URLs with return a 404 automatically.\n  if (url === '/app.manifest')\n    return false;\n\n  // Avoid serving app HTML for declared routes such as /sockjs/.\n  if (RoutePolicy.classify(url))\n    return false;\n\n  // we currently return app HTML on all URLs by default\n  return true;\n};\n\n\n// We need to calculate the client hash after all packages have loaded\n// to give them a chance to populate __meteor_runtime_config__.\n//\n// Calculating the hash during startup means that packages can only\n// populate __meteor_runtime_config__ during load, not during startup.\n//\n// Calculating instead it at the beginning of main after all startup\n// hooks had run would allow packages to also populate\n// __meteor_runtime_config__ during startup, but that's too late for\n// autoupdate because it needs to have the client hash at startup to\n// insert the auto update version itself into\n// __meteor_runtime_config__ to get it to the client.\n//\n// An alternative would be to give autoupdate a \"post-start,\n// pre-listen\" hook to allow it to insert the auto update version at\n// the right moment.\n\nMeteor.startup(function () {\n  var calculateClientHash = WebAppHashing.calculateClientHash;\n  WebApp.clientHash = function (archName) {\n    archName = archName || WebApp.defaultArch;\n    return calculateClientHash(WebApp.clientPrograms[archName].manifest);\n  };\n\n  WebApp.calculateClientHashRefreshable = function (archName) {\n    archName = archName || WebApp.defaultArch;\n    return calculateClientHash(WebApp.clientPrograms[archName].manifest,\n      function (name) {\n        return name === \"css\";\n      });\n  };\n  WebApp.calculateClientHashNonRefreshable = function (archName) {\n    archName = archName || WebApp.defaultArch;\n    return calculateClientHash(WebApp.clientPrograms[archName].manifest,\n      function (name) {\n        return name !== \"css\";\n      });\n  };\n  WebApp.calculateClientHashCordova = function () {\n    var archName = 'web.cordova';\n    if (! WebApp.clientPrograms[archName])\n      return 'none';\n\n    return calculateClientHash(\n      WebApp.clientPrograms[archName].manifest, null, _.pick(\n        __meteor_runtime_config__, 'PUBLIC_SETTINGS'));\n  };\n});\n\n\n\n// When we have a request pending, we want the socket timeout to be long, to\n// give ourselves a while to serve it, and to allow sockjs long polls to\n// complete.  On the other hand, we want to close idle sockets relatively\n// quickly, so that we can shut down relatively promptly but cleanly, without\n// cutting off anyone's response.\nWebApp._timeoutAdjustmentRequestCallback = function (req, res) {\n  // this is really just req.socket.setTimeout(LONG_SOCKET_TIMEOUT);\n  req.setTimeout(LONG_SOCKET_TIMEOUT);\n  // Insert our new finish listener to run BEFORE the existing one which removes\n  // the response from the socket.\n  var finishListeners = res.listeners('finish');\n  // XXX Apparently in Node 0.12 this event was called 'prefinish'.\n  // https://github.com/joyent/node/commit/7c9b6070\n  // But it has switched back to 'finish' in Node v4:\n  // https://github.com/nodejs/node/pull/1411\n  res.removeAllListeners('finish');\n  res.on('finish', function () {\n    res.setTimeout(SHORT_SOCKET_TIMEOUT);\n  });\n  _.each(finishListeners, function (l) { res.on('finish', l); });\n};\n\n\n// Will be updated by main before we listen.\n// Map from client arch to boilerplate object.\n// Boilerplate object has:\n//   - func: XXX\n//   - baseData: XXX\nvar boilerplateByArch = {};\n\n// Register a callback function that can selectively modify boilerplate\n// data given arguments (request, data, arch). The key should be a unique\n// identifier, to prevent accumulating duplicate callbacks from the same\n// call site over time. Callbacks will be called in the order they were\n// registered. A callback should return false if it did not make any\n// changes affecting the boilerplate. Passing null deletes the callback.\n// Any previous callback registered for this key will be returned.\nconst boilerplateDataCallbacks = Object.create(null);\nWebAppInternals.registerBoilerplateDataCallback = function (key, callback) {\n  const previousCallback = boilerplateDataCallbacks[key];\n\n  if (typeof callback === \"function\") {\n    boilerplateDataCallbacks[key] = callback;\n  } else {\n    assert.strictEqual(callback, null);\n    delete boilerplateDataCallbacks[key];\n  }\n\n  // Return the previous callback in case the new callback needs to call\n  // it; for example, when the new callback is a wrapper for the old.\n  return previousCallback || null;\n};\n\n// Given a request (as returned from `categorizeRequest`), return the\n// boilerplate HTML to serve for that request.\n//\n// If a previous connect middleware has rendered content for the head or body,\n// returns the boilerplate with that content patched in otherwise\n// memoizes on HTML attributes (used by, eg, appcache) and whether inline \n// scripts are currently allowed.\n// XXX so far this function is always called with arch === 'web.browser'\nvar memoizedBoilerplate = {};\n\nfunction getBoilerplate(request, arch) {\n  return getBoilerplateAsync(request, arch).await();\n}\n\nfunction getBoilerplateAsync(request, arch) {\n  const boilerplate = boilerplateByArch[arch];\n  const data = Object.assign({}, boilerplate.baseData, {\n    htmlAttributes: getHtmlAttributes(request),\n  }, _.pick(request, \"dynamicHead\", \"dynamicBody\"));\n\n  let madeChanges = false;\n  let promise = Promise.resolve();\n\n  Object.keys(boilerplateDataCallbacks).forEach(key => {\n    promise = promise.then(() => {\n      const callback = boilerplateDataCallbacks[key];\n      return callback(request, data, arch);\n    }).then(result => {\n      // Callbacks should return false if they did not make any changes.\n      if (result !== false) {\n        madeChanges = true;\n      }\n    });\n  });\n\n  return promise.then(() => {\n    const useMemoized = ! (\n      data.dynamicHead ||\n      data.dynamicBody ||\n      madeChanges\n    );\n\n    if (! useMemoized) {\n      return boilerplate.toHTML(data);\n    }\n\n    // The only thing that changes from request to request (unless extra\n    // content is added to the head or body, or boilerplateDataCallbacks\n    // modified the data) are the HTML attributes (used by, eg, appcache)\n    // and whether inline scripts are allowed, so memoize based on that.\n    var memHash = JSON.stringify({\n      inlineScriptsAllowed,\n      htmlAttributes: data.htmlAttributes,\n      arch,\n    });\n\n    if (! memoizedBoilerplate[memHash]) {\n      memoizedBoilerplate[memHash] =\n        boilerplateByArch[arch].toHTML(data);\n    }\n\n    return memoizedBoilerplate[memHash];\n  });\n}\n\nWebAppInternals.generateBoilerplateInstance = function (arch,\n                                                        manifest,\n                                                        additionalOptions) {\n  additionalOptions = additionalOptions || {};\n\n  var runtimeConfig = _.extend(\n    _.clone(__meteor_runtime_config__),\n    additionalOptions.runtimeConfigOverrides || {}\n  );\n  return new Boilerplate(arch, manifest,\n    _.extend({\n      pathMapper: function (itemPath) {\n        return pathJoin(archPath[arch], itemPath); },\n      baseDataExtension: {\n        additionalStaticJs: _.map(\n          additionalStaticJs || [],\n          function (contents, pathname) {\n            return {\n              pathname: pathname,\n              contents: contents\n            };\n          }\n        ),\n        // Convert to a JSON string, then get rid of most weird characters, then\n        // wrap in double quotes. (The outermost JSON.stringify really ought to\n        // just be \"wrap in double quotes\" but we use it to be safe.) This might\n        // end up inside a <script> tag so we need to be careful to not include\n        // \"</script>\", but normal {{spacebars}} escaping escapes too much! See\n        // https://github.com/meteor/meteor/issues/3730\n        meteorRuntimeConfig: JSON.stringify(\n          encodeURIComponent(JSON.stringify(runtimeConfig))),\n        rootUrlPathPrefix: __meteor_runtime_config__.ROOT_URL_PATH_PREFIX || '',\n        bundledJsCssUrlRewriteHook: bundledJsCssUrlRewriteHook,\n        inlineScriptsAllowed: WebAppInternals.inlineScriptsAllowed(),\n        inline: additionalOptions.inline\n      }\n    }, additionalOptions)\n  );\n};\n\n// A mapping from url path to \"info\". Where \"info\" has the following fields:\n// - type: the type of file to be served\n// - cacheable: optionally, whether the file should be cached or not\n// - sourceMapUrl: optionally, the url of the source map\n//\n// Info also contains one of the following:\n// - content: the stringified content that should be served at this path\n// - absolutePath: the absolute path on disk to the file\n\nvar staticFiles;\n\n// Serve static files from the manifest or added with\n// `addStaticJs`. Exported for tests.\nWebAppInternals.staticFilesMiddleware = function (staticFiles, req, res, next) {\n  if ('GET' != req.method && 'HEAD' != req.method && 'OPTIONS' != req.method) {\n    next();\n    return;\n  }\n  var pathname = parseRequest(req).pathname;\n  try {\n    pathname = decodeURIComponent(pathname);\n  } catch (e) {\n    next();\n    return;\n  }\n\n  var serveStaticJs = function (s) {\n    res.writeHead(200, {\n      'Content-type': 'application/javascript; charset=UTF-8'\n    });\n    res.write(s);\n    res.end();\n  };\n\n  if (pathname === \"/meteor_runtime_config.js\" &&\n      ! WebAppInternals.inlineScriptsAllowed()) {\n    serveStaticJs(\"__meteor_runtime_config__ = \" +\n                  JSON.stringify(__meteor_runtime_config__) + \";\");\n    return;\n  } else if (_.has(additionalStaticJs, pathname) &&\n              ! WebAppInternals.inlineScriptsAllowed()) {\n    serveStaticJs(additionalStaticJs[pathname]);\n    return;\n  }\n\n  if (!_.has(staticFiles, pathname)) {\n    next();\n    return;\n  }\n\n  // We don't need to call pause because, unlike 'static', once we call into\n  // 'send' and yield to the event loop, we never call another handler with\n  // 'next'.\n\n  var info = staticFiles[pathname];\n\n  // Cacheable files are files that should never change. Typically\n  // named by their hash (eg meteor bundled js and css files).\n  // We cache them ~forever (1yr).\n  var maxAge = info.cacheable\n        ? 1000 * 60 * 60 * 24 * 365\n        : 0;\n\n  // Set the X-SourceMap header, which current Chrome, FireFox, and Safari\n  // understand.  (The SourceMap header is slightly more spec-correct but FF\n  // doesn't understand it.)\n  //\n  // You may also need to enable source maps in Chrome: open dev tools, click\n  // the gear in the bottom right corner, and select \"enable source maps\".\n  if (info.sourceMapUrl) {\n    res.setHeader('X-SourceMap',\n                  __meteor_runtime_config__.ROOT_URL_PATH_PREFIX +\n                  info.sourceMapUrl);\n  }\n\n  if (info.type === \"js\" ||\n      info.type === \"dynamic js\") {\n    res.setHeader(\"Content-Type\", \"application/javascript; charset=UTF-8\");\n  } else if (info.type === \"css\") {\n    res.setHeader(\"Content-Type\", \"text/css; charset=UTF-8\");\n  } else if (info.type === \"json\") {\n    res.setHeader(\"Content-Type\", \"application/json; charset=UTF-8\");\n  }\n\n  if (info.hash) {\n    res.setHeader('ETag', '\"' + info.hash + '\"');\n  }\n\n  if (info.content) {\n    res.write(info.content);\n    res.end();\n  } else {\n    send(req, info.absolutePath, {\n        maxage: maxAge,\n        dotfiles: 'allow', // if we specified a dotfile in the manifest, serve it\n        lastModified: false // don't set last-modified based on the file date\n      }).on('error', function (err) {\n        Log.error(\"Error serving static file \" + err);\n        res.writeHead(500);\n        res.end();\n      })\n      .on('directory', function () {\n        Log.error(\"Unexpected directory \" + info.absolutePath);\n        res.writeHead(500);\n        res.end();\n      })\n      .pipe(res);\n  }\n};\n\nvar getUrlPrefixForArch = function (arch) {\n  // XXX we rely on the fact that arch names don't contain slashes\n  // in that case we would need to uri escape it\n\n  // We add '__' to the beginning of non-standard archs to \"scope\" the url\n  // to Meteor internals.\n  return arch === WebApp.defaultArch ?\n    '' : '/' + '__' + arch.replace(/^web\\./, '');\n};\n\n// parse port to see if its a Windows Server style named pipe. If so, return as-is (String), otherwise return as Int\nWebAppInternals.parsePort = function (port) {\n  if( /\\\\\\\\?.+\\\\pipe\\\\?.+/.test(port) ) {\n    return port;\n  }\n\n  return parseInt(port);\n};\n\nfunction runWebAppServer() {\n  var shuttingDown = false;\n  var syncQueue = new Meteor._SynchronousQueue();\n\n  var getItemPathname = function (itemUrl) {\n    return decodeURIComponent(parseUrl(itemUrl).pathname);\n  };\n\n  WebAppInternals.reloadClientPrograms = function () {\n    syncQueue.runTask(function() {\n      staticFiles = {};\n      var generateClientProgram = function (clientPath, arch) {\n        // read the control for the client we'll be serving up\n        var clientJsonPath = pathJoin(__meteor_bootstrap__.serverDir,\n                                   clientPath);\n        var clientDir = pathDirname(clientJsonPath);\n        var clientJson = JSON.parse(readUtf8FileSync(clientJsonPath));\n        if (clientJson.format !== \"web-program-pre1\")\n          throw new Error(\"Unsupported format for client assets: \" +\n                          JSON.stringify(clientJson.format));\n\n        if (! clientJsonPath || ! clientDir || ! clientJson)\n          throw new Error(\"Client config file not parsed.\");\n\n        var urlPrefix = getUrlPrefixForArch(arch);\n\n        var manifest = clientJson.manifest;\n        _.each(manifest, function (item) {\n          if (item.url && item.where === \"client\") {\n            staticFiles[urlPrefix + getItemPathname(item.url)] = {\n              absolutePath: pathJoin(clientDir, item.path),\n              cacheable: item.cacheable,\n              hash: item.hash,\n              // Link from source to its map\n              sourceMapUrl: item.sourceMapUrl,\n              type: item.type\n            };\n\n            if (item.sourceMap) {\n              // Serve the source map too, under the specified URL. We assume all\n              // source maps are cacheable.\n              staticFiles[urlPrefix + getItemPathname(item.sourceMapUrl)] = {\n                absolutePath: pathJoin(clientDir, item.sourceMap),\n                cacheable: true\n              };\n            }\n          }\n        });\n\n        var program = {\n          format: \"web-program-pre1\",\n          manifest: manifest,\n          version: process.env.AUTOUPDATE_VERSION ||\n            WebAppHashing.calculateClientHash(\n              manifest,\n              null,\n              _.pick(__meteor_runtime_config__, \"PUBLIC_SETTINGS\")\n            ),\n          cordovaCompatibilityVersions: clientJson.cordovaCompatibilityVersions,\n          PUBLIC_SETTINGS: __meteor_runtime_config__.PUBLIC_SETTINGS\n        };\n\n        WebApp.clientPrograms[arch] = program;\n\n        // Serve the program as a string at /foo/<arch>/manifest.json\n        // XXX change manifest.json -> program.json\n        staticFiles[urlPrefix + getItemPathname('/manifest.json')] = {\n          content: JSON.stringify(program),\n          cacheable: false,\n          hash: program.version,\n          type: \"json\"\n        };\n      };\n\n      try {\n        var clientPaths = __meteor_bootstrap__.configJson.clientPaths;\n        _.each(clientPaths, function (clientPath, arch) {\n          archPath[arch] = pathDirname(clientPath);\n          generateClientProgram(clientPath, arch);\n        });\n\n        // Exported for tests.\n        WebAppInternals.staticFiles = staticFiles;\n      } catch (e) {\n        Log.error(\"Error reloading the client program: \" + e.stack);\n        process.exit(1);\n      }\n    });\n  };\n\n  WebAppInternals.generateBoilerplate = function () {\n    // This boilerplate will be served to the mobile devices when used with\n    // Meteor/Cordova for the Hot-Code Push and since the file will be served by\n    // the device's server, it is important to set the DDP url to the actual\n    // Meteor server accepting DDP connections and not the device's file server.\n    var defaultOptionsForArch = {\n      'web.cordova': {\n        runtimeConfigOverrides: {\n          // XXX We use absoluteUrl() here so that we serve https://\n          // URLs to cordova clients if force-ssl is in use. If we were\n          // to use __meteor_runtime_config__.ROOT_URL instead of\n          // absoluteUrl(), then Cordova clients would immediately get a\n          // HCP setting their DDP_DEFAULT_CONNECTION_URL to\n          // http://example.meteor.com. This breaks the app, because\n          // force-ssl doesn't serve CORS headers on 302\n          // redirects. (Plus it's undesirable to have clients\n          // connecting to http://example.meteor.com when force-ssl is\n          // in use.)\n          DDP_DEFAULT_CONNECTION_URL: process.env.MOBILE_DDP_URL ||\n            Meteor.absoluteUrl(),\n          ROOT_URL: process.env.MOBILE_ROOT_URL ||\n            Meteor.absoluteUrl()\n        }\n      }\n    };\n\n    syncQueue.runTask(function() {\n      _.each(WebApp.clientPrograms, function (program, archName) {\n        boilerplateByArch[archName] =\n          WebAppInternals.generateBoilerplateInstance(\n            archName, program.manifest,\n            defaultOptionsForArch[archName]);\n      });\n\n      // Clear the memoized boilerplate cache.\n      memoizedBoilerplate = {};\n\n      // Configure CSS injection for the default arch\n      // XXX implement the CSS injection for all archs?\n      var cssFiles = boilerplateByArch[WebApp.defaultArch].baseData.css;\n      // Rewrite all CSS files (which are written directly to <style> tags)\n      // by autoupdate_client to use the CDN prefix/etc\n      var allCss = _.map(cssFiles, function(cssFile) {\n        return { url: bundledJsCssUrlRewriteHook(cssFile.url) };\n      });\n      WebAppInternals.refreshableAssets = { allCss };\n    });\n  };\n\n  WebAppInternals.reloadClientPrograms();\n\n  // webserver\n  var app = connect();\n\n  // Packages and apps can add handlers that run before any other Meteor\n  // handlers via WebApp.rawConnectHandlers.\n  var rawConnectHandlers = connect();\n  app.use(rawConnectHandlers);\n\n  // Auto-compress any json, javascript, or text.\n  app.use(connect.compress());\n\n  // We're not a proxy; reject (without crashing) attempts to treat us like\n  // one. (See #1212.)\n  app.use(function(req, res, next) {\n    if (RoutePolicy.isValidUrl(req.url)) {\n      next();\n      return;\n    }\n    res.writeHead(400);\n    res.write(\"Not a proxy\");\n    res.end();\n  });\n\n  // Strip off the path prefix, if it exists.\n  app.use(function (request, response, next) {\n    var pathPrefix = __meteor_runtime_config__.ROOT_URL_PATH_PREFIX;\n    var url = Npm.require('url').parse(request.url);\n    var pathname = url.pathname;\n    // check if the path in the url starts with the path prefix (and the part\n    // after the path prefix must start with a / if it exists.)\n    if (pathPrefix && pathname.substring(0, pathPrefix.length) === pathPrefix &&\n       (pathname.length == pathPrefix.length\n        || pathname.substring(pathPrefix.length, pathPrefix.length + 1) === \"/\")) {\n      request.url = request.url.substring(pathPrefix.length);\n      next();\n    } else if (pathname === \"/favicon.ico\" || pathname === \"/robots.txt\") {\n      next();\n    } else if (pathPrefix) {\n      response.writeHead(404);\n      response.write(\"Unknown path\");\n      response.end();\n    } else {\n      next();\n    }\n  });\n\n  // Parse the query string into res.query. Used by oauth_server, but it's\n  // generally pretty handy..\n  app.use(connect.query());\n\n  // Serve static files from the manifest.\n  // This is inspired by the 'static' middleware.\n  app.use(function (req, res, next) {\n    Promise.resolve().then(() => {\n      WebAppInternals.staticFilesMiddleware(staticFiles, req, res, next);\n    });\n  });\n\n  // Packages and apps can add handlers to this via WebApp.connectHandlers.\n  // They are inserted before our default handler.\n  var packageAndAppHandlers = connect();\n  app.use(packageAndAppHandlers);\n\n  var suppressConnectErrors = false;\n  // connect knows it is an error handler because it has 4 arguments instead of\n  // 3. go figure.  (It is not smart enough to find such a thing if it's hidden\n  // inside packageAndAppHandlers.)\n  app.use(function (err, req, res, next) {\n    if (!err || !suppressConnectErrors || !req.headers['x-suppress-error']) {\n      next(err);\n      return;\n    }\n    res.writeHead(err.status, { 'Content-Type': 'text/plain' });\n    res.end(\"An error message\");\n  });\n\n  app.use(function (req, res, next) {\n    Promise.resolve().then(() => {\n      if (! appUrl(req.url)) {\n        return next();\n      }\n\n      var headers = {\n        'Content-Type': 'text/html; charset=utf-8'\n      };\n\n      if (shuttingDown) {\n        headers['Connection'] = 'Close';\n      }\n\n      var request = WebApp.categorizeRequest(req);\n\n      if (request.url.query && request.url.query['meteor_css_resource']) {\n        // In this case, we're requesting a CSS resource in the meteor-specific\n        // way, but we don't have it.  Serve a static css file that indicates that\n        // we didn't have it, so we can detect that and refresh.  Make sure\n        // that any proxies or CDNs don't cache this error!  (Normally proxies\n        // or CDNs are smart enough not to cache error pages, but in order to\n        // make this hack work, we need to return the CSS file as a 200, which\n        // would otherwise be cached.)\n        headers['Content-Type'] = 'text/css; charset=utf-8';\n        headers['Cache-Control'] = 'no-cache';\n        res.writeHead(200, headers);\n        res.write(\".meteor-css-not-found-error { width: 0px;}\");\n        res.end();\n        return;\n      }\n\n      if (request.url.query && request.url.query['meteor_js_resource']) {\n        // Similarly, we're requesting a JS resource that we don't have.\n        // Serve an uncached 404. (We can't use the same hack we use for CSS,\n        // because actually acting on that hack requires us to have the JS\n        // already!)\n        headers['Cache-Control'] = 'no-cache';\n        res.writeHead(404, headers);\n        res.end(\"404 Not Found\");\n        return;\n      }\n\n      if (request.url.query && request.url.query['meteor_dont_serve_index']) {\n        // When downloading files during a Cordova hot code push, we need\n        // to detect if a file is not available instead of inadvertently\n        // downloading the default index page.\n        // So similar to the situation above, we serve an uncached 404.\n        headers['Cache-Control'] = 'no-cache';\n        res.writeHead(404, headers);\n        res.end(\"404 Not Found\");\n        return;\n      }\n\n      // /packages/asdfsad ... /__cordova/dafsdf.js\n      var pathname = parseRequest(req).pathname;\n      var archKey = pathname.split('/')[1];\n      var archKeyCleaned = 'web.' + archKey.replace(/^__/, '');\n\n      if (!/^__/.test(archKey) || !_.has(archPath, archKeyCleaned)) {\n        archKey = WebApp.defaultArch;\n      } else {\n        archKey = archKeyCleaned;\n      }\n\n      return getBoilerplateAsync(\n        request,\n        archKey\n      ).then(boilerplate => {\n        var statusCode = res.statusCode ? res.statusCode : 200;\n        res.writeHead(statusCode, headers);\n        res.write(boilerplate);\n        res.end();\n      }, error => {\n        Log.error(\"Error running template: \" + error.stack);\n        res.writeHead(500, headers);\n        res.end();\n      });\n    });\n  });\n\n  // Return 404 by default, if no other handlers serve this URL.\n  app.use(function (req, res) {\n    res.writeHead(404);\n    res.end();\n  });\n\n\n  var httpServer = createServer(app);\n  var onListeningCallbacks = [];\n\n  // After 5 seconds w/o data on a socket, kill it.  On the other hand, if\n  // there's an outstanding request, give it a higher timeout instead (to avoid\n  // killing long-polling requests)\n  httpServer.setTimeout(SHORT_SOCKET_TIMEOUT);\n\n  // Do this here, and then also in livedata/stream_server.js, because\n  // stream_server.js kills all the current request handlers when installing its\n  // own.\n  httpServer.on('request', WebApp._timeoutAdjustmentRequestCallback);\n\n  // If the client gave us a bad request, tell it instead of just closing the\n  // socket. This lets load balancers in front of us differentiate between \"a\n  // server is randomly closing sockets for no reason\" and \"client sent a bad\n  // request\".\n  //\n  // This will only work on Node 6; Node 4 destroys the socket before calling\n  // this event. See https://github.com/nodejs/node/pull/4557/ for details.\n  httpServer.on('clientError', (err, socket) => {\n    // Pre-Node-6, do nothing.\n    if (socket.destroyed) {\n      return;\n    }\n\n    if (err.message === 'Parse Error') {\n      socket.end('HTTP/1.1 400 Bad Request\\r\\n\\r\\n');\n    } else {\n      // For other errors, use the default behavior as if we had no clientError\n      // handler.\n      socket.destroy(err);\n    }\n  });\n\n  // start up app\n  _.extend(WebApp, {\n    connectHandlers: packageAndAppHandlers,\n    rawConnectHandlers: rawConnectHandlers,\n    httpServer: httpServer,\n    connectApp: app,\n    // For testing.\n    suppressConnectErrors: function () {\n      suppressConnectErrors = true;\n    },\n    onListening: function (f) {\n      if (onListeningCallbacks)\n        onListeningCallbacks.push(f);\n      else\n        f();\n    }\n  });\n\n  // Let the rest of the packages (and Meteor.startup hooks) insert connect\n  // middlewares and update __meteor_runtime_config__, then keep going to set up\n  // actually serving HTML.\n  exports.main = function (argv) {\n    WebAppInternals.generateBoilerplate();\n\n    // only start listening after all the startup code has run.\n    var localPort = WebAppInternals.parsePort(process.env.PORT) || 0;\n    var host = process.env.BIND_IP;\n    var localIp = host || '0.0.0.0';\n    httpServer.listen(localPort, localIp, Meteor.bindEnvironment(function() {\n      if (process.env.METEOR_PRINT_ON_LISTEN) {\n        console.log(\"LISTENING\"); // must match run-app.js\n      }\n\n      var callbacks = onListeningCallbacks;\n      onListeningCallbacks = null;\n      _.each(callbacks, function (x) { x(); });\n\n    }, function (e) {\n      console.error(\"Error listening:\", e);\n      console.error(e && e.stack);\n    }));\n\n    return 'DAEMON';\n  };\n}\n\n\nrunWebAppServer();\n\n\nvar inlineScriptsAllowed = true;\n\nWebAppInternals.inlineScriptsAllowed = function () {\n  return inlineScriptsAllowed;\n};\n\nWebAppInternals.setInlineScriptsAllowed = function (value) {\n  inlineScriptsAllowed = value;\n  WebAppInternals.generateBoilerplate();\n};\n\n\nWebAppInternals.setBundledJsCssUrlRewriteHook = function (hookFn) {\n  bundledJsCssUrlRewriteHook = hookFn;\n  WebAppInternals.generateBoilerplate();\n};\n\nWebAppInternals.setBundledJsCssPrefix = function (prefix) {\n  var self = this;\n  self.setBundledJsCssUrlRewriteHook(\n    function (url) {\n      return prefix + url;\n  });\n};\n\n// Packages can call `WebAppInternals.addStaticJs` to specify static\n// JavaScript to be included in the app. This static JS will be inlined,\n// unless inline scripts have been disabled, in which case it will be\n// served under `/<sha1 of contents>`.\nvar additionalStaticJs = {};\nWebAppInternals.addStaticJs = function (contents) {\n  additionalStaticJs[\"/\" + sha1(contents) + \".js\"] = contents;\n};\n\n// Exported for tests\nWebAppInternals.getBoilerplate = getBoilerplate;\nWebAppInternals.additionalStaticJs = additionalStaticJs;\n"]},"hash":"206447a1d5ec7f57da9698b9d51340e0ed71235d"}
