{"metadata":{"usedHelpers":[],"marked":[],"modules":{"imports":[{"source":"meteor/practicalmeteor:chai","imported":["expect"],"specifiers":[{"kind":"named","imported":"expect","local":"expect"}]}],"exports":{"exported":[],"specifiers":[]}}},"options":{"filename":"packages/practicalmeteor:mocha/meteor/test-app/globals-test.js","filenameRelative":"packages/practicalmeteor:mocha/meteor/test-app/globals-test.js","env":{"development":{"plugins":[]}},"retainLines":false,"highlightCode":true,"suppressDeprecationMessages":false,"presets":[],"plugins":[[[],{"generateLetDeclarations":true,"enforceStrictMode":false}],[[],null],[[],{"polyfill":false}],[[],null],[[],null],[[],null],[[],{"allowTopLevelThis":true,"strict":false,"loose":true}],[[],null],[[],null],[[],null],[[],null],[[],null],[[],null],[[],null],[[],null],[[],null],[[],null],[[],null],[[],null],[[],{"loose":true}],[[],{"loose":true}],[[],null],[[],{"loose":true}],[[],null],[[],null],[[],null],[[],null],[[],null],[[],null],[[],{"loose":true}],[[],null],[[],null],[[],null],[[],null],[[],null],[[],null],[[],null]],"ignore":[],"code":true,"metadata":true,"ast":true,"comments":true,"compact":false,"minified":false,"sourceMap":true,"sourceMaps":true,"sourceMapTarget":"packages/practicalmeteor:mocha/meteor/test-app/globals-test.js.map","sourceFileName":"packages/practicalmeteor:mocha/meteor/test-app/globals-test.js","babelrc":false,"sourceType":"module","moduleIds":false,"passPerPreset":false,"parserOpts":false,"generatorOpts":false,"basename":"globals-test"},"ignored":false,"code":"var expect = void 0;\nmodule.watch(require(\"meteor/practicalmeteor:chai\"), {\n  expect: function (v) {\n    expect = v;\n  }\n}, 0);\nmodule.exportDefault(function () {\n  describe('Globals', function () {\n    before(function () {\n      return console.log('before');\n    });\n    after(function () {\n      return console.log('after');\n    });\n    beforeEach(function () {\n      return console.log('beforeEach');\n    });\n    afterEach(function () {\n      return console.log('afterEach');\n    });\n    it('passing', function () {\n      return expect(true).to.be[\"true\"];\n    });\n    it('throwing', function () {\n      return expect(false).to.be[\"true\"];\n    });\n    specify(\"it works\", function () {\n      expect(true).to.be.true;\n    });\n    xspecify(\"Skip: This won't run (xspecify)\", function () {\n      throw new Error(\"This won't run\");\n    });\n    xdescribe('Skip suite (xdescribe)', function () {\n      return it(\"this won't run\", function () {\n        throw new Error(\"This is an error\");\n      });\n    });\n    context(\"Context test\", function () {\n      it(\"it works\", function () {\n        expect(true).to.be.true;\n      });\n    });\n    xcontext(\"Skip suite (xcontext)\", function () {\n      it(\"This won't run\", function () {\n        throw new Error(\"This won't run\");\n      });\n    });\n  });\n});","map":{"version":3,"sources":["packages/practicalmeteor:mocha/meteor/test-app/globals-test.js"],"names":["expect","module","watch","require","v","exportDefault","describe","before","console","log","after","beforeEach","afterEach","it","to","be","specify","true","xspecify","Error","xdescribe","context","xcontext"],"mappings":"AAAA,IAAIA,eAAJ;AAAWC,OAAOC,KAAP,CAAaC,QAAQ,6BAAR,CAAb,EAAoD;AAACH,QAAD,YAAQI,CAAR,EAAU;AAACJ,aAAOI,CAAP;AAAS;AAApB,CAApD,EAA0E,CAA1E;AAAXH,OAAOI,aAAP,CAEe,YAAK;AAElBC,WAAS,SAAT,EAAoB,YAAW;AAE7BC,WAAO,YAAW;AAChB,aAAOC,QAAQC,GAAR,CAAY,QAAZ,CAAP;AACD,KAFD;AAGAC,UAAM,YAAW;AACf,aAAOF,QAAQC,GAAR,CAAY,OAAZ,CAAP;AACD,KAFD;AAGAE,eAAW,YAAW;AACpB,aAAOH,QAAQC,GAAR,CAAY,YAAZ,CAAP;AACD,KAFD;AAGAG,cAAU,YAAW;AACnB,aAAOJ,QAAQC,GAAR,CAAY,WAAZ,CAAP;AACD,KAFD;AAGAI,OAAG,SAAH,EAAc,YAAW;AACvB,aAAOb,OAAO,IAAP,EAAac,EAAb,CAAgBC,EAAhB,CAAmB,MAAnB,CAAP;AACD,KAFD;AAGAF,OAAG,UAAH,EAAe,YAAW;AACxB,aAAOb,OAAO,KAAP,EAAcc,EAAd,CAAiBC,EAAjB,CAAoB,MAApB,CAAP;AACD,KAFD;AAIAC,YAAQ,UAAR,EAAoB,YAAY;AAC9BhB,aAAO,IAAP,EAAac,EAAb,CAAgBC,EAAhB,CAAmBE,IAAnB;AACD,KAFD;AAIAC,aAAS,iCAAT,EAA4C,YAAY;AACtD,YAAM,IAAIC,KAAJ,CAAU,gBAAV,CAAN;AACD,KAFD;AAIAC,cAAU,wBAAV,EAAoC,YAAW;AAC7C,aAAOP,GAAG,gBAAH,EAAqB,YAAW;AACrC,cAAM,IAAIM,KAAJ,CAAU,kBAAV,CAAN;AACD,OAFM,CAAP;AAGD,KAJD;AAMAE,YAAQ,cAAR,EAAwB,YAAY;AAClCR,SAAG,UAAH,EAAe,YAAY;AACzBb,eAAO,IAAP,EAAac,EAAb,CAAgBC,EAAhB,CAAmBE,IAAnB;AACD,OAFD;AAGD,KAJD;AAMAK,aAAS,uBAAT,EAAkC,YAAY;AAE5CT,SAAG,gBAAH,EAAqB,YAAY;AAC/B,cAAM,IAAIM,KAAJ,CAAU,gBAAV,CAAN;AACD,OAFD;AAGD,KALD;AAOD,GAhDD;AAkDD,CAtDD","file":"packages/practicalmeteor:mocha/meteor/test-app/globals-test.js.map","sourcesContent":["import {expect} from \"meteor/practicalmeteor:chai\"\n\nexport default () =>{\n\n  describe('Globals', function() {\n\n    before(function() {\n      return console.log('before');\n    });\n    after(function() {\n      return console.log('after');\n    });\n    beforeEach(function() {\n      return console.log('beforeEach');\n    });\n    afterEach(function() {\n      return console.log('afterEach');\n    });\n    it('passing', function() {\n      return expect(true).to.be[\"true\"];\n    });\n    it('throwing', function() {\n      return expect(false).to.be[\"true\"];\n    });\n\n    specify(\"it works\", function () {\n      expect(true).to.be.true;\n    });\n\n    xspecify(\"Skip: This won't run (xspecify)\", function () {\n      throw new Error(\"This won't run\")\n    });\n\n    xdescribe('Skip suite (xdescribe)', function() {\n      return it(\"this won't run\", function() {\n        throw new Error(\"This is an error\");\n      });\n    });\n\n    context(\"Context test\", function () {\n      it(\"it works\", function () {\n        expect(true).to.be.true;\n      });\n    });\n\n    xcontext(\"Skip suite (xcontext)\", function () {\n\n      it(\"This won't run\", function () {\n        throw new Error(\"This won't run\")\n      })\n    })\n\n  });\n\n}"]},"hash":"209aef69e7c7b609a74865fa5475041462009d4b"}
