{"metadata":{"usedHelpers":[],"marked":[],"modules":{"imports":[],"exports":{"exported":[],"specifiers":[]}}},"options":{"filename":"packages/practicalmeteor:mocha/test/integration/fixtures/timeout.js","filenameRelative":"packages/practicalmeteor:mocha/test/integration/fixtures/timeout.js","env":{"development":{"plugins":[]}},"retainLines":false,"highlightCode":true,"suppressDeprecationMessages":false,"presets":[],"plugins":[[[],{"generateLetDeclarations":true,"enforceStrictMode":false}],[[],null],[[],{"polyfill":false}],[[],null],[[],null],[[],null],[[],{"allowTopLevelThis":true,"strict":false,"loose":true}],[[],null],[[],null],[[],null],[[],null],[[],null],[[],null],[[],null],[[],null],[[],null],[[],null],[[],null],[[],null],[[],{"loose":true}],[[],{"loose":true}],[[],null],[[],{"loose":true}],[[],null],[[],null],[[],null],[[],null],[[],null],[[],null],[[],{"loose":true}],[[],null],[[],null],[[],null],[[],null],[[],null],[[],null],[[],null]],"ignore":[],"code":true,"metadata":true,"ast":true,"comments":true,"compact":false,"minified":false,"sourceMap":true,"sourceMaps":true,"sourceMapTarget":"packages/practicalmeteor:mocha/test/integration/fixtures/timeout.js.map","sourceFileName":"packages/practicalmeteor:mocha/test/integration/fixtures/timeout.js","babelrc":false,"sourceType":"module","moduleIds":false,"passPerPreset":false,"parserOpts":false,"generatorOpts":false,"basename":"timeout"},"ignored":false,"code":"describe('timeout', function () {\n  this.timeout(1);\n  it('should be honored with sync suites', function () {\n    sleep(2);\n  });\n  it('should be honored with async suites', function (done) {\n    sleep(2);\n    done();\n  });\n\n  function sleep(ms) {\n    var start = Date.now();\n\n    while (start + ms > Date.now()) {}\n  }\n});","map":{"version":3,"sources":["packages/practicalmeteor:mocha/test/integration/fixtures/timeout.js"],"names":["describe","timeout","it","sleep","done","ms","start","Date","now"],"mappings":"AAAAA,SAAS,SAAT,EAAoB,YAAU;AAC5B,OAAKC,OAAL,CAAa,CAAb;AAEAC,KAAG,oCAAH,EAAyC,YAAW;AAClDC,UAAM,CAAN;AACD,GAFD;AAIAD,KAAG,qCAAH,EAA0C,UAASE,IAAT,EAAe;AACvDD,UAAM,CAAN;AACAC;AACD,GAHD;;AAKA,WAASD,KAAT,CAAeE,EAAf,EAAmB;AACjB,QAAIC,QAAQC,KAAKC,GAAL,EAAZ;;AACA,WAAOF,QAAQD,EAAR,GAAaE,KAAKC,GAAL,EAApB;AACD;AACF,CAhBD","file":"packages/practicalmeteor:mocha/test/integration/fixtures/timeout.js.map","sourcesContent":["describe('timeout', function(){\n  this.timeout(1);\n\n  it('should be honored with sync suites', function() {\n    sleep(2);\n  });\n\n  it('should be honored with async suites', function(done) {\n    sleep(2);\n    done();\n  });\n\n  function sleep(ms) {\n    var start = Date.now();\n    while (start + ms > Date.now());\n  }\n});\n"]},"hash":"225a7013c207c3ec75d4332575197d8e1dcaf23f"}
