{"metadata":{"usedHelpers":[],"marked":[],"modules":{"imports":[{"source":"meteor/meteor","imported":["Meteor"],"specifiers":[{"kind":"named","imported":"Meteor","local":"Meteor"}]},{"source":"react","imported":["default"],"specifiers":[{"kind":"named","imported":"default","local":"React"}]},{"source":"expect","imported":["default"],"specifiers":[{"kind":"named","imported":"default","local":"expect"}]},{"source":"enzyme","imported":["mount"],"specifiers":[{"kind":"named","imported":"mount","local":"mount"}]},{"source":"react-router-dom","imported":["MemoryRouter"],"specifiers":[{"kind":"named","imported":"MemoryRouter","local":"MemoryRouter"}]},{"source":"./Login","imported":["Login"],"specifiers":[{"kind":"named","imported":"Login","local":"Login"}]}],"exports":{"exported":[],"specifiers":[]}}},"options":{"filename":"imports/ui/Login.test.js","filenameRelative":"imports/ui/Login.test.js","env":{"development":{"plugins":[]}},"retainLines":false,"highlightCode":true,"suppressDeprecationMessages":false,"presets":[],"plugins":[[[],{"generateLetDeclarations":true,"enforceStrictMode":false}],[[],null],[[],{"polyfill":false}],[[],null],[[],null],[[],null],[[],{"allowTopLevelThis":true,"strict":false,"loose":true}],[[],null],[[],null],[[],null],[[],null],[[],null],[[],null],[[],null],[[],null],[[],null],[[],null],[[],null],[[],null],[[],{"loose":true}],[[],{"loose":true}],[[],null],[[],{"loose":true}],[[],null],[[],null],[[],null],[[],null],[[],null],[[],null],[[],{"loose":true}],[[],null],[[],null],[[],null],[[],null],[[],null],[[],null],[[],null]],"ignore":[],"code":true,"metadata":true,"ast":true,"comments":true,"compact":false,"minified":false,"sourceMap":true,"sourceMaps":true,"sourceMapTarget":"imports/ui/Login.test.js.map","sourceFileName":"imports/ui/Login.test.js","babelrc":false,"sourceType":"module","moduleIds":false,"passPerPreset":false,"parserOpts":false,"generatorOpts":false,"basename":"Login.test"},"ignored":false,"code":"var Meteor = void 0;\nmodule.watch(require(\"meteor/meteor\"), {\n  Meteor: function (v) {\n    Meteor = v;\n  }\n}, 0);\nvar React = void 0;\nmodule.watch(require(\"react\"), {\n  \"default\": function (v) {\n    React = v;\n  }\n}, 1);\nvar expect = void 0;\nmodule.watch(require(\"expect\"), {\n  \"default\": function (v) {\n    expect = v;\n  }\n}, 2);\nvar mount = void 0;\nmodule.watch(require(\"enzyme\"), {\n  mount: function (v) {\n    mount = v;\n  }\n}, 3);\nvar MemoryRouter = void 0;\nmodule.watch(require(\"react-router-dom\"), {\n  MemoryRouter: function (v) {\n    MemoryRouter = v;\n  }\n}, 4);\nvar Login = void 0;\nmodule.watch(require(\"./Login\"), {\n  Login: function (v) {\n    Login = v;\n  }\n}, 5);\n\nif (Meteor.isClient) {\n  describe('Login', function () {\n    it('should show error messages', function () {\n      var error = 'This is not working';\n      var wrapper = mount(React.createElement(\n        MemoryRouter,\n        {\n          intialEntries: ['/'],\n          initalIndex: 0\n        },\n        React.createElement(Login, {\n          loginWithPassword: function () {}\n        })\n      ));\n      var login = wrapper.find(Login).node;\n      login.setState({\n        error: error\n      });\n      expect(wrapper.find('p').text()).toBe(error);\n      login.setState({\n        error: ''\n      });\n      expect(wrapper.find('p').length).toBe(0);\n    });\n    it('should call loginWithPassword with the form data', function () {\n      var email = 'ben@test.com';\n      var password = 'password123';\n      var spy = expect.createSpy();\n      var wrapper = mount(React.createElement(\n        MemoryRouter,\n        {\n          intialEntries: ['/'],\n          initalIndex: 0\n        },\n        React.createElement(Login, {\n          loginWithPassword: spy\n        })\n      ));\n      var login = wrapper.find(Login).node;\n      login.refs['email'].value = email;\n      login.refs['password'].value = password;\n      wrapper.find('form').simulate('submit');\n      expect(spy.calls[0].arguments[0]).toEqual({\n        email: email\n      });\n      expect(spy.calls[0].arguments[1]).toBe(password);\n    });\n    it('should set loginWithPassword callback errors', function () {\n      var spy = expect.createSpy();\n      var wrapper = mount(React.createElement(\n        MemoryRouter,\n        {\n          intialEntries: ['/'],\n          initalIndex: 0\n        },\n        React.createElement(Login, {\n          loginWithPassword: spy\n        })\n      ));\n      wrapper.find('form').simulate('submit');\n      console.log(spy.calls[0]); // expect(wrapper.state('error')).toNotBe('');\n    });\n  });\n}","map":{"version":3,"sources":["imports/ui/Login.test.js"],"names":["Meteor","module","watch","require","v","React","expect","mount","MemoryRouter","Login","isClient","describe","it","error","wrapper","login","find","node","setState","text","toBe","length","email","password","spy","createSpy","refs","value","simulate","calls","arguments","toEqual","console","log"],"mappings":"AAAA,IAAIA,eAAJ;AAAWC,OAAOC,KAAP,CAAaC,QAAQ,eAAR,CAAb,EAAsC;AAACH,QAAD,YAAQI,CAAR,EAAU;AAACJ,aAAOI,CAAP;AAAS;AAApB,CAAtC,EAA4D,CAA5D;AAA+D,IAAIC,cAAJ;AAAUJ,OAAOC,KAAP,CAAaC,QAAQ,OAAR,CAAb,EAA8B;AAAA,uBAASC,CAAT,EAAW;AAACC,YAAMD,CAAN;AAAQ;AAApB,CAA9B,EAAoD,CAApD;AAAuD,IAAIE,eAAJ;AAAWL,OAAOC,KAAP,CAAaC,QAAQ,QAAR,CAAb,EAA+B;AAAA,uBAASC,CAAT,EAAW;AAACE,aAAOF,CAAP;AAAS;AAArB,CAA/B,EAAsD,CAAtD;AAAyD,IAAIG,cAAJ;AAAUN,OAAOC,KAAP,CAAaC,QAAQ,QAAR,CAAb,EAA+B;AAACI,OAAD,YAAOH,CAAP,EAAS;AAACG,YAAMH,CAAN;AAAQ;AAAlB,CAA/B,EAAmD,CAAnD;AAAsD,IAAII,qBAAJ;AAAiBP,OAAOC,KAAP,CAAaC,QAAQ,kBAAR,CAAb,EAAyC;AAACK,cAAD,YAAcJ,CAAd,EAAgB;AAACI,mBAAaJ,CAAb;AAAe;AAAhC,CAAzC,EAA2E,CAA3E;AAA8E,IAAIK,cAAJ;AAAUR,OAAOC,KAAP,CAAaC,QAAQ,SAAR,CAAb,EAAgC;AAACM,OAAD,YAAOL,CAAP,EAAS;AAACK,YAAML,CAAN;AAAQ;AAAlB,CAAhC,EAAoD,CAApD;;AAQxX,IAAGJ,OAAOU,QAAV,EAAoB;AAClBC,WAAS,OAAT,EAAkB,YAAW;AAC3BC,OAAG,4BAAH,EAAiC,YAAW;AAC1C,UAAMC,QAAQ,qBAAd;AACA,UAAMC,UAAUP,MACd;AAAC,oBAAD;AAAA;AAAc,yBAAe,CAAC,GAAD,CAA7B;AAAoC,uBAAa;AAAjD;AACE,4BAAC,KAAD;AAAO,6BAAmB,YAAM,CAAE;AAAlC;AADF,OADc,CAAhB;AAMA,UAAMQ,QAAQD,QAAQE,IAAR,CAAaP,KAAb,EAAoBQ,IAAlC;AAEAF,YAAMG,QAAN,CAAe;AAAEL;AAAF,OAAf;AACAP,aAAOQ,QAAQE,IAAR,CAAa,GAAb,EAAkBG,IAAlB,EAAP,EAAiCC,IAAjC,CAAsCP,KAAtC;AAEAE,YAAMG,QAAN,CAAe;AAAEL,eAAO;AAAT,OAAf;AACAP,aAAOQ,QAAQE,IAAR,CAAa,GAAb,EAAkBK,MAAzB,EAAiCD,IAAjC,CAAsC,CAAtC;AACD,KAfD;AAiBAR,OAAG,kDAAH,EAAuD,YAAW;AAChE,UAAMU,QAAQ,cAAd;AACA,UAAMC,WAAY,aAAlB;AACA,UAAMC,MAAMlB,OAAOmB,SAAP,EAAZ;AACA,UAAMX,UAAUP,MACd;AAAC,oBAAD;AAAA;AAAc,yBAAe,CAAC,GAAD,CAA7B;AAAoC,uBAAa;AAAjD;AACE,4BAAC,KAAD;AAAO,6BAAmBiB;AAA1B;AADF,OADc,CAAhB;AAMA,UAAMT,QAAQD,QAAQE,IAAR,CAAaP,KAAb,EAAoBQ,IAAlC;AAEAF,YAAMW,IAAN,CAAW,OAAX,EAAoBC,KAApB,GAA4BL,KAA5B;AACAP,YAAMW,IAAN,CAAW,UAAX,EAAuBC,KAAvB,GAA+BJ,QAA/B;AAEAT,cAAQE,IAAR,CAAa,MAAb,EAAqBY,QAArB,CAA8B,QAA9B;AAEAtB,aAAOkB,IAAIK,KAAJ,CAAU,CAAV,EAAaC,SAAb,CAAuB,CAAvB,CAAP,EAAkCC,OAAlC,CAA0C;AAAET;AAAF,OAA1C;AACAhB,aAAOkB,IAAIK,KAAJ,CAAU,CAAV,EAAaC,SAAb,CAAuB,CAAvB,CAAP,EAAkCV,IAAlC,CAAuCG,QAAvC;AACD,KAnBD;AAqBAX,OAAG,8CAAH,EAAmD,YAAW;AAC5D,UAAMY,MAAMlB,OAAOmB,SAAP,EAAZ;AACA,UAAMX,UAAUP,MACd;AAAC,oBAAD;AAAA;AAAc,yBAAe,CAAC,GAAD,CAA7B;AAAoC,uBAAa;AAAjD;AACE,4BAAC,KAAD;AAAO,6BAAmBiB;AAA1B;AADF,OADc,CAAhB;AAMAV,cAAQE,IAAR,CAAa,MAAb,EAAqBY,QAArB,CAA8B,QAA9B;AAEAI,cAAQC,GAAR,CAAYT,IAAIK,KAAJ,CAAU,CAAV,CAAZ,EAV4D,CAW5D;AAED,KAbD;AAcD,GArDD;AAsDD","file":"imports/ui/Login.test.js.map","sourcesContent":["import { Meteor } from 'meteor/meteor';\nimport React from 'react';\nimport expect from 'expect';\nimport { mount } from 'enzyme';\nimport { MemoryRouter } from 'react-router-dom';\n\nimport { Login }from './Login';\n\nif(Meteor.isClient) {\n  describe('Login', function() {\n    it('should show error messages', function() {\n      const error = 'This is not working';\n      const wrapper = mount(\n        <MemoryRouter intialEntries={['/']} initalIndex={0}>\n          <Login loginWithPassword={() => {}}/>\n        </MemoryRouter>\n      );\n\n      const login = wrapper.find(Login).node;\n\n      login.setState({ error });\n      expect(wrapper.find('p').text()).toBe(error);\n\n      login.setState({ error: '' });\n      expect(wrapper.find('p').length).toBe(0);\n    });\n\n    it('should call loginWithPassword with the form data', function() {\n      const email = 'ben@test.com';\n      const password =  'password123';\n      const spy = expect.createSpy();\n      const wrapper = mount(\n        <MemoryRouter intialEntries={['/']} initalIndex={0}>\n          <Login loginWithPassword={spy}/>\n        </MemoryRouter>\n      );\n\n      const login = wrapper.find(Login).node;\n\n      login.refs['email'].value = email;\n      login.refs['password'].value = password;\n\n      wrapper.find('form').simulate('submit');\n\n      expect(spy.calls[0].arguments[0]).toEqual({ email });\n      expect(spy.calls[0].arguments[1]).toBe(password);\n    });\n\n    it('should set loginWithPassword callback errors', function() {\n      const spy = expect.createSpy();\n      const wrapper = mount(\n        <MemoryRouter intialEntries={['/']} initalIndex={0}>\n          <Login loginWithPassword={spy}/>\n        </MemoryRouter>\n      );\n\n      wrapper.find('form').simulate('submit');\n\n      console.log(spy.calls[0]);\n      // expect(wrapper.state('error')).toNotBe('');\n\n    });\n  });\n}\n"]},"hash":"228233d3d7dbba99ef52b15cd0a18fa1c02eb1ca"}
