{"metadata":{"usedHelpers":[],"marked":[],"modules":{"imports":[],"exports":{"exported":[],"specifiers":[]}}},"options":{"filename":"packages/practicalmeteor:mocha/test/integration/fixtures/regression/1794/simple-ui.js","filenameRelative":"packages/practicalmeteor:mocha/test/integration/fixtures/regression/1794/simple-ui.js","env":{"development":{"plugins":[]}},"retainLines":false,"highlightCode":true,"suppressDeprecationMessages":false,"presets":[],"plugins":[[[],{"generateLetDeclarations":true,"enforceStrictMode":false}],[[],null],[[],{"polyfill":false}],[[],null],[[],null],[[],null],[[],{"allowTopLevelThis":true,"strict":false,"loose":true}],[[],null],[[],null],[[],null],[[],null],[[],null],[[],null],[[],null],[[],null],[[],null],[[],null],[[],null],[[],null],[[],{"loose":true}],[[],{"loose":true}],[[],null],[[],{"loose":true}],[[],null],[[],null],[[],null],[[],null],[[],null],[[],null],[[],{"loose":true}],[[],null],[[],null],[[],null],[[],null],[[],null],[[],null],[[],null]],"ignore":[],"code":true,"metadata":true,"ast":true,"comments":true,"compact":false,"minified":false,"sourceMap":true,"sourceMaps":true,"sourceMapTarget":"packages/practicalmeteor:mocha/test/integration/fixtures/regression/1794/simple-ui.js.map","sourceFileName":"packages/practicalmeteor:mocha/test/integration/fixtures/regression/1794/simple-ui.js","babelrc":false,"sourceType":"module","moduleIds":false,"passPerPreset":false,"parserOpts":false,"generatorOpts":false,"basename":"simple-ui"},"ignored":false,"code":"var path = '../../../../../lib/',\n    Mocha = require(path + 'mocha');\n\nSuite = require(path + 'suite'), Test = require(path + 'test'); /**\n                                                                 * A simple UI that only exposes a single function: test\n                                                                 */\n\nmodule.exports = Mocha.interfaces['simple-ui'] = function (suite) {\n  suite.on('pre-require', function (context, file, mocha) {\n    var common = require(path + 'interfaces/common')([suite], context);\n\n    context.run = mocha.options.delay && common.runWithSuite(suite); /**\n                                                                      * Describes a specification or test-case with the given `title`\n                                                                      * and callback `fn` acting as a thunk.\n                                                                      */\n\n    context.test = function (title, fn) {\n      var test = new Test(title, fn);\n      test.file = file;\n      suite.addTest(test);\n      return test;\n    };\n  });\n};","map":{"version":3,"sources":["packages/practicalmeteor:mocha/test/integration/fixtures/regression/1794/simple-ui.js"],"names":["path","Mocha","require","Suite","Test","module","exports","interfaces","suite","on","context","file","mocha","common","run","options","delay","runWithSuite","test","title","fn","addTest"],"mappings":"AAAA,IAAIA,OAAQ,qBAAZ;AAAA,IACIC,QAAQC,QAAQF,OAAO,OAAf,CADZ;;AAEIG,QAAQD,QAAQF,OAAO,OAAf,CAAR,EACAI,OAAQF,QAAQF,OAAO,MAAf,CADR,C,CAGJ;;;;AAGAK,OAAOC,OAAP,GAAiBL,MAAMM,UAAN,CAAiB,WAAjB,IAAgC,UAASC,KAAT,EAAgB;AAC/DA,QAAMC,EAAN,CAAS,aAAT,EAAwB,UAASC,OAAT,EAAkBC,IAAlB,EAAwBC,KAAxB,EAA+B;AACrD,QAAIC,SAASX,QAAQF,OAAO,mBAAf,EAAoC,CAACQ,KAAD,CAApC,EAA6CE,OAA7C,CAAb;;AAEAA,YAAQI,GAAR,GAAcF,MAAMG,OAAN,CAAcC,KAAd,IAAuBH,OAAOI,YAAP,CAAoBT,KAApB,CAArC,CAHqD,CAKrD;;;;;AAIAE,YAAQQ,IAAR,GAAe,UAASC,KAAT,EAAgBC,EAAhB,EAAoB;AACjC,UAAIF,OAAO,IAAId,IAAJ,CAASe,KAAT,EAAgBC,EAAhB,CAAX;AACAF,WAAKP,IAAL,GAAYA,IAAZ;AACAH,YAAMa,OAAN,CAAcH,IAAd;AAEA,aAAOA,IAAP;AACD,KAND;AAOD,GAhBD;AAiBD,CAlBD","file":"packages/practicalmeteor:mocha/test/integration/fixtures/regression/1794/simple-ui.js.map","sourcesContent":["var path  = '../../../../../lib/',\n    Mocha = require(path + 'mocha');\n    Suite = require(path + 'suite'),\n    Test  = require(path + 'test');\n\n/**\n * A simple UI that only exposes a single function: test\n */\nmodule.exports = Mocha.interfaces['simple-ui'] = function(suite) {\n  suite.on('pre-require', function(context, file, mocha) {\n    var common = require(path + 'interfaces/common')([suite], context);\n\n    context.run = mocha.options.delay && common.runWithSuite(suite);\n\n    /**\n     * Describes a specification or test-case with the given `title`\n     * and callback `fn` acting as a thunk.\n     */\n    context.test = function(title, fn) {\n      var test = new Test(title, fn);\n      test.file = file;\n      suite.addTest(test);\n\n      return test;\n    };\n  });\n};\n"]},"hash":"25f8d6165ab630bb4796917442025bbd36c6b960"}
