{"metadata":{"usedHelpers":[],"marked":[],"modules":{"imports":[],"exports":{"exported":[],"specifiers":[]}}},"options":{"filename":"packages/practicalmeteor:mocha/lib/test.js","filenameRelative":"packages/practicalmeteor:mocha/lib/test.js","env":{"development":{"plugins":[]}},"retainLines":false,"highlightCode":true,"suppressDeprecationMessages":false,"presets":[],"plugins":[[[],{"generateLetDeclarations":true,"enforceStrictMode":false}],[[],null],[[],{"polyfill":false}],[[],null],[[],null],[[],null],[[],{"allowTopLevelThis":true,"strict":false,"loose":true}],[[],null],[[],null],[[],null],[[],null],[[],null],[[],null],[[],null],[[],null],[[],null],[[],null],[[],null],[[],null],[[],{"loose":true}],[[],{"loose":true}],[[],null],[[],{"loose":true}],[[],null],[[],null],[[],null],[[],null],[[],null],[[],null],[[],{"loose":true}],[[],null],[[],null],[[],null],[[],null],[[],null],[[],null],[[],null]],"ignore":[],"code":true,"metadata":true,"ast":true,"comments":true,"compact":false,"minified":false,"sourceMap":true,"sourceMaps":true,"sourceMapTarget":"packages/practicalmeteor:mocha/lib/test.js.map","sourceFileName":"packages/practicalmeteor:mocha/lib/test.js","babelrc":false,"sourceType":"module","moduleIds":false,"passPerPreset":false,"parserOpts":false,"generatorOpts":false,"basename":"test"},"ignored":false,"code":"/**\n * Module dependencies.\n */var Runnable = require('./runnable');\n\nvar inherits = require('./utils').inherits; /**\n                                             * Expose `Test`.\n                                             */\n\nmodule.exports = Test; /**\n                        * Initialize a new `Test` with the given `title` and callback `fn`.\n                        *\n                        * @api private\n                        * @param {String} title\n                        * @param {Function} fn\n                        */\n\nfunction Test(title, fn) {\n  Runnable.call(this, title, fn);\n  this.pending = !fn;\n  this.type = 'test';\n  this.body = (fn || '').toString();\n} /**\n   * Inherit from `Runnable.prototype`.\n   */\n\ninherits(Test, Runnable);\n\nTest.prototype.clone = function () {\n  var test = new Test(this.title, this.fn);\n  test.timeout(this.timeout());\n  test.slow(this.slow());\n  test.enableTimeouts(this.enableTimeouts());\n  test.retries(this.retries());\n  test.currentRetry(this.currentRetry());\n  test.globals(this.globals());\n  test.parent = this.parent;\n  test.file = this.file;\n  test.ctx = this.ctx;\n  return test;\n};","map":{"version":3,"sources":["packages/practicalmeteor:mocha/lib/test.js"],"names":["Runnable","require","inherits","module","exports","Test","title","fn","call","pending","type","body","toString","prototype","clone","test","timeout","slow","enableTimeouts","retries","currentRetry","globals","parent","file","ctx"],"mappings":"AAAA;;GAIA,IAAIA,WAAWC,QAAQ,YAAR,CAAf;;AACA,IAAIC,WAAWD,QAAQ,SAAR,EAAmBC,QAAlC,C,CAEA;;;;AAIAC,OAAOC,OAAP,GAAiBC,IAAjB,C,CAEA;;;;;;;;AAOA,SAASA,IAAT,CAAcC,KAAd,EAAqBC,EAArB,EAAyB;AACvBP,WAASQ,IAAT,CAAc,IAAd,EAAoBF,KAApB,EAA2BC,EAA3B;AACA,OAAKE,OAAL,GAAe,CAACF,EAAhB;AACA,OAAKG,IAAL,GAAY,MAAZ;AACA,OAAKC,IAAL,GAAY,CAACJ,MAAM,EAAP,EAAWK,QAAX,EAAZ;AACD,C,CAED;;;;AAGAV,SAASG,IAAT,EAAeL,QAAf;;AAEAK,KAAKQ,SAAL,CAAeC,KAAf,GAAuB,YAAW;AAChC,MAAIC,OAAO,IAAIV,IAAJ,CAAS,KAAKC,KAAd,EAAqB,KAAKC,EAA1B,CAAX;AACAQ,OAAKC,OAAL,CAAa,KAAKA,OAAL,EAAb;AACAD,OAAKE,IAAL,CAAU,KAAKA,IAAL,EAAV;AACAF,OAAKG,cAAL,CAAoB,KAAKA,cAAL,EAApB;AACAH,OAAKI,OAAL,CAAa,KAAKA,OAAL,EAAb;AACAJ,OAAKK,YAAL,CAAkB,KAAKA,YAAL,EAAlB;AACAL,OAAKM,OAAL,CAAa,KAAKA,OAAL,EAAb;AACAN,OAAKO,MAAL,GAAc,KAAKA,MAAnB;AACAP,OAAKQ,IAAL,GAAY,KAAKA,IAAjB;AACAR,OAAKS,GAAL,GAAW,KAAKA,GAAhB;AACA,SAAOT,IAAP;AACD,CAZD","file":"packages/practicalmeteor:mocha/lib/test.js.map","sourcesContent":["/**\n * Module dependencies.\n */\n\nvar Runnable = require('./runnable');\nvar inherits = require('./utils').inherits;\n\n/**\n * Expose `Test`.\n */\n\nmodule.exports = Test;\n\n/**\n * Initialize a new `Test` with the given `title` and callback `fn`.\n *\n * @api private\n * @param {String} title\n * @param {Function} fn\n */\nfunction Test(title, fn) {\n  Runnable.call(this, title, fn);\n  this.pending = !fn;\n  this.type = 'test';\n  this.body = (fn || '').toString();\n}\n\n/**\n * Inherit from `Runnable.prototype`.\n */\ninherits(Test, Runnable);\n\nTest.prototype.clone = function() {\n  var test = new Test(this.title, this.fn);\n  test.timeout(this.timeout());\n  test.slow(this.slow());\n  test.enableTimeouts(this.enableTimeouts());\n  test.retries(this.retries());\n  test.currentRetry(this.currentRetry());\n  test.globals(this.globals());\n  test.parent = this.parent;\n  test.file = this.file;\n  test.ctx = this.ctx;\n  return test;\n};\n"]},"hash":"26c33f635b5b3cc95d56967ab789c9ac72ccd3dc"}
