{"metadata":{"usedHelpers":[],"marked":[],"modules":{"imports":[{"source":"react","imported":["default"],"specifiers":[{"kind":"named","imported":"default","local":"React"}]},{"source":"react-router-dom","imported":["Link"],"specifiers":[{"kind":"named","imported":"Link","local":"Link"}]}],"exports":{"exported":[],"specifiers":[]}}},"options":{"filename":"imports/ui/NotFound.js","filenameRelative":"imports/ui/NotFound.js","env":{"development":{"plugins":[]}},"retainLines":false,"highlightCode":true,"suppressDeprecationMessages":false,"presets":[],"plugins":[[[],{"generateLetDeclarations":true,"enforceStrictMode":false}],[[],null],[[],{"polyfill":false}],[[],null],[[],null],[[],null],[[],{"allowTopLevelThis":true,"strict":false,"loose":true}],[[],null],[[],null],[[],null],[[],null],[[],null],[[],null],[[],null],[[],null],[[],null],[[],null],[[],null],[[],null],[[],{"loose":true}],[[],{"loose":true}],[[],null],[[],{"loose":true}],[[],null],[[],null],[[],null],[[],null],[[],null],[[],null],[[],{"loose":true}],[[],null],[[],null],[[],null],[[],null],[[],null],[[],null],[[],null]],"ignore":[],"code":true,"metadata":true,"ast":true,"comments":true,"compact":false,"minified":false,"sourceMap":true,"sourceMaps":true,"sourceMapTarget":"imports/ui/NotFound.js.map","sourceFileName":"imports/ui/NotFound.js","babelrc":false,"sourceType":"module","moduleIds":false,"passPerPreset":false,"parserOpts":false,"generatorOpts":false,"basename":"NotFound"},"ignored":false,"code":"var React = void 0;\nmodule.watch(require(\"react\"), {\n  \"default\": function (v) {\n    React = v;\n  }\n}, 0);\nvar Link = void 0;\nmodule.watch(require(\"react-router-dom\"), {\n  Link: function (v) {\n    Link = v;\n  }\n}, 1);\nmodule.exportDefault(function () {\n  return React.createElement(\n    \"div\",\n    null,\n    React.createElement(\n      \"div\",\n      {\n        className: \"boxed-view\"\n      },\n      React.createElement(\n        \"div\",\n        {\n          className: \"boxed-view__box\"\n        },\n        React.createElement(\n          \"h1\",\n          null,\n          \"Page Not Found\"\n        ),\n        React.createElement(\n          \"p\",\n          null,\n          \"We're unable to find the page.\"\n        ),\n        React.createElement(\n          Link,\n          {\n            to: \"/\",\n            className: \"button button--link\"\n          },\n          \"HEAD HOME\"\n        )\n      )\n    )\n  );\n});","map":{"version":3,"sources":["imports/ui/NotFound.js"],"names":["React","module","watch","require","v","Link","exportDefault"],"mappings":"AAAA,IAAIA,cAAJ;AAAUC,OAAOC,KAAP,CAAaC,QAAQ,OAAR,CAAb,EAA8B;AAAA,uBAASC,CAAT,EAAW;AAACJ,YAAMI,CAAN;AAAQ;AAApB,CAA9B,EAAoD,CAApD;AAAuD,IAAIC,aAAJ;AAASJ,OAAOC,KAAP,CAAaC,QAAQ,kBAAR,CAAb,EAAyC;AAACE,MAAD,YAAMD,CAAN,EAAQ;AAACC,WAAKD,CAAL;AAAO;AAAhB,CAAzC,EAA2D,CAA3D;AAA1EH,OAAOK,aAAP,CAGc,YAAM;AAClB,SACE;AAAA;AAAA;AACE;AAAA;AAAA;AAAK,mBAAU;AAAf;AACE;AAAA;AAAA;AAAK,qBAAU;AAAf;AACE;AAAA;AAAA;AAAA;AAAA,SADF;AAEE;AAAA;AAAA;AAAA;AAAA,SAFF;AAGA;AAAC,cAAD;AAAA;AAAM,gBAAG,GAAT;AAAa,uBAAU;AAAvB;AAAA;AAAA;AAHA;AADF;AADF,GADF;AAWD,CAfD","file":"imports/ui/NotFound.js.map","sourcesContent":["import React from 'react';\nimport { Link } from 'react-router-dom';\n\nexport default() => {\n  return (\n    <div>\n      <div className=\"boxed-view\">\n        <div className=\"boxed-view__box\">\n          <h1>Page Not Found</h1>\n          <p>We're unable to find the page.</p>\n        <Link to=\"/\" className=\"button button--link\">HEAD HOME</Link>\n        </div>\n      </div>\n    </div>\n  );\n};\n"]},"hash":"2ae705113ba64565840772a392f1af4c3262a4f9"}
