{"metadata":{"usedHelpers":[],"marked":[],"modules":{"imports":[],"exports":{"exported":[],"specifiers":[]}}},"options":{"filename":"packages/practicalmeteor:mocha/test/hook.sync.nested.js","filenameRelative":"packages/practicalmeteor:mocha/test/hook.sync.nested.js","env":{"development":{"plugins":[]}},"retainLines":false,"highlightCode":true,"suppressDeprecationMessages":false,"presets":[],"plugins":[[[],{"generateLetDeclarations":true,"enforceStrictMode":false}],[[],null],[[],{"polyfill":false}],[[],null],[[],null],[[],null],[[],{"allowTopLevelThis":true,"strict":false,"loose":true}],[[],null],[[],null],[[],null],[[],null],[[],null],[[],null],[[],null],[[],null],[[],null],[[],null],[[],null],[[],null],[[],{"loose":true}],[[],{"loose":true}],[[],null],[[],{"loose":true}],[[],null],[[],null],[[],null],[[],null],[[],null],[[],null],[[],{"loose":true}],[[],null],[[],null],[[],null],[[],null],[[],null],[[],null],[[],null]],"ignore":[],"code":true,"metadata":true,"ast":true,"comments":true,"compact":false,"minified":false,"sourceMap":true,"sourceMaps":true,"sourceMapTarget":"packages/practicalmeteor:mocha/test/hook.sync.nested.js.map","sourceFileName":"packages/practicalmeteor:mocha/test/hook.sync.nested.js","babelrc":false,"sourceType":"module","moduleIds":false,"passPerPreset":false,"parserOpts":false,"generatorOpts":false,"basename":"hook.sync.nested"},"ignored":false,"code":"describe('serial', function () {\n  describe('nested', function () {\n    var calls = [];\n    beforeEach(function () {\n      calls.push('parent before');\n\n      if (this.currentTest) {\n        calls.push('parent before test ' + this.currentTest.title);\n      }\n    });\n    afterEach(function () {\n      calls.push('parent after');\n\n      if (this.currentTest) {\n        calls.push('parent after test ' + this.currentTest.title + ' ' + this.currentTest.state);\n      }\n    });\n    it('foo', function () {\n      calls.should.eql(['parent before', 'parent before test foo']);\n      calls.push('foo');\n    });\n    it('bar', function () {\n      calls.should.eql(['parent before', 'parent before test foo', 'foo', 'parent after', 'parent after test foo passed', 'parent before', 'parent before test bar']);\n    });\n    describe('hooks', function () {\n      beforeEach(function () {\n        calls.push('before');\n\n        if (this.currentTest) {\n          calls.push('before test ' + this.currentTest.title);\n        }\n      });\n      it('one', function () {\n        calls.should.eql(['parent before', 'parent before test foo', 'foo', 'parent after', 'parent after test foo passed', 'parent before', 'parent before test bar', 'parent after', 'parent after test bar passed', 'parent before', 'parent before test one', 'before', 'before test one']);\n        calls.push('one');\n      });\n      it('two', function () {\n        calls.should.eql(['parent before', 'parent before test foo', 'foo', 'parent after', 'parent after test foo passed', 'parent before', 'parent before test bar', 'parent after', 'parent after test bar passed', 'parent before', 'parent before test one', 'before', 'before test one', 'one', 'after', 'after test one passed', 'parent after', 'parent after test one passed', 'parent before', 'parent before test two', 'before', 'before test two']);\n        calls.push('two');\n      });\n      afterEach(function () {\n        calls.push('after');\n\n        if (this.currentTest) {\n          calls.push('after test ' + this.currentTest.title + ' ' + this.currentTest.state);\n        }\n      });\n    });\n  });\n});","map":{"version":3,"sources":["packages/practicalmeteor:mocha/test/hook.sync.nested.js"],"names":["describe","calls","beforeEach","push","currentTest","title","afterEach","state","it","should","eql"],"mappings":"AAAAA,SAAS,QAAT,EAAmB,YAAU;AAC3BA,WAAS,QAAT,EAAmB,YAAU;AAC3B,QAAIC,QAAQ,EAAZ;AAEAC,eAAW,YAAU;AACnBD,YAAME,IAAN,CAAW,eAAX;;AACA,UAAI,KAAKC,WAAT,EAAsB;AACpBH,cAAME,IAAN,CAAW,wBAAwB,KAAKC,WAAL,CAAiBC,KAApD;AACD;AACF,KALD;AAOAC,cAAU,YAAU;AAClBL,YAAME,IAAN,CAAW,cAAX;;AACA,UAAI,KAAKC,WAAT,EAAsB;AACpBH,cAAME,IAAN,CAAW,uBAAuB,KAAKC,WAAL,CAAiBC,KAAxC,GAAgD,GAAhD,GAAsD,KAAKD,WAAL,CAAiBG,KAAlF;AACD;AACF,KALD;AAOAC,OAAG,KAAH,EAAU,YAAU;AAClBP,YAAMQ,MAAN,CAAaC,GAAb,CAAiB,CACb,eADa,EAEb,wBAFa,CAAjB;AAGAT,YAAME,IAAN,CAAW,KAAX;AACD,KALD;AAOAK,OAAG,KAAH,EAAU,YAAU;AAClBP,YAAMQ,MAAN,CAAaC,GAAb,CAAiB,CACb,eADa,EAEb,wBAFa,EAGb,KAHa,EAIb,cAJa,EAKb,8BALa,EAMb,eANa,EAOb,wBAPa,CAAjB;AAQD,KATD;AAWAV,aAAS,OAAT,EAAkB,YAAU;AAC1BE,iBAAW,YAAU;AACnBD,cAAME,IAAN,CAAW,QAAX;;AACA,YAAI,KAAKC,WAAT,EAAsB;AACpBH,gBAAME,IAAN,CAAW,iBAAiB,KAAKC,WAAL,CAAiBC,KAA7C;AACD;AACF,OALD;AAOAG,SAAG,KAAH,EAAU,YAAU;AAClBP,cAAMQ,MAAN,CAAaC,GAAb,CAAiB,CACb,eADa,EAEb,wBAFa,EAGb,KAHa,EAIb,cAJa,EAKb,8BALa,EAMb,eANa,EAOb,wBAPa,EAQb,cARa,EASb,8BATa,EAUb,eAVa,EAWb,wBAXa,EAYb,QAZa,EAab,iBAba,CAAjB;AAcAT,cAAME,IAAN,CAAW,KAAX;AACD,OAhBD;AAkBAK,SAAG,KAAH,EAAU,YAAU;AAClBP,cAAMQ,MAAN,CAAaC,GAAb,CAAiB,CACb,eADa,EAEb,wBAFa,EAGb,KAHa,EAIb,cAJa,EAKb,8BALa,EAMb,eANa,EAOb,wBAPa,EAQb,cARa,EASb,8BATa,EAUb,eAVa,EAWb,wBAXa,EAYb,QAZa,EAab,iBAba,EAcb,KAda,EAeb,OAfa,EAgBb,uBAhBa,EAiBb,cAjBa,EAkBb,8BAlBa,EAmBb,eAnBa,EAoBb,wBApBa,EAqBb,QArBa,EAsBb,iBAtBa,CAAjB;AAuBAT,cAAME,IAAN,CAAW,KAAX;AACD,OAzBD;AA2BAG,gBAAU,YAAU;AAClBL,cAAME,IAAN,CAAW,OAAX;;AACA,YAAI,KAAKC,WAAT,EAAsB;AACpBH,gBAAME,IAAN,CAAW,gBAAgB,KAAKC,WAAL,CAAiBC,KAAjC,GAAyC,GAAzC,GAA+C,KAAKD,WAAL,CAAiBG,KAA3E;AACD;AACF,OALD;AAMD,KA3DD;AA4DD,GA/FD;AAgGD,CAjGD","file":"packages/practicalmeteor:mocha/test/hook.sync.nested.js.map","sourcesContent":["describe('serial', function(){\n  describe('nested', function(){\n    var calls = [];\n\n    beforeEach(function(){\n      calls.push('parent before');\n      if (this.currentTest) {\n        calls.push('parent before test ' + this.currentTest.title);\n      }\n    })\n\n    afterEach(function(){\n      calls.push('parent after');\n      if (this.currentTest) {\n        calls.push('parent after test ' + this.currentTest.title + ' ' + this.currentTest.state);\n      }\n    });\n\n    it('foo', function(){\n      calls.should.eql([\n          'parent before'\n        , 'parent before test foo']);\n      calls.push('foo');\n    })\n\n    it('bar', function(){\n      calls.should.eql([\n          'parent before'\n        , 'parent before test foo'\n        , 'foo'\n        , 'parent after'\n        , 'parent after test foo passed'\n        , 'parent before'\n        , 'parent before test bar']);\n    })\n\n    describe('hooks', function(){\n      beforeEach(function(){\n        calls.push('before');\n        if (this.currentTest) {\n          calls.push('before test ' + this.currentTest.title);\n        }\n      })\n\n      it('one', function(){\n        calls.should.eql([\n            'parent before'\n          , 'parent before test foo'\n          , 'foo'\n          , 'parent after'\n          , 'parent after test foo passed'\n          , 'parent before'\n          , 'parent before test bar'\n          , 'parent after'\n          , 'parent after test bar passed'\n          , 'parent before'\n          , 'parent before test one'\n          , 'before'\n          , 'before test one']);\n        calls.push('one');\n      })\n\n      it('two', function(){\n        calls.should.eql([\n            'parent before'\n          , 'parent before test foo'\n          , 'foo'\n          , 'parent after'\n          , 'parent after test foo passed'\n          , 'parent before'\n          , 'parent before test bar'\n          , 'parent after'\n          , 'parent after test bar passed'\n          , 'parent before'\n          , 'parent before test one'\n          , 'before'\n          , 'before test one'\n          , 'one'\n          , 'after'\n          , 'after test one passed'\n          , 'parent after'\n          , 'parent after test one passed'\n          , 'parent before'\n          , 'parent before test two'\n          , 'before'\n          , 'before test two']);\n        calls.push('two');\n      });\n\n      afterEach(function(){\n        calls.push('after');\n        if (this.currentTest) {\n          calls.push('after test ' + this.currentTest.title + ' ' + this.currentTest.state);\n        }\n      })\n    })\n  })\n})\n"]},"hash":"2f37800610da0f41a09fe70c3cf4b9eac049abb0"}
