{"metadata":{"usedHelpers":[],"marked":[],"modules":{"imports":[{"source":"meteor/practicalmeteor:mocha","imported":["MochaRunner","describe","it","before","after","beforeEach","afterEach","xdescribe","xit","specify","xspecify","context","xcontext"],"specifiers":[{"kind":"named","imported":"MochaRunner","local":"MochaRunner"},{"kind":"named","imported":"describe","local":"describe"},{"kind":"named","imported":"it","local":"it"},{"kind":"named","imported":"before","local":"before"},{"kind":"named","imported":"after","local":"after"},{"kind":"named","imported":"beforeEach","local":"beforeEach"},{"kind":"named","imported":"afterEach","local":"afterEach"},{"kind":"named","imported":"xdescribe","local":"xdescribe"},{"kind":"named","imported":"xit","local":"xit"},{"kind":"named","imported":"specify","local":"specify"},{"kind":"named","imported":"xspecify","local":"xspecify"},{"kind":"named","imported":"context","local":"context"},{"kind":"named","imported":"xcontext","local":"xcontext"}]},{"source":"meteor/practicalmeteor:chai","imported":["expect"],"specifiers":[{"kind":"named","imported":"expect","local":"expect"}]},{"source":"./TestCollection","imported":["default"],"specifiers":[{"kind":"named","imported":"default","local":"TestCollection"}]}],"exports":{"exported":[],"specifiers":[]}}},"options":{"filename":"packages/practicalmeteor:mocha/meteor/test-package/mocha-tests.js","filenameRelative":"packages/practicalmeteor:mocha/meteor/test-package/mocha-tests.js","env":{"development":{"plugins":[]}},"retainLines":false,"highlightCode":true,"suppressDeprecationMessages":false,"presets":[],"plugins":[[[],{"generateLetDeclarations":true,"enforceStrictMode":false}],[[],null],[[],{"polyfill":false}],[[],null],[[],null],[[],null],[[],{"allowTopLevelThis":true,"strict":false,"loose":true}],[[],null],[[],null],[[],null],[[],null],[[],null],[[],null],[[],null],[[],null],[[],null],[[],null],[[],null],[[],null],[[],{"loose":true}],[[],{"loose":true}],[[],null],[[],{"loose":true}],[[],null],[[],null],[[],null],[[],null],[[],null],[[],null],[[],{"loose":true}],[[],null],[[],null],[[],null],[[],null],[[],null],[[],null],[[],null]],"ignore":[],"code":true,"metadata":true,"ast":true,"comments":true,"compact":false,"minified":false,"sourceMap":true,"sourceMaps":true,"sourceMapTarget":"packages/practicalmeteor:mocha/meteor/test-package/mocha-tests.js.map","sourceFileName":"packages/practicalmeteor:mocha/meteor/test-package/mocha-tests.js","babelrc":false,"sourceType":"module","moduleIds":false,"passPerPreset":false,"parserOpts":false,"generatorOpts":false,"basename":"mocha-tests"},"ignored":false,"code":"var MochaRunner = void 0,\n    describe = void 0,\n    it = void 0,\n    before = void 0,\n    after = void 0,\n    beforeEach = void 0,\n    afterEach = void 0,\n    xdescribe = void 0,\n    xit = void 0,\n    specify = void 0,\n    xspecify = void 0,\n    context = void 0,\n    xcontext = void 0;\nmodule.watch(require(\"meteor/practicalmeteor:mocha\"), {\n  MochaRunner: function (v) {\n    MochaRunner = v;\n  },\n  describe: function (v) {\n    describe = v;\n  },\n  it: function (v) {\n    it = v;\n  },\n  before: function (v) {\n    before = v;\n  },\n  after: function (v) {\n    after = v;\n  },\n  beforeEach: function (v) {\n    beforeEach = v;\n  },\n  afterEach: function (v) {\n    afterEach = v;\n  },\n  xdescribe: function (v) {\n    xdescribe = v;\n  },\n  xit: function (v) {\n    xit = v;\n  },\n  specify: function (v) {\n    specify = v;\n  },\n  xspecify: function (v) {\n    xspecify = v;\n  },\n  context: function (v) {\n    context = v;\n  },\n  xcontext: function (v) {\n    xcontext = v;\n  }\n}, 0);\nvar expect = void 0;\nmodule.watch(require(\"meteor/practicalmeteor:chai\"), {\n  expect: function (v) {\n    expect = v;\n  }\n}, 1);\nvar TestCollection = void 0;\nmodule.watch(require(\"./TestCollection\"), {\n  \"default\": function (v) {\n    TestCollection = v;\n  }\n}, 2);\nconsole.log(\"------------------------------------------------\");\nconsole.log(\"----------------PACKAGE VERSIONS----------------\");\nconsole.log(\"practicalmeteor:mocha:\", MochaRunner.VERSION);\nconsole.log(\"------------------------------------------------\");\nconsole.log(\"------------------------------------------------\");\ndescribe('1 - Array', function () {\n  describe('1.1 - #indexOf()', function () {\n    return it('should return -1 when the value is not present', function () {\n      expect([1, 2, 3].indexOf(5)).to.equal(-1);\n      return expect([1, 2, 3].indexOf(0)).to.equal(-1);\n    });\n  });\n  describe('1.2 - length', function () {\n    return it('should return length of array', function () {\n      return expect([1, 2, 3].length).to.equal(3);\n    });\n  });\n});\ndescribe('2 - Async test', function () {\n  it('should pass', function (done) {\n    Meteor.setTimeout(function () {\n      done();\n    }, 1000);\n  });\n  it('should throw', function (done) {\n    Meteor.setTimeout(function () {\n      done(\"I'm throwing\");\n    }, 1000);\n  });\n});\ndescribe('3 - Skipped test', function () {\n  it.skip('3.1 - should skip test', function (done) {\n    Meteor.setTimeout(function () {\n      done();\n    }, 1000);\n  });\n  it('3.2 - should skip test');\n});\ndescribe('4 - Uncaught exception suite', function () {\n  it('should fail due to an uncaught exception', function (done) {\n    setTimeout(function () {\n      throw new Error(\"I'm an uncaught exception\");\n      done();\n    }, 1000);\n  });\n});\ndescribe('5 - All sync test suite', function () {\n  before(function () {\n    console.log('before');\n  });\n  after(function () {\n    console.log('after');\n  });\n  beforeEach(function () {\n    console.log('beforeEach');\n  });\n  afterEach(function () {\n    console.log('afterEach');\n  });\n  it('passing', function () {\n    expect(true).to.be[\"true\"];\n  });\n  it('throwing', function () {\n    expect(false).to.be[\"true\"];\n  });\n});\ndescribe('6 - All async test suite', function () {\n  before(function (done) {\n    this.keepContext = true;\n    console.log('before');\n    Meteor.defer(function () {\n      done();\n    });\n  });\n  after(function (done) {\n    console.log('after');\n    Meteor.setTimeout(function () {\n      done();\n    }, 500);\n  });\n  beforeEach(function (done) {\n    console.log('beforeEach');\n    Meteor.setTimeout(function () {\n      done();\n    }, 500);\n  });\n  afterEach(function (done) {\n    console.log('afterEach');\n    this.timeout(1000);\n    Meteor.setTimeout(function () {\n      done();\n    }, 500);\n  });\n  this.timeout(5000);\n  it('passing', function (done) {\n    expect(this.keepContext).to.be[\"true\"];\n    Meteor.setTimeout(function () {\n      done();\n    }, 2500);\n  });\n  it('throwing', function (done) {\n    Meteor.defer(function () {\n      done(new Error('failing'));\n    });\n  });\n});\ndescribe('7 - implicit wait', function () {\n  it('during findOne', function () {\n    var doc;\n    return doc = TestCollection.findOne({\n      _id: 'xxx'\n    });\n  });\n});\ndescribe.skip('8 - skip suite', function () {\n  it(\"this won't run\", function () {\n    throw new Error(\"This is an error\");\n  });\n});\ndescribe(\"9 -  before and after hooks errors\", function () {\n  before(function () {\n    throw new Error(\"Error from before\");\n  });\n  it(\"It hooks with errors\", function () {\n    throw new Error(\"This will not throw\");\n  });\n  after(function () {\n    throw new Error(\"Error from after\");\n  });\n});\ndescribe(\"10 - beforeEach and afterEach hooks errors\", function () {\n  beforeEach(function () {\n    throw new Error(\"Error from beforeEach\");\n  });\n  it(\"It hooks with errors\", function () {\n    throw new Error(\"This will not throw\");\n  });\n  afterEach(function () {\n    throw new Error(\"Error from afterEach\");\n  });\n});\ndescribe(\"11 - Specify\", function () {\n  specify(\"it works\", function () {\n    expect(true).to.be.true;\n  });\n  xspecify(\"Skip: This won't run\", function () {\n    throw new Error(\"This won't run\");\n  });\n});\ncontext(\"12 - Context test\", function () {\n  it(\"it works\", function () {\n    expect(true).to.be.true;\n  });\n});\nxcontext(\"12 - Skip suite (xcontext)\", function () {\n  it(\"This won't run\", function () {\n    throw new Error(\"This won't run\");\n  });\n});\ndescribe(\"13 - Promises\", function () {\n  it(\"Handle promises\", function () {\n    return new Promise(function (resolve, reject) {\n      expect(true).to.be.true;\n      resolve(true);\n    });\n  });\n  it('Handle promises errors', function () {\n    return new Promise(function (resolve, reject) {\n      reject(new Error('fails-just-fine'));\n    });\n  });\n});","map":{"version":3,"sources":["packages/practicalmeteor:mocha/meteor/test-package/mocha-tests.js"],"names":["MochaRunner","describe","it","before","after","beforeEach","afterEach","xdescribe","xit","specify","xspecify","context","xcontext","module","watch","require","v","expect","TestCollection","console","log","VERSION","indexOf","to","equal","length","done","Meteor","setTimeout","skip","Error","be","keepContext","defer","timeout","doc","findOne","_id","true","Promise","resolve","reject"],"mappings":"AAAA,IAAIA,oBAAJ;AAAA,IAAgBC,iBAAhB;AAAA,IAAyBC,WAAzB;AAAA,IAA4BC,eAA5B;AAAA,IAAmCC,cAAnC;AAAA,IAAyCC,mBAAzC;AAAA,IAAoDC,kBAApD;AAAA,IAA8DC,kBAA9D;AAAA,IAAwEC,YAAxE;AAAA,IAA4EC,gBAA5E;AAAA,IAAoFC,iBAApF;AAAA,IAA6FC,gBAA7F;AAAA,IAAqGC,iBAArG;AAA8GC,OAAOC,KAAP,CAAaC,QAAQ,8BAAR,CAAb,EAAqD;AAACf,aAAD,YAAagB,CAAb,EAAe;AAAChB,kBAAYgB,CAAZ;AAAc,GAA9B;AAA+Bf,UAA/B,YAAwCe,CAAxC,EAA0C;AAACf,eAASe,CAAT;AAAW,GAAtD;AAAuDd,IAAvD,YAA0Dc,CAA1D,EAA4D;AAACd,SAAGc,CAAH;AAAK,GAAlE;AAAmEb,QAAnE,YAA0Ea,CAA1E,EAA4E;AAACb,aAAOa,CAAP;AAAS,GAAtF;AAAuFZ,OAAvF,YAA6FY,CAA7F,EAA+F;AAACZ,YAAMY,CAAN;AAAQ,GAAxG;AAAyGX,YAAzG,YAAoHW,CAApH,EAAsH;AAACX,iBAAWW,CAAX;AAAa,GAApI;AAAqIV,WAArI,YAA+IU,CAA/I,EAAiJ;AAACV,gBAAUU,CAAV;AAAY,GAA9J;AAA+JT,WAA/J,YAAyKS,CAAzK,EAA2K;AAACT,gBAAUS,CAAV;AAAY,GAAxL;AAAyLR,KAAzL,YAA6LQ,CAA7L,EAA+L;AAACR,UAAIQ,CAAJ;AAAM,GAAtM;AAAuMP,SAAvM,YAA+MO,CAA/M,EAAiN;AAACP,cAAQO,CAAR;AAAU,GAA5N;AAA6NN,UAA7N,YAAsOM,CAAtO,EAAwO;AAACN,eAASM,CAAT;AAAW,GAApP;AAAqPL,SAArP,YAA6PK,CAA7P,EAA+P;AAACL,cAAQK,CAAR;AAAU,GAA1Q;AAA2QJ,UAA3Q,YAAoRI,CAApR,EAAsR;AAACJ,eAASI,CAAT;AAAW;AAAlS,CAArD,EAAyV,CAAzV;AAA4V,IAAIC,eAAJ;AAAWJ,OAAOC,KAAP,CAAaC,QAAQ,6BAAR,CAAb,EAAoD;AAACE,QAAD,YAAQD,CAAR,EAAU;AAACC,aAAOD,CAAP;AAAS;AAApB,CAApD,EAA0E,CAA1E;AAA6E,IAAIE,uBAAJ;AAAmBL,OAAOC,KAAP,CAAaC,QAAQ,kBAAR,CAAb,EAAyC;AAAA,uBAASC,CAAT,EAAW;AAACE,qBAAeF,CAAf;AAAiB;AAA7B,CAAzC,EAAwE,CAAxE;AAGrjBG,QAAQC,GAAR,CAAY,kDAAZ;AACAD,QAAQC,GAAR,CAAY,kDAAZ;AACAD,QAAQC,GAAR,CAAY,wBAAZ,EAAsCpB,YAAYqB,OAAlD;AACAF,QAAQC,GAAR,CAAY,kDAAZ;AACAD,QAAQC,GAAR,CAAY,kDAAZ;AAGAnB,SAAS,WAAT,EAAsB,YAAW;AAE/BA,WAAS,kBAAT,EAA6B,YAAW;AACtC,WAAOC,GAAG,gDAAH,EAAqD,YAAW;AACrEe,aAAO,CAAC,CAAD,EAAI,CAAJ,EAAO,CAAP,EAAUK,OAAV,CAAkB,CAAlB,CAAP,EAA6BC,EAA7B,CAAgCC,KAAhC,CAAsC,CAAC,CAAvC;AACA,aAAOP,OAAO,CAAC,CAAD,EAAI,CAAJ,EAAO,CAAP,EAAUK,OAAV,CAAkB,CAAlB,CAAP,EAA6BC,EAA7B,CAAgCC,KAAhC,CAAsC,CAAC,CAAvC,CAAP;AACD,KAHM,CAAP;AAID,GALD;AAOAvB,WAAS,cAAT,EAAyB,YAAW;AAClC,WAAOC,GAAG,+BAAH,EAAoC,YAAW;AACpD,aAAOe,OAAO,CAAC,CAAD,EAAI,CAAJ,EAAO,CAAP,EAAUQ,MAAjB,EAAyBF,EAAzB,CAA4BC,KAA5B,CAAkC,CAAlC,CAAP;AACD,KAFM,CAAP;AAGD,GAJD;AAMD,CAfD;AAiBAvB,SAAS,gBAAT,EAA2B,YAAW;AAEpCC,KAAG,aAAH,EAAkB,UAASwB,IAAT,EAAe;AAC/BC,WAAOC,UAAP,CAAkB,YAAW;AAC3BF;AACD,KAFD,EAEG,IAFH;AAGD,GAJD;AAMAxB,KAAG,cAAH,EAAmB,UAASwB,IAAT,EAAe;AAChCC,WAAOC,UAAP,CAAkB,YAAW;AAC3BF,WAAK,cAAL;AACD,KAFD,EAEG,IAFH;AAGD,GAJD;AAMD,CAdD;AAgBAzB,SAAS,kBAAT,EAA6B,YAAW;AAEtCC,KAAG2B,IAAH,CAAQ,wBAAR,EAAkC,UAASH,IAAT,EAAe;AAC/CC,WAAOC,UAAP,CAAkB,YAAW;AAC3BF;AACD,KAFD,EAEG,IAFH;AAGD,GAJD;AAMAxB,KAAG,wBAAH;AACD,CATD;AAWAD,SAAS,8BAAT,EAAyC,YAAW;AAElDC,KAAG,0CAAH,EAA+C,UAASwB,IAAT,EAAe;AAC5DE,eAAW,YAAW;AACpB,YAAM,IAAIE,KAAJ,CAAU,2BAAV,CAAN;AACAJ;AACD,KAHD,EAGG,IAHH;AAID,GALD;AAMD,CARD;AAUAzB,SAAS,yBAAT,EAAoC,YAAW;AAE7CE,SAAO,YAAW;AAChBgB,YAAQC,GAAR,CAAY,QAAZ;AACD,GAFD;AAIAhB,QAAM,YAAW;AACfe,YAAQC,GAAR,CAAY,OAAZ;AACD,GAFD;AAIAf,aAAW,YAAW;AACpBc,YAAQC,GAAR,CAAY,YAAZ;AACD,GAFD;AAIAd,YAAU,YAAW;AACnBa,YAAQC,GAAR,CAAY,WAAZ;AACD,GAFD;AAIAlB,KAAG,SAAH,EAAc,YAAW;AACvBe,WAAO,IAAP,EAAaM,EAAb,CAAgBQ,EAAhB,CAAmB,MAAnB;AACD,GAFD;AAIA7B,KAAG,UAAH,EAAe,YAAW;AACxBe,WAAO,KAAP,EAAcM,EAAd,CAAiBQ,EAAjB,CAAoB,MAApB;AACD,GAFD;AAGD,CAzBD;AA2BA9B,SAAS,0BAAT,EAAqC,YAAW;AAE9CE,SAAO,UAASuB,IAAT,EAAe;AACpB,SAAKM,WAAL,GAAmB,IAAnB;AACAb,YAAQC,GAAR,CAAY,QAAZ;AACAO,WAAOM,KAAP,CAAa,YAAW;AACtBP;AACD,KAFD;AAGD,GAND;AAQAtB,QAAM,UAASsB,IAAT,EAAe;AACnBP,YAAQC,GAAR,CAAY,OAAZ;AACAO,WAAOC,UAAP,CAAmB,YAAW;AAC5BF;AACD,KAFD,EAEI,GAFJ;AAGD,GALD;AAMArB,aAAW,UAASqB,IAAT,EAAe;AACxBP,YAAQC,GAAR,CAAY,YAAZ;AACAO,WAAOC,UAAP,CAAmB,YAAW;AAC5BF;AACD,KAFD,EAEI,GAFJ;AAGD,GALD;AAMApB,YAAU,UAASoB,IAAT,EAAe;AACvBP,YAAQC,GAAR,CAAY,WAAZ;AACA,SAAKc,OAAL,CAAa,IAAb;AACAP,WAAOC,UAAP,CAAmB,YAAW;AAC5BF;AACD,KAFD,EAEI,GAFJ;AAGD,GAND;AAQA,OAAKQ,OAAL,CAAa,IAAb;AAEAhC,KAAG,SAAH,EAAc,UAASwB,IAAT,EAAe;AAC3BT,WAAO,KAAKe,WAAZ,EAAyBT,EAAzB,CAA4BQ,EAA5B,CAA+B,MAA/B;AACAJ,WAAOC,UAAP,CAAmB,YAAW;AAC5BF;AACD,KAFD,EAEI,IAFJ;AAGD,GALD;AAOAxB,KAAG,UAAH,EAAe,UAASwB,IAAT,EAAe;AAC5BC,WAAOM,KAAP,CAAa,YAAW;AACtBP,WAAK,IAAII,KAAJ,CAAU,SAAV,CAAL;AACD,KAFD;AAGD,GAJD;AAKD,CA5CD;AA8CA7B,SAAS,mBAAT,EAA8B,YAAW;AAEvCC,KAAG,gBAAH,EAAqB,YAAW;AAC9B,QAAIiC,GAAJ;AACA,WAAOA,MAAMjB,eAAekB,OAAf,CAAuB;AAClCC,WAAK;AAD6B,KAAvB,CAAb;AAGD,GALD;AAOD,CATD;AAWApC,SAAS4B,IAAT,CAAc,gBAAd,EAAgC,YAAW;AACzC3B,KAAG,gBAAH,EAAqB,YAAW;AAC9B,UAAM,IAAI4B,KAAJ,CAAU,kBAAV,CAAN;AACD,GAFD;AAGD,CAJD;AAMA7B,SAAS,oCAAT,EAA+C,YAAK;AAElDE,SAAO,YAAK;AACV,UAAM,IAAI2B,KAAJ,CAAU,mBAAV,CAAN;AACD,GAFD;AAIA5B,KAAG,sBAAH,EAA2B,YAAK;AAC9B,UAAM,IAAI4B,KAAJ,CAAU,qBAAV,CAAN;AACD,GAFD;AAIA1B,QAAM,YAAK;AACT,UAAM,IAAI0B,KAAJ,CAAU,kBAAV,CAAN;AACD,GAFD;AAID,CAdD;AAgBA7B,SAAS,4CAAT,EAAuD,YAAK;AAE1DI,aAAW,YAAK;AACd,UAAM,IAAIyB,KAAJ,CAAU,uBAAV,CAAN;AACD,GAFD;AAIA5B,KAAG,sBAAH,EAA2B,YAAK;AAC9B,UAAM,IAAI4B,KAAJ,CAAU,qBAAV,CAAN;AACD,GAFD;AAIAxB,YAAU,YAAK;AAEb,UAAM,IAAIwB,KAAJ,CAAU,sBAAV,CAAN;AACD,GAHD;AAKD,CAfD;AAiBA7B,SAAS,cAAT,EAAyB,YAAW;AAElCQ,UAAQ,UAAR,EAAoB,YAAW;AAC7BQ,WAAO,IAAP,EAAaM,EAAb,CAAgBQ,EAAhB,CAAmBO,IAAnB;AACD,GAFD;AAIA5B,WAAS,sBAAT,EAAiC,YAAW;AAC1C,UAAM,IAAIoB,KAAJ,CAAU,gBAAV,CAAN;AACD,GAFD;AAID,CAVD;AAYAnB,QAAQ,mBAAR,EAA6B,YAAW;AACtCT,KAAG,UAAH,EAAe,YAAW;AACxBe,WAAO,IAAP,EAAaM,EAAb,CAAgBQ,EAAhB,CAAmBO,IAAnB;AACD,GAFD;AAGD,CAJD;AAMA1B,SAAS,4BAAT,EAAuC,YAAW;AAEhDV,KAAG,gBAAH,EAAqB,YAAW;AAC9B,UAAM,IAAI4B,KAAJ,CAAU,gBAAV,CAAN;AACD,GAFD;AAID,CAND;AAQA7B,SAAS,eAAT,EAA0B,YAAK;AAE7BC,KAAG,iBAAH,EAAsB,YAAK;AACzB,WAAO,IAAIqC,OAAJ,CAAY,UAACC,OAAD,EAAUC,MAAV,EAAqB;AACtCxB,aAAO,IAAP,EAAaM,EAAb,CAAgBQ,EAAhB,CAAmBO,IAAnB;AACAE,cAAQ,IAAR;AACD,KAHM,CAAP;AAID,GALD;AAOAtC,KAAG,wBAAH,EAA6B,YAAW;AACtC,WAAO,IAAIqC,OAAJ,CAAY,UAACC,OAAD,EAAUC,MAAV,EAAqB;AACtCA,aAAO,IAAIX,KAAJ,CAAU,iBAAV,CAAP;AACD,KAFM,CAAP;AAGD,GAJD;AAMD,CAfD","file":"packages/practicalmeteor:mocha/meteor/test-package/mocha-tests.js.map","sourcesContent":["import {MochaRunner, describe, it, before, after, beforeEach, afterEach, xdescribe, xit, specify, xspecify, context, xcontext} from \"meteor/practicalmeteor:mocha\"\nimport {expect} from \"meteor/practicalmeteor:chai\"\nimport TestCollection from \"./TestCollection\"\nconsole.log(\"------------------------------------------------\");\nconsole.log(\"----------------PACKAGE VERSIONS----------------\");\nconsole.log(\"practicalmeteor:mocha:\", MochaRunner.VERSION);\nconsole.log(\"------------------------------------------------\");\nconsole.log(\"------------------------------------------------\");\n\n\ndescribe('1 - Array', function() {\n\n  describe('1.1 - #indexOf()', function() {\n    return it('should return -1 when the value is not present', function() {\n      expect([1, 2, 3].indexOf(5)).to.equal(-1);\n      return expect([1, 2, 3].indexOf(0)).to.equal(-1);\n    });\n  });\n\n  describe('1.2 - length', function() {\n    return it('should return length of array', function() {\n      return expect([1, 2, 3].length).to.equal(3);\n    });\n  });\n\n});\n\ndescribe('2 - Async test', function() {\n\n  it('should pass', function(done) {\n    Meteor.setTimeout(function() {\n      done();\n    }, 1000);\n  });\n\n  it('should throw', function(done) {\n    Meteor.setTimeout(function() {\n      done(\"I'm throwing\");\n    }, 1000);\n  });\n\n});\n\ndescribe('3 - Skipped test', function() {\n\n  it.skip('3.1 - should skip test', function(done) {\n    Meteor.setTimeout(function() {\n      done();\n    }, 1000);\n  });\n\n  it('3.2 - should skip test');\n});\n\ndescribe('4 - Uncaught exception suite', function() {\n\n  it('should fail due to an uncaught exception', function(done) {\n    setTimeout(function() {\n      throw new Error(\"I'm an uncaught exception\");\n      done();\n    }, 1000);\n  });\n});\n\ndescribe('5 - All sync test suite', function() {\n\n  before(function() {\n    console.log('before');\n  });\n\n  after(function() {\n    console.log('after');\n  });\n\n  beforeEach(function() {\n    console.log('beforeEach');\n  });\n\n  afterEach(function() {\n    console.log('afterEach');\n  });\n\n  it('passing', function() {\n    expect(true).to.be[\"true\"];\n  });\n\n  it('throwing', function() {\n    expect(false).to.be[\"true\"];\n  });\n});\n\ndescribe('6 - All async test suite', function() {\n\n  before(function(done) {\n    this.keepContext = true;\n    console.log('before');\n    Meteor.defer(function() {\n      done();\n    });\n  });\n\n  after(function(done) {\n    console.log('after');\n    Meteor.setTimeout((function() {\n      done();\n    }), 500);\n  });\n  beforeEach(function(done) {\n    console.log('beforeEach');\n    Meteor.setTimeout((function() {\n      done();\n    }), 500);\n  });\n  afterEach(function(done) {\n    console.log('afterEach');\n    this.timeout(1000);\n    Meteor.setTimeout((function() {\n      done();\n    }), 500);\n  });\n\n  this.timeout(5000);\n\n  it('passing', function(done) {\n    expect(this.keepContext).to.be[\"true\"];\n    Meteor.setTimeout((function() {\n      done();\n    }), 2500);\n  });\n\n  it('throwing', function(done) {\n    Meteor.defer(function() {\n      done(new Error('failing'));\n    });\n  });\n});\n\ndescribe('7 - implicit wait', function() {\n\n  it('during findOne', function() {\n    var doc;\n    return doc = TestCollection.findOne({\n      _id: 'xxx'\n    });\n  });\n\n});\n\ndescribe.skip('8 - skip suite', function() {\n  it(\"this won't run\", function() {\n    throw new Error(\"This is an error\");\n  });\n});\n\ndescribe(\"9 -  before and after hooks errors\", ()=> {\n\n  before(()=> {\n    throw new Error(\"Error from before\");\n  });\n\n  it(\"It hooks with errors\", ()=> {\n    throw new Error(\"This will not throw\")\n  });\n\n  after(()=> {\n    throw new Error(\"Error from after\");\n  });\n\n});\n\ndescribe(\"10 - beforeEach and afterEach hooks errors\", ()=> {\n\n  beforeEach(()=> {\n    throw new Error(\"Error from beforeEach\");\n  });\n\n  it(\"It hooks with errors\", ()=> {\n    throw new Error(\"This will not throw\")\n  });\n\n  afterEach(()=> {\n\n    throw new Error(\"Error from afterEach\");\n  });\n\n});\n\ndescribe(\"11 - Specify\", function() {\n\n  specify(\"it works\", function() {\n    expect(true).to.be.true;\n  });\n\n  xspecify(\"Skip: This won't run\", function() {\n    throw new Error(\"This won't run\")\n  });\n\n});\n\ncontext(\"12 - Context test\", function() {\n  it(\"it works\", function() {\n    expect(true).to.be.true;\n  });\n});\n\nxcontext(\"12 - Skip suite (xcontext)\", function() {\n\n  it(\"This won't run\", function() {\n    throw new Error(\"This won't run\")\n  })\n\n});\n\ndescribe(\"13 - Promises\", ()=> {\n\n  it(\"Handle promises\", ()=> {\n    return new Promise((resolve, reject) => {\n      expect(true).to.be.true\n      resolve(true)\n    })\n  });\n\n  it('Handle promises errors', function() {\n    return new Promise((resolve, reject) => {\n      reject(new Error('fails-just-fine'))\n    })\n  })\n\n});"]},"hash":"308998cd0c2674f426dfcd05a04e119b47365f89"}
