{"metadata":{"usedHelpers":[],"marked":[],"modules":{"imports":[{"source":"react","imported":["default"],"specifiers":[{"kind":"named","imported":"default","local":"React"}]},{"source":"meteor/accounts-base","imported":["Accounts"],"specifiers":[{"kind":"named","imported":"Accounts","local":"Accounts"}]},{"source":"history/createBrowserHistory","imported":["default"],"specifiers":[{"kind":"named","imported":"default","local":"createHistory"}]},{"source":"prop-types","imported":["default"],"specifiers":[{"kind":"named","imported":"default","local":"propTypes"}]},{"source":"meteor/react-meteor-data","imported":["createContainer"],"specifiers":[{"kind":"named","imported":"createContainer","local":"createContainer"}]}],"exports":{"exported":[],"specifiers":[]}}},"options":{"filename":"imports/ui/PrivateHeader.js","filenameRelative":"imports/ui/PrivateHeader.js","env":{"development":{"plugins":[]}},"retainLines":false,"highlightCode":true,"suppressDeprecationMessages":false,"presets":[],"plugins":[[[],{"generateLetDeclarations":true,"enforceStrictMode":false}],[[],null],[[],{"polyfill":false}],[[],null],[[],null],[[],null],[[],{"allowTopLevelThis":true,"strict":false,"loose":true}],[[],null],[[],null],[[],null],[[],null],[[],null],[[],null],[[],null],[[],null],[[],null],[[],null],[[],null],[[],null],[[],{"loose":true}],[[],{"loose":true}],[[],null],[[],{"loose":true}],[[],null],[[],null],[[],null],[[],null],[[],null],[[],null],[[],{"loose":true}],[[],null],[[],null],[[],null],[[],null],[[],null],[[],null],[[],null]],"ignore":[],"code":true,"metadata":true,"ast":true,"comments":true,"compact":false,"minified":false,"sourceMap":true,"sourceMaps":true,"sourceMapTarget":"imports/ui/PrivateHeader.js.map","sourceFileName":"imports/ui/PrivateHeader.js","babelrc":false,"sourceType":"module","moduleIds":false,"passPerPreset":false,"parserOpts":false,"generatorOpts":false,"basename":"PrivateHeader"},"ignored":false,"code":"var React = void 0;\nmodule.watch(require(\"react\"), {\n  \"default\": function (v) {\n    React = v;\n  }\n}, 0);\nvar Accounts = void 0;\nmodule.watch(require(\"meteor/accounts-base\"), {\n  Accounts: function (v) {\n    Accounts = v;\n  }\n}, 1);\nvar createHistory = void 0;\nmodule.watch(require(\"history/createBrowserHistory\"), {\n  \"default\": function (v) {\n    createHistory = v;\n  }\n}, 2);\nvar propTypes = void 0;\nmodule.watch(require(\"prop-types\"), {\n  \"default\": function (v) {\n    propTypes = v;\n  }\n}, 3);\nvar createContainer = void 0;\nmodule.watch(require(\"meteor/react-meteor-data\"), {\n  createContainer: function (v) {\n    createContainer = v;\n  }\n}, 4);\n\nvar PrivateHeader = function (props) {\n  // const history = createHistory();\n  // debugger;\n  return React.createElement(\n    \"div\",\n    {\n      className: \"header\"\n    },\n    React.createElement(\n      \"div\",\n      {\n        className: \"header__content\"\n      },\n      React.createElement(\n        \"h1\",\n        {\n          className: \"header__title\"\n        },\n        props.title\n      ),\n      React.createElement(\n        \"button\",\n        {\n          className: \"button button--link-text\",\n          onClick: props.handleLogout()\n        },\n        \"Logout\"\n      )\n    )\n  );\n};\n\nPrivateHeader.propTypes = {\n  title: propTypes.string.isRequired,\n  handleLogout: propTypes.func.isRequired\n};\nmodule.exportDefault(createContainer(function () {\n  return {\n    handleLogout: function () {\n      Accounts.logout();\n      history.push('/');\n    }\n  };\n}, PrivateHeader));","map":{"version":3,"sources":["imports/ui/PrivateHeader.js"],"names":["React","module","watch","require","v","Accounts","createHistory","propTypes","createContainer","PrivateHeader","props","title","handleLogout","string","isRequired","func","exportDefault","logout","history","push"],"mappings":"AAAA,IAAIA,cAAJ;AAAUC,OAAOC,KAAP,CAAaC,QAAQ,OAAR,CAAb,EAA8B;AAAA,uBAASC,CAAT,EAAW;AAACJ,YAAMI,CAAN;AAAQ;AAApB,CAA9B,EAAoD,CAApD;AAAuD,IAAIC,iBAAJ;AAAaJ,OAAOC,KAAP,CAAaC,QAAQ,sBAAR,CAAb,EAA6C;AAACE,UAAD,YAAUD,CAAV,EAAY;AAACC,eAASD,CAAT;AAAW;AAAxB,CAA7C,EAAuE,CAAvE;AAA0E,IAAIE,sBAAJ;AAAkBL,OAAOC,KAAP,CAAaC,QAAQ,8BAAR,CAAb,EAAqD;AAAA,uBAASC,CAAT,EAAW;AAACE,oBAAcF,CAAd;AAAgB;AAA5B,CAArD,EAAmF,CAAnF;AAAsF,IAAIG,kBAAJ;AAAcN,OAAOC,KAAP,CAAaC,QAAQ,YAAR,CAAb,EAAmC;AAAA,uBAASC,CAAT,EAAW;AAACG,gBAAUH,CAAV;AAAY;AAAxB,CAAnC,EAA6D,CAA7D;AAAgE,IAAII,wBAAJ;AAAoBP,OAAOC,KAAP,CAAaC,QAAQ,0BAAR,CAAb,EAAiD;AAACK,iBAAD,YAAiBJ,CAAjB,EAAmB;AAACI,sBAAgBJ,CAAhB;AAAkB;AAAtC,CAAjD,EAAyF,CAAzF;;AAMhW,IAAMK,gBAAgB,UAACC,KAAD,EAAW;AAC/B;AACA;AACF,SACE;AAAA;AAAA;AAAK,iBAAU;AAAf;AACE;AAAA;AAAA;AAAK,mBAAU;AAAf;AACE;AAAA;AAAA;AAAI,qBAAU;AAAd;AAA+BA,cAAMC;AAArC,OADF;AAEA;AAAA;AAAA;AAAQ,qBAAU,0BAAlB;AAA6C,mBAAUD,MAAME,YAAN;AAAvD;AAAA;AAAA;AAFA;AADF,GADF;AAQD,CAXC;;AAaFH,cAAcF,SAAd,GAA0B;AACxBI,SAAOJ,UAAUM,MAAV,CAAiBC,UADA;AAExBF,gBAAcL,UAAUQ,IAAV,CAAeD;AAFL,CAA1B;AAnBAb,OAAOe,aAAP,CAwBeR,gBAAgB,YAAM;AACnC,SAAO;AACLI,kBAAc,YAAM;AAClBP,eAASY,MAAT;AACAC,cAAQC,IAAR,CAAa,GAAb;AACD;AAJI,GAAP;AAMD,CAPc,EAOZV,aAPY,CAxBf","file":"imports/ui/PrivateHeader.js.map","sourcesContent":["import React from 'react';\nimport { Accounts } from 'meteor/accounts-base';\nimport createHistory from 'history/createBrowserHistory';\nimport propTypes from 'prop-types';\nimport { createContainer } from 'meteor/react-meteor-data';\n\n  const PrivateHeader = (props) => {\n    // const history = createHistory();\n    // debugger;\n  return (\n    <div className=\"header\">\n      <div className=\"header__content\">\n        <h1 className=\"header__title\">{props.title}</h1>\n      <button className=\"button button--link-text\" onClick={ props.handleLogout() }>Logout</button>\n      </div>\n    </div>\n  );\n};\n\nPrivateHeader.propTypes = {\n  title: propTypes.string.isRequired,\n  handleLogout: propTypes.func.isRequired\n};\n\nexport default createContainer(() => {\n  return {\n    handleLogout: () => {\n      Accounts.logout()\n      history.push('/')\n    }\n  };\n}, PrivateHeader)\n"]},"hash":"3381ba846310c41831021f40e6a2b39af75eaabc"}
