{"metadata":{"usedHelpers":[],"marked":[],"modules":{"imports":[{"source":"meteor/practicalmeteor:mocha","imported":["describe","it"],"specifiers":[{"kind":"named","imported":"describe","local":"describe"},{"kind":"named","imported":"it","local":"it"}]},{"source":"meteor/practicalmeteor:chai","imported":["expect"],"specifiers":[{"kind":"named","imported":"expect","local":"expect"}]}],"exports":{"exported":[],"specifiers":[]}}},"options":{"filename":"packages/practicalmeteor:mocha/meteor/test-package/server-tests.js","filenameRelative":"packages/practicalmeteor:mocha/meteor/test-package/server-tests.js","env":{"development":{"plugins":[]}},"retainLines":false,"highlightCode":true,"suppressDeprecationMessages":false,"presets":[],"plugins":[[[],{"generateLetDeclarations":true,"enforceStrictMode":false}],[[],null],[[],{"polyfill":false}],[[],null],[[],null],[[],null],[[],{"allowTopLevelThis":true,"strict":false,"loose":true}],[[],null],[[],null],[[],null],[[],null],[[],null],[[],null],[[],null],[[],null],[[],null],[[],null],[[],null],[[],null],[[],{"loose":true}],[[],{"loose":true}],[[],null],[[],{"loose":true}],[[],null],[[],null],[[],null],[[],null],[[],null],[[],null],[[],{"loose":true}],[[],null],[[],null],[[],null],[[],null],[[],null],[[],null],[[],null]],"ignore":[],"code":true,"metadata":true,"ast":true,"comments":true,"compact":false,"minified":false,"sourceMap":true,"sourceMaps":true,"sourceMapTarget":"packages/practicalmeteor:mocha/meteor/test-package/server-tests.js.map","sourceFileName":"packages/practicalmeteor:mocha/meteor/test-package/server-tests.js","babelrc":false,"sourceType":"module","moduleIds":false,"passPerPreset":false,"parserOpts":false,"generatorOpts":false,"basename":"server-tests"},"ignored":false,"code":"var describe = void 0,\n    it = void 0;\nmodule.watch(require(\"meteor/practicalmeteor:mocha\"), {\n  describe: function (v) {\n    describe = v;\n  },\n  it: function (v) {\n    it = v;\n  }\n}, 0);\nvar expect = void 0;\nmodule.watch(require(\"meteor/practicalmeteor:chai\"), {\n  expect: function (v) {\n    expect = v;\n  }\n}, 1);\ndescribe(\"Server Test\", function () {\n  it(\"this test is server side only\", function () {\n    expect(Meteor.isServer).to.be.true;\n    expect(Meteor.isClient).to.be.false;\n  });\n  it(\"require('fs) === to Npm.require('fs')\", function () {\n    expect(require('fs')).to.equal(Npm.require('fs'));\n  });\n});","map":{"version":3,"sources":["packages/practicalmeteor:mocha/meteor/test-package/server-tests.js"],"names":["describe","it","module","watch","require","v","expect","Meteor","isServer","to","be","true","isClient","false","equal","Npm"],"mappings":"AAAA,IAAIA,iBAAJ;AAAA,IAAaC,WAAb;AAAgBC,OAAOC,KAAP,CAAaC,QAAQ,8BAAR,CAAb,EAAqD;AAACJ,UAAD,YAAUK,CAAV,EAAY;AAACL,eAASK,CAAT;AAAW,GAAxB;AAAyBJ,IAAzB,YAA4BI,CAA5B,EAA8B;AAACJ,SAAGI,CAAH;AAAK;AAApC,CAArD,EAA2F,CAA3F;AAA8F,IAAIC,eAAJ;AAAWJ,OAAOC,KAAP,CAAaC,QAAQ,6BAAR,CAAb,EAAoD;AAACE,QAAD,YAAQD,CAAR,EAAU;AAACC,aAAOD,CAAP;AAAS;AAApB,CAApD,EAA0E,CAA1E;AAGzHL,SAAS,aAAT,EAAwB,YAAU;AAEhCC,KAAG,+BAAH,EAAoC,YAAU;AAC5CK,WAAOC,OAAOC,QAAd,EAAwBC,EAAxB,CAA2BC,EAA3B,CAA8BC,IAA9B;AACAL,WAAOC,OAAOK,QAAd,EAAwBH,EAAxB,CAA2BC,EAA3B,CAA8BG,KAA9B;AACD,GAHD;AAKAZ,KAAG,uCAAH,EAA4C,YAAW;AACrDK,WAAOF,QAAQ,IAAR,CAAP,EAAsBK,EAAtB,CAAyBK,KAAzB,CAA+BC,IAAIX,OAAJ,CAAY,IAAZ,CAA/B;AACD,GAFD;AAGD,CAVD","file":"packages/practicalmeteor:mocha/meteor/test-package/server-tests.js.map","sourcesContent":["import {describe, it } from \"meteor/practicalmeteor:mocha\"\nimport {expect} from \"meteor/practicalmeteor:chai\"\n\ndescribe(\"Server Test\", function(){\n\n  it(\"this test is server side only\", function(){\n    expect(Meteor.isServer).to.be.true\n    expect(Meteor.isClient).to.be.false\n  });\n\n  it(\"require('fs) === to Npm.require('fs')\", function() {\n    expect(require('fs')).to.equal(Npm.require('fs'))\n  })\n});\n"]},"hash":"33950ddfb56d55497db92f374616863a655fec43"}
