{"metadata":{"usedHelpers":[],"marked":[],"modules":{"imports":[{"source":"meteor/meteor","imported":["Meteor"],"specifiers":[{"kind":"named","imported":"Meteor","local":"Meteor"}]},{"source":"react","imported":["default"],"specifiers":[{"kind":"named","imported":"default","local":"React"}]},{"source":"react-dom","imported":["default"],"specifiers":[{"kind":"named","imported":"default","local":"ReactDOM"}]},{"source":"react-router-dom","imported":["Router","Switch","Route","Redirect"],"specifiers":[{"kind":"named","imported":"Router","local":"Router"},{"kind":"named","imported":"Switch","local":"Switch"},{"kind":"named","imported":"Route","local":"Route"},{"kind":"named","imported":"Redirect","local":"Redirect"}]},{"source":"history/createBrowserHistory","imported":["default"],"specifiers":[{"kind":"named","imported":"default","local":"createBrowserHistory"}]},{"source":"../ui/Signup","imported":["default"],"specifiers":[{"kind":"named","imported":"default","local":"Signup"}]},{"source":"../ui/Dashboard","imported":["default"],"specifiers":[{"kind":"named","imported":"default","local":"Dashboard"}]},{"source":"../ui/NotFound","imported":["default"],"specifiers":[{"kind":"named","imported":"default","local":"NotFound"}]},{"source":"../ui/Login","imported":["default"],"specifiers":[{"kind":"named","imported":"default","local":"Login"}]}],"exports":{"exported":["routes"],"specifiers":[{"kind":"local","local":"routes","exported":"routes"}]}}},"options":{"filename":"imports/routes/routes.js","filenameRelative":"imports/routes/routes.js","env":{"development":{"plugins":[]}},"retainLines":false,"highlightCode":true,"suppressDeprecationMessages":false,"presets":[],"plugins":[[[],{"generateLetDeclarations":true,"enforceStrictMode":false}],[[],null],[[],{"polyfill":false}],[[],null],[[],null],[[],null],[[],{"allowTopLevelThis":true,"strict":false,"loose":true}],[[],null],[[],null],[[],null],[[],null],[[],null],[[],null],[[],null],[[],null],[[],null],[[],null],[[],null],[[],null],[[],{"loose":true}],[[],{"loose":true}],[[],null],[[],{"loose":true}],[[],null],[[],null],[[],null],[[],null],[[],null],[[],null],[[],{"loose":true}],[[],null],[[],null],[[],null],[[],null],[[],null],[[],null],[[],null]],"ignore":[],"code":true,"metadata":true,"ast":true,"comments":true,"compact":false,"minified":false,"sourceMap":true,"sourceMaps":true,"sourceMapTarget":"imports/routes/routes.js.map","sourceFileName":"imports/routes/routes.js","babelrc":false,"sourceType":"module","moduleIds":false,"passPerPreset":false,"parserOpts":false,"generatorOpts":false,"basename":"routes"},"ignored":false,"code":"module.export({\n  routes: function () {\n    return routes;\n  }\n});\nvar Meteor = void 0;\nmodule.watch(require(\"meteor/meteor\"), {\n  Meteor: function (v) {\n    Meteor = v;\n  }\n}, 0);\nvar React = void 0;\nmodule.watch(require(\"react\"), {\n  \"default\": function (v) {\n    React = v;\n  }\n}, 1);\nvar ReactDOM = void 0;\nmodule.watch(require(\"react-dom\"), {\n  \"default\": function (v) {\n    ReactDOM = v;\n  }\n}, 2);\nvar Router = void 0,\n    Switch = void 0,\n    Route = void 0,\n    Redirect = void 0;\nmodule.watch(require(\"react-router-dom\"), {\n  Router: function (v) {\n    Router = v;\n  },\n  Switch: function (v) {\n    Switch = v;\n  },\n  Route: function (v) {\n    Route = v;\n  },\n  Redirect: function (v) {\n    Redirect = v;\n  }\n}, 3);\nvar createBrowserHistory = void 0;\nmodule.watch(require(\"history/createBrowserHistory\"), {\n  \"default\": function (v) {\n    createBrowserHistory = v;\n  }\n}, 4);\nvar Signup = void 0;\nmodule.watch(require(\"../ui/Signup\"), {\n  \"default\": function (v) {\n    Signup = v;\n  }\n}, 5);\nvar Dashboard = void 0;\nmodule.watch(require(\"../ui/Dashboard\"), {\n  \"default\": function (v) {\n    Dashboard = v;\n  }\n}, 6);\nvar NotFound = void 0;\nmodule.watch(require(\"../ui/NotFound\"), {\n  \"default\": function (v) {\n    NotFound = v;\n  }\n}, 7);\nvar Login = void 0;\nmodule.watch(require(\"../ui/Login\"), {\n  \"default\": function (v) {\n    Login = v;\n  }\n}, 8);\nvar history = createBrowserHistory();\nvar routes = React.createElement(\n  Router,\n  {\n    history: history\n  },\n  React.createElement(\n    Switch,\n    null,\n    React.createElement(Route, {\n      exact: true,\n      path: \"/\",\n      render: function (props) {\n        return Meteor.userId() ? React.createElement(Redirect, {\n          to: \"/dashboard\"\n        }) : React.createElement(Login, props);\n      }\n    }),\n    React.createElement(Route, {\n      exact: true,\n      path: \"/signup\",\n      render: function (props) {\n        return Meteor.userId() ? React.createElement(Redirect, {\n          to: \"/dashboard\"\n        }) : React.createElement(Signup, props);\n      }\n    }),\n    React.createElement(Route, {\n      exact: true,\n      path: \"/dashboard\",\n      render: function (props) {\n        return !Meteor.userId() ? React.createElement(Redirect, {\n          to: \"/\"\n        }) : React.createElement(Link, props);\n      }\n    }),\n    React.createElement(Route, {\n      component: NotFound\n    })\n  )\n);","map":{"version":3,"sources":["imports/routes/routes.js"],"names":["module","export","routes","Meteor","watch","require","v","React","ReactDOM","Router","Switch","Route","Redirect","createBrowserHistory","Signup","Dashboard","NotFound","Login","history","userId","props"],"mappings":"AAAAA,OAAOC,MAAP,CAAc;AAACC,UAAO;AAAA,WAAIA,MAAJ;AAAA;AAAR,CAAd;AAAmC,IAAIC,eAAJ;AAAWH,OAAOI,KAAP,CAAaC,QAAQ,eAAR,CAAb,EAAsC;AAACF,QAAD,YAAQG,CAAR,EAAU;AAACH,aAAOG,CAAP;AAAS;AAApB,CAAtC,EAA4D,CAA5D;AAA+D,IAAIC,cAAJ;AAAUP,OAAOI,KAAP,CAAaC,QAAQ,OAAR,CAAb,EAA8B;AAAA,uBAASC,CAAT,EAAW;AAACC,YAAMD,CAAN;AAAQ;AAApB,CAA9B,EAAoD,CAApD;AAAuD,IAAIE,iBAAJ;AAAaR,OAAOI,KAAP,CAAaC,QAAQ,WAAR,CAAb,EAAkC;AAAA,uBAASC,CAAT,EAAW;AAACE,eAASF,CAAT;AAAW;AAAvB,CAAlC,EAA2D,CAA3D;AAA8D,IAAIG,eAAJ;AAAA,IAAWC,eAAX;AAAA,IAAkBC,cAAlB;AAAA,IAAwBC,iBAAxB;AAAiCZ,OAAOI,KAAP,CAAaC,QAAQ,kBAAR,CAAb,EAAyC;AAACI,QAAD,YAAQH,CAAR,EAAU;AAACG,aAAOH,CAAP;AAAS,GAApB;AAAqBI,QAArB,YAA4BJ,CAA5B,EAA8B;AAACI,aAAOJ,CAAP;AAAS,GAAxC;AAAyCK,OAAzC,YAA+CL,CAA/C,EAAiD;AAACK,YAAML,CAAN;AAAQ,GAA1D;AAA2DM,UAA3D,YAAoEN,CAApE,EAAsE;AAACM,eAASN,CAAT;AAAW;AAAlF,CAAzC,EAA6H,CAA7H;AAAgI,IAAIO,6BAAJ;AAAyBb,OAAOI,KAAP,CAAaC,QAAQ,8BAAR,CAAb,EAAqD;AAAA,uBAASC,CAAT,EAAW;AAACO,2BAAqBP,CAArB;AAAuB;AAAnC,CAArD,EAA0F,CAA1F;AAA6F,IAAIQ,eAAJ;AAAWd,OAAOI,KAAP,CAAaC,QAAQ,cAAR,CAAb,EAAqC;AAAA,uBAASC,CAAT,EAAW;AAACQ,aAAOR,CAAP;AAAS;AAArB,CAArC,EAA4D,CAA5D;AAA+D,IAAIS,kBAAJ;AAAcf,OAAOI,KAAP,CAAaC,QAAQ,iBAAR,CAAb,EAAwC;AAAA,uBAASC,CAAT,EAAW;AAACS,gBAAUT,CAAV;AAAY;AAAxB,CAAxC,EAAkE,CAAlE;AAAqE,IAAIU,iBAAJ;AAAahB,OAAOI,KAAP,CAAaC,QAAQ,gBAAR,CAAb,EAAuC;AAAA,uBAASC,CAAT,EAAW;AAACU,eAASV,CAAT;AAAW;AAAvB,CAAvC,EAAgE,CAAhE;AAAmE,IAAIW,cAAJ;AAAUjB,OAAOI,KAAP,CAAaC,QAAQ,aAAR,CAAb,EAAoC;AAAA,uBAASC,CAAT,EAAW;AAACW,YAAMX,CAAN;AAAQ;AAApB,CAApC,EAA0D,CAA1D;AAWvwB,IAAMY,UAAUL,sBAAhB;AAEO,IAAMX,SACX;AAAC,QAAD;AAAA;AAAQ,aAASgB;AAAjB;AACE;AAAC,UAAD;AAAA;AACE,wBAAC,KAAD;AAAO,iBAAP;AAAa,YAAK,GAAlB;AAAsB,cAAQ;AAAA,eAC1Bf,OAAOgB,MAAP,KACE,oBAAC,QAAD;AAAU,cAAG;AAAb,UADF,GAGE,oBAAC,KAAD,EAAWC,KAAX,CAJwB;AAAA;AAA9B,MADF;AAQE,wBAAC,KAAD;AAAO,iBAAP;AAAa,YAAK,SAAlB;AAA4B,cAAQ;AAAA,eAChCjB,OAAOgB,MAAP,KACE,oBAAC,QAAD;AAAU,cAAG;AAAb,UADF,GAGE,oBAAC,MAAD,EAAYC,KAAZ,CAJ8B;AAAA;AAApC,MARF;AAeE,wBAAC,KAAD;AAAO,iBAAP;AAAa,YAAK,YAAlB;AAA+B,cAAQ;AAAA,eACnC,CAACjB,OAAOgB,MAAP,EAAD,GACE,oBAAC,QAAD;AAAU,cAAG;AAAb,UADF,GAGE,oBAAC,IAAD,EAAUC,KAAV,CAJiC;AAAA;AAAvC,MAfF;AAsBE,wBAAC,KAAD;AAAO,iBAAWJ;AAAlB;AAtBF;AADF,CADK","file":"imports/routes/routes.js.map","sourcesContent":["import { Meteor } from 'meteor/meteor';\nimport React from 'react';\nimport ReactDOM from 'react-dom';\nimport { Router as Router, Switch, Route, Redirect } from 'react-router-dom';\nimport createBrowserHistory from 'history/createBrowserHistory';\n\nimport Signup from '../ui/Signup';\nimport Dashboard from '../ui/Dashboard';\nimport NotFound from '../ui/NotFound';\nimport Login from '../ui/Login';\n\nconst history = createBrowserHistory();\n\nexport const routes = (\n  <Router history={history}>\n    <Switch>\n      <Route exact path=\"/\" render={props => (\n          Meteor.userId() ? (\n            <Redirect to=\"/dashboard\"/>\n          ) : (\n            <Login {...props} />\n          )\n        )}/>\n      <Route exact path=\"/signup\" render={props => (\n          Meteor.userId() ? (\n            <Redirect to=\"/dashboard\"/>\n          ) : (\n            <Signup {...props} />\n          )\n        )}/>\n      <Route exact path=\"/dashboard\" render={props => (\n          !Meteor.userId() ? (\n            <Redirect to=\"/\"/>\n          ) : (\n            <Link {...props}/>\n          )\n        )}/>\n      <Route component={NotFound}/>\n    </Switch>\n</Router>\n);\n"]},"hash":"35cfca309b85c1514e0d78fa83b4cb14fbd02413"}
