{"metadata":{"usedHelpers":[],"marked":[],"modules":{"imports":[],"exports":{"exported":["DDP","LivedataTest"],"specifiers":[{"kind":"local","local":"DDP","exported":"DDP"},{"kind":"local","local":"LivedataTest","exported":"LivedataTest"}]}}},"options":{"filename":"packages/ddp-client/namespace.js","filenameRelative":"packages/ddp-client/namespace.js","env":{"development":{"plugins":[]}},"retainLines":false,"highlightCode":true,"suppressDeprecationMessages":false,"presets":[],"plugins":[[[],{"generateLetDeclarations":true,"enforceStrictMode":false}],[[],null],[[],{"polyfill":false}],[[],null],[[],null],[[],null],[[],{"allowTopLevelThis":true,"strict":false,"loose":true}],[[],null],[[],null],[[],null],[[],null],[[],null],[[],null],[[],null],[[],null],[[],null],[[],null],[[],null],[[],null],[[],{"loose":true}],[[],{"loose":true}],[[],null],[[],{"loose":true}],[[],null],[[],null],[[],null],[[],null],[[],null],[[],null],[[],{"loose":true}],[[],null],[[],null],[[],null],[[],null],[[],null],[[],null],[[],null]],"ignore":[],"code":true,"metadata":true,"ast":true,"comments":true,"compact":false,"minified":false,"sourceMap":true,"sourceMaps":true,"sourceMapTarget":"packages/ddp-client/namespace.js.map","sourceFileName":"packages/ddp-client/namespace.js","babelrc":false,"sourceType":"module","moduleIds":false,"passPerPreset":false,"parserOpts":false,"generatorOpts":false,"basename":"namespace"},"ignored":false,"code":"module.export({\n  DDP: function () {\n    return DDP;\n  },\n  LivedataTest: function () {\n    return LivedataTest;\n  }\n});\nvar DDP = {};\nvar LivedataTest = {};","map":{"version":3,"sources":["packages/ddp-client/namespace.js"],"names":["module","export","DDP","LivedataTest"],"mappings":"AAAAA,OAAOC,MAAP,CAAc;AAACC,OAAI;AAAA,WAAIA,GAAJ;AAAA,GAAL;AAAaC,gBAAa;AAAA,WAAIA,YAAJ;AAAA;AAA1B,CAAd;AAIO,IAAMD,MAAM,EAAZ;AACA,IAAMC,eAAe,EAArB","file":"packages/ddp-client/namespace.js.map","sourcesContent":["/**\n * @namespace DDP\n * @summary Namespace for DDP-related methods/classes.\n */\nexport const DDP = {};\nexport const LivedataTest = {};\n"]},"hash":"37df95071ad4f22ff26848075f1fcdad2408293b"}
