{"metadata":{"usedHelpers":[],"marked":[],"modules":{"imports":[{"source":"react","imported":["default"],"specifiers":[{"kind":"named","imported":"default","local":"React"}]},{"source":"./PrivateHeader","imported":["default"],"specifiers":[{"kind":"named","imported":"default","local":"PrivateHeader"}]}],"exports":{"exported":[],"specifiers":[]}}},"options":{"filename":"imports/ui/DashBoard.js","filenameRelative":"imports/ui/DashBoard.js","env":{"development":{"plugins":[]}},"retainLines":false,"highlightCode":true,"suppressDeprecationMessages":false,"presets":[],"plugins":[[[],{"generateLetDeclarations":true,"enforceStrictMode":false}],[[],null],[[],{"polyfill":false}],[[],null],[[],null],[[],null],[[],{"allowTopLevelThis":true,"strict":false,"loose":true}],[[],null],[[],null],[[],null],[[],null],[[],null],[[],null],[[],null],[[],null],[[],null],[[],null],[[],null],[[],null],[[],{"loose":true}],[[],{"loose":true}],[[],null],[[],{"loose":true}],[[],null],[[],null],[[],null],[[],null],[[],null],[[],null],[[],{"loose":true}],[[],null],[[],null],[[],null],[[],null],[[],null],[[],null],[[],null]],"ignore":[],"code":true,"metadata":true,"ast":true,"comments":true,"compact":false,"minified":false,"sourceMap":true,"sourceMaps":true,"sourceMapTarget":"imports/ui/DashBoard.js.map","sourceFileName":"imports/ui/DashBoard.js","babelrc":false,"sourceType":"module","moduleIds":false,"passPerPreset":false,"parserOpts":false,"generatorOpts":false,"basename":"DashBoard"},"ignored":false,"code":"var React = void 0;\nmodule.watch(require(\"react\"), {\n  \"default\": function (v) {\n    React = v;\n  }\n}, 0);\nvar PrivateHeader = void 0;\nmodule.watch(require(\"./PrivateHeader\"), {\n  \"default\": function (v) {\n    PrivateHeader = v;\n  }\n}, 1);\nmodule.exportDefault(function () {\n  return React.createElement(\n    \"div\",\n    null,\n    React.createElement(PrivateHeader, {\n      title: \"Dashboard\"\n    }),\n    React.createElement(\n      \"div\",\n      {\n        className: \"page-content\"\n      },\n      \"Dashboard page content\"\n    )\n  );\n});","map":{"version":3,"sources":["imports/ui/DashBoard.js"],"names":["React","module","watch","require","v","PrivateHeader","exportDefault"],"mappings":"AAAA,IAAIA,cAAJ;AAAUC,OAAOC,KAAP,CAAaC,QAAQ,OAAR,CAAb,EAA8B;AAAA,uBAASC,CAAT,EAAW;AAACJ,YAAMI,CAAN;AAAQ;AAApB,CAA9B,EAAoD,CAApD;AAAuD,IAAIC,sBAAJ;AAAkBJ,OAAOC,KAAP,CAAaC,QAAQ,iBAAR,CAAb,EAAwC;AAAA,uBAASC,CAAT,EAAW;AAACC,oBAAcD,CAAd;AAAgB;AAA5B,CAAxC,EAAsE,CAAtE;AAAnFH,OAAOK,aAAP,CAIe,YAAM;AACnB,SACE;AAAA;AAAA;AACE,wBAAC,aAAD;AAAe,aAAM;AAArB,MADF;AAEE;AAAA;AAAA;AAAK,mBAAU;AAAf;AAAA;AAAA;AAFF,GADF;AAQD,CAbD","file":"imports/ui/DashBoard.js.map","sourcesContent":["import React from 'react';\n\nimport PrivateHeader from './PrivateHeader';\n\nexport default () => {\n  return (\n    <div>\n      <PrivateHeader title=\"Dashboard\"/>\n      <div className=\"page-content\">\n        Dashboard page content\n      </div>\n    </div>\n  );\n};\n"]},"hash":"393e227067c982e3199c6926b8e49dcc52021e39"}
