{"metadata":{"usedHelpers":[],"marked":[],"modules":{"imports":[{"source":"react","imported":["default"],"specifiers":[{"kind":"named","imported":"default","local":"React"}]},{"source":"meteor/accounts-base","imported":["Accounts"],"specifiers":[{"kind":"named","imported":"Accounts","local":"Accounts"}]},{"source":"prop-types","imported":["default"],"specifiers":[{"kind":"named","imported":"default","local":"propTypes"}]},{"source":"react-router-dom","imported":["Link"],"specifiers":[{"kind":"named","imported":"Link","local":"Link"}]},{"source":"meteor/react-meteor-data","imported":["createContainer"],"specifiers":[{"kind":"named","imported":"createContainer","local":"createContainer"}]}],"exports":{"exported":["PrivateHeader"],"specifiers":[{"kind":"local","local":"PrivateHeader","exported":"PrivateHeader"}]}}},"options":{"filename":"imports/ui/PrivateHeader.js","filenameRelative":"imports/ui/PrivateHeader.js","env":{"development":{"plugins":[]}},"retainLines":false,"highlightCode":true,"suppressDeprecationMessages":false,"presets":[],"plugins":[[[],{"generateLetDeclarations":true,"enforceStrictMode":false}],[[],null],[[],{"polyfill":false}],[[],null],[[],null],[[],null],[[],{"allowTopLevelThis":true,"strict":false,"loose":true}],[[],null],[[],null],[[],null],[[],null],[[],null],[[],null],[[],null],[[],null],[[],null],[[],null],[[],null],[[],null],[[],{"loose":true}],[[],{"loose":true}],[[],null],[[],{"loose":true}],[[],null],[[],null],[[],null],[[],null],[[],null],[[],null],[[],{"loose":true}],[[],null],[[],null],[[],null],[[],null],[[],null],[[],null],[[],null]],"ignore":[],"code":true,"metadata":true,"ast":true,"comments":true,"compact":false,"minified":false,"sourceMap":true,"sourceMaps":true,"sourceMapTarget":"imports/ui/PrivateHeader.js.map","sourceFileName":"imports/ui/PrivateHeader.js","babelrc":false,"sourceType":"module","moduleIds":false,"passPerPreset":false,"parserOpts":false,"generatorOpts":false,"basename":"PrivateHeader"},"ignored":false,"code":"module.export({\n  PrivateHeader: function () {\n    return PrivateHeader;\n  }\n});\nvar React = void 0;\nmodule.watch(require(\"react\"), {\n  \"default\": function (v) {\n    React = v;\n  }\n}, 0);\nvar Accounts = void 0;\nmodule.watch(require(\"meteor/accounts-base\"), {\n  Accounts: function (v) {\n    Accounts = v;\n  }\n}, 1);\nvar propTypes = void 0;\nmodule.watch(require(\"prop-types\"), {\n  \"default\": function (v) {\n    propTypes = v;\n  }\n}, 2);\nvar Link = void 0;\nmodule.watch(require(\"react-router-dom\"), {\n  Link: function (v) {\n    Link = v;\n  }\n}, 3);\nvar createContainer = void 0;\nmodule.watch(require(\"meteor/react-meteor-data\"), {\n  createContainer: function (v) {\n    createContainer = v;\n  }\n}, 4);\n\nvar PrivateHeader = function (props) {\n  return React.createElement(\n    \"div\",\n    {\n      className: \"header\"\n    },\n    React.createElement(\n      \"div\",\n      {\n        className: \"header__content\"\n      },\n      React.createElement(\n        \"h1\",\n        {\n          className: \"header__title\"\n        },\n        props.title\n      ),\n      React.createElement(\n        \"button\",\n        {\n          className: \"button button--link-text\",\n          onClick: props.handleLogout()\n        },\n        React.createElement(\n          Link,\n          {\n            to: \"/\"\n          },\n          \"Logout\"\n        )\n      )\n    )\n  );\n};\n\nPrivateHeader.propTypes = {\n  title: propTypes.string.isRequired,\n  handleLogout: propTypes.func.isRequired\n};\nmodule.exportDefault(createContainer(function () {\n  return {\n    handleLogout: function () {\n      Accounts.logout();\n    }\n  };\n}, PrivateHeader));","map":{"version":3,"sources":["imports/ui/PrivateHeader.js"],"names":["module","export","PrivateHeader","React","watch","require","v","Accounts","propTypes","Link","createContainer","props","title","handleLogout","string","isRequired","func","exportDefault","logout"],"mappings":"AAAAA,OAAOC,MAAP,CAAc;AAACC,iBAAc;AAAA,WAAIA,aAAJ;AAAA;AAAf,CAAd;AAAiD,IAAIC,cAAJ;AAAUH,OAAOI,KAAP,CAAaC,QAAQ,OAAR,CAAb,EAA8B;AAAA,uBAASC,CAAT,EAAW;AAACH,YAAMG,CAAN;AAAQ;AAApB,CAA9B,EAAoD,CAApD;AAAuD,IAAIC,iBAAJ;AAAaP,OAAOI,KAAP,CAAaC,QAAQ,sBAAR,CAAb,EAA6C;AAACE,UAAD,YAAUD,CAAV,EAAY;AAACC,eAASD,CAAT;AAAW;AAAxB,CAA7C,EAAuE,CAAvE;AAA0E,IAAIE,kBAAJ;AAAcR,OAAOI,KAAP,CAAaC,QAAQ,YAAR,CAAb,EAAmC;AAAA,uBAASC,CAAT,EAAW;AAACE,gBAAUF,CAAV;AAAY;AAAxB,CAAnC,EAA6D,CAA7D;AAAgE,IAAIG,aAAJ;AAAST,OAAOI,KAAP,CAAaC,QAAQ,kBAAR,CAAb,EAAyC;AAACI,MAAD,YAAMH,CAAN,EAAQ;AAACG,WAAKH,CAAL;AAAO;AAAhB,CAAzC,EAA2D,CAA3D;AAA8D,IAAII,wBAAJ;AAAoBV,OAAOI,KAAP,CAAaC,QAAQ,0BAAR,CAAb,EAAiD;AAACK,iBAAD,YAAiBJ,CAAjB,EAAmB;AAACI,sBAAgBJ,CAAhB;AAAkB;AAAtC,CAAjD,EAAyF,CAAzF;;AAM3W,IAAMJ,gBAAgB,UAACS,KAAD,EAAW;AACtC,SACE;AAAA;AAAA;AAAK,iBAAU;AAAf;AACE;AAAA;AAAA;AAAK,mBAAU;AAAf;AACE;AAAA;AAAA;AAAI,qBAAU;AAAd;AAA+BA,cAAMC;AAArC,OADF;AAEA;AAAA;AAAA;AAAQ,qBAAU,0BAAlB;AAA6C,mBAASD,MAAME,YAAN;AAAtD;AAA4E;AAAC,cAAD;AAAA;AAAM,gBAAG;AAAT;AAAA;AAAA;AAA5E;AAFA;AADF,GADF;AAQD,CATM;;AAWPX,cAAcM,SAAd,GAA0B;AACxBI,SAAOJ,UAAUM,MAAV,CAAiBC,UADA;AAExBF,gBAAcL,UAAUQ,IAAV,CAAeD;AAFL,CAA1B;AAjBAf,OAAOiB,aAAP,CAsBeP,gBAAgB,YAAM;AACnC,SAAO;AACLG,kBAAc,YAAM;AAClBN,eAASW,MAAT;AACD;AAHI,GAAP;AAKD,CANc,EAMZhB,aANY,CAtBf","file":"imports/ui/PrivateHeader.js.map","sourcesContent":["import React from 'react';\nimport { Accounts } from 'meteor/accounts-base';\nimport propTypes from 'prop-types';\nimport { Link } from 'react-router-dom';\nimport  { createContainer } from 'meteor/react-meteor-data';\n\nexport const PrivateHeader = (props) => {\n  return (\n    <div className=\"header\">\n      <div className=\"header__content\">\n        <h1 className=\"header__title\">{props.title}</h1>\n      <button className=\"button button--link-text\" onClick={props.handleLogout()}><Link to=\"/\">Logout</Link></button>\n      </div>\n    </div>\n  );\n};\n\nPrivateHeader.propTypes = {\n  title: propTypes.string.isRequired,\n  handleLogout: propTypes.func.isRequired\n};\n\nexport default createContainer(() => {\n  return {\n    handleLogout: () => {\n      Accounts.logout();\n    }\n  };\n}, PrivateHeader);\n"]},"hash":"3c837118bb822dc51335bbd8389b3e2e0374d71e"}
