{"metadata":{"usedHelpers":[],"marked":[],"modules":{"imports":[],"exports":{"exported":[],"specifiers":[]}}},"options":{"filename":"packages/practicalmeteor:mocha/test/acceptance/duration.js","filenameRelative":"packages/practicalmeteor:mocha/test/acceptance/duration.js","env":{"development":{"plugins":[]}},"retainLines":false,"highlightCode":true,"suppressDeprecationMessages":false,"presets":[],"plugins":[[[],{"generateLetDeclarations":true,"enforceStrictMode":false}],[[],null],[[],{"polyfill":false}],[[],null],[[],null],[[],null],[[],{"allowTopLevelThis":true,"strict":false,"loose":true}],[[],null],[[],null],[[],null],[[],null],[[],null],[[],null],[[],null],[[],null],[[],null],[[],null],[[],null],[[],null],[[],{"loose":true}],[[],{"loose":true}],[[],null],[[],{"loose":true}],[[],null],[[],null],[[],null],[[],null],[[],null],[[],null],[[],{"loose":true}],[[],null],[[],null],[[],null],[[],null],[[],null],[[],null],[[],null]],"ignore":[],"code":true,"metadata":true,"ast":true,"comments":true,"compact":false,"minified":false,"sourceMap":true,"sourceMaps":true,"sourceMapTarget":"packages/practicalmeteor:mocha/test/acceptance/duration.js.map","sourceFileName":"packages/practicalmeteor:mocha/test/acceptance/duration.js","babelrc":false,"sourceType":"module","moduleIds":false,"passPerPreset":false,"parserOpts":false,"generatorOpts":false,"basename":"duration"},"ignored":false,"code":"describe('durations', function () {\n  describe('when slow', function () {\n    it('should highlight in red', function (done) {\n      setTimeout(function () {\n        done();\n      }, 100);\n    });\n  });\n  describe('when reasonable', function () {\n    it('should highlight in yellow', function (done) {\n      setTimeout(function () {\n        done();\n      }, 50);\n    });\n  });\n  describe('when fast', function () {\n    it('should highlight in green', function (done) {\n      setTimeout(function () {\n        done();\n      }, 10);\n    });\n  });\n});","map":{"version":3,"sources":["packages/practicalmeteor:mocha/test/acceptance/duration.js"],"names":["describe","it","done","setTimeout"],"mappings":"AAAAA,SAAS,WAAT,EAAsB,YAAU;AAC9BA,WAAS,WAAT,EAAsB,YAAU;AAC9BC,OAAG,yBAAH,EAA8B,UAASC,IAAT,EAAc;AAC1CC,iBAAW,YAAU;AACnBD;AACD,OAFD,EAEG,GAFH;AAGD,KAJD;AAKD,GAND;AAQAF,WAAS,iBAAT,EAA4B,YAAU;AACpCC,OAAG,4BAAH,EAAiC,UAASC,IAAT,EAAc;AAC7CC,iBAAW,YAAU;AACnBD;AACD,OAFD,EAEG,EAFH;AAGD,KAJD;AAKD,GAND;AAQAF,WAAS,WAAT,EAAsB,YAAU;AAC9BC,OAAG,2BAAH,EAAgC,UAASC,IAAT,EAAc;AAC5CC,iBAAW,YAAU;AACnBD;AACD,OAFD,EAEG,EAFH;AAGD,KAJD;AAKD,GAND;AAOD,CAxBD","file":"packages/practicalmeteor:mocha/test/acceptance/duration.js.map","sourcesContent":["describe('durations', function(){\n  describe('when slow', function(){\n    it('should highlight in red', function(done){\n      setTimeout(function(){\n        done();\n      }, 100);\n    })\n  })\n\n  describe('when reasonable', function(){\n    it('should highlight in yellow', function(done){\n      setTimeout(function(){\n        done();\n      }, 50);\n    })\n  })\n\n  describe('when fast', function(){\n    it('should highlight in green', function(done){\n      setTimeout(function(){\n        done();\n      }, 10);\n    })\n  })\n})\n"]},"hash":"3db012f5ac4fa96c46d9ae1e9cf75bd1bbaa2ee0"}
