{"metadata":{"usedHelpers":[],"marked":[],"modules":{"imports":[{"source":"meteor/tmeasday:check-npm-versions","imported":["checkNpmVersions"],"specifiers":[{"kind":"named","imported":"checkNpmVersions","local":"checkNpmVersions"}]}],"exports":{"exported":["createContainer","withTracker","ReactMeteorData"],"specifiers":[{"kind":"external","local":"default","exported":"createContainer","source":"./createContainer.jsx"},{"kind":"external","local":"default","exported":"withTracker","source":"./withTracker.jsx"},{"kind":"external","local":"ReactMeteorData","exported":"ReactMeteorData","source":"./ReactMeteorData.jsx"}]}}},"options":{"filename":"packages/react-meteor-data/react-meteor-data.jsx","filenameRelative":"packages/react-meteor-data/react-meteor-data.jsx","env":{"development":{"plugins":[]}},"retainLines":false,"highlightCode":true,"suppressDeprecationMessages":false,"presets":[],"plugins":[[[],{"generateLetDeclarations":true,"enforceStrictMode":false}],[[],null],[[],{"polyfill":false}],[[],null],[[],null],[[],null],[[],{"allowTopLevelThis":true,"strict":false,"loose":true}],[[],null],[[],null],[[],null],[[],null],[[],null],[[],null],[[],null],[[],null],[[],null],[[],null],[[],null],[[],null],[[],{"loose":true}],[[],{"loose":true}],[[],null],[[],{"loose":true}],[[],null],[[],null],[[],null],[[],null],[[],null],[[],null],[[],{"loose":true}],[[],null],[[],null],[[],null],[[],null],[[],null],[[],null],[[],null]],"ignore":[],"code":true,"metadata":true,"ast":true,"comments":true,"compact":false,"minified":false,"sourceMap":true,"sourceMaps":true,"sourceMapTarget":"packages/react-meteor-data/react-meteor-data.jsx.map","sourceFileName":"packages/react-meteor-data/react-meteor-data.jsx","babelrc":false,"sourceType":"module","moduleIds":false,"passPerPreset":false,"parserOpts":false,"generatorOpts":false,"basename":"react-meteor-data"},"ignored":false,"code":"module.watch(require(\"./createContainer.jsx\"), {\n  \"default\": function (v) {\n    exports.createContainer = v;\n  }\n}, 1);\nmodule.watch(require(\"./withTracker.jsx\"), {\n  \"default\": function (v) {\n    exports.withTracker = v;\n  }\n}, 2);\nmodule.watch(require(\"./ReactMeteorData.jsx\"), {\n  ReactMeteorData: function (v) {\n    exports.ReactMeteorData = v;\n  }\n}, 3);\nvar checkNpmVersions = void 0;\nmodule.watch(require(\"meteor/tmeasday:check-npm-versions\"), {\n  checkNpmVersions: function (v) {\n    checkNpmVersions = v;\n  }\n}, 0);\ncheckNpmVersions({\n  react: '15.x'\n}, 'react-meteor-data');","map":{"version":3,"sources":["packages/react-meteor-data/react-meteor-data.jsx"],"names":["module","watch","require","v","exports","createContainer","withTracker","ReactMeteorData","checkNpmVersions","react"],"mappings":"AAAAA,OAAOC,KAAP,CAAaC,QAAQ,uBAAR,CAAb,EAA8C;AAAA,uBAASC,CAAT,EAAW;AAACC,YAAQC,eAAR,GAAwBF,CAAxB;AAA0B;AAAtC,CAA9C,EAAsF,CAAtF;AAAyFH,OAAOC,KAAP,CAAaC,QAAQ,mBAAR,CAAb,EAA0C;AAAA,uBAASC,CAAT,EAAW;AAACC,YAAQE,WAAR,GAAoBH,CAApB;AAAsB;AAAlC,CAA1C,EAA8E,CAA9E;AAAiFH,OAAOC,KAAP,CAAaC,QAAQ,uBAAR,CAAb,EAA8C;AAACK,iBAAD,YAAiBJ,CAAjB,EAAmB;AAACC,YAAQG,eAAR,GAAwBJ,CAAxB;AAA0B;AAA9C,CAA9C,EAA8F,CAA9F;AAAiG,IAAIK,yBAAJ;AAAqBR,OAAOC,KAAP,CAAaC,QAAQ,oCAAR,CAAb,EAA2D;AAACM,kBAAD,YAAkBL,CAAlB,EAAoB;AAACK,uBAAiBL,CAAjB;AAAmB;AAAxC,CAA3D,EAAqG,CAArG;AAEhSK,iBAAiB;AACfC,SAAO;AADQ,CAAjB,EAEG,mBAFH","file":"packages/react-meteor-data/react-meteor-data.jsx.map","sourcesContent":["import { checkNpmVersions } from 'meteor/tmeasday:check-npm-versions';\n\ncheckNpmVersions({\n  react: '15.x',\n}, 'react-meteor-data');\n\nexport { default as createContainer } from './createContainer.jsx';\nexport { default as withTracker } from './withTracker.jsx';\nexport { ReactMeteorData } from './ReactMeteorData.jsx';\n"]},"hash":"3ecfd9de9fd520912df8744e6f4fb7d5ab546884"}
