{"metadata":{"usedHelpers":[],"marked":[],"modules":{"imports":[{"source":"react","imported":["default"],"specifiers":[{"kind":"named","imported":"default","local":"React"}]},{"source":"meteor/meteor","imported":["Meteor"],"specifiers":[{"kind":"named","imported":"Meteor","local":"Meteor"}]},{"source":"meteor/react-meteor-data","imported":["createContainer"],"specifiers":[{"kind":"named","imported":"createContainer","local":"createContainer"}]}],"exports":{"exported":["NoteListHeader"],"specifiers":[{"kind":"local","local":"NoteListHeader","exported":"NoteListHeader"}]}}},"options":{"filename":"imports/ui/NoteListHeader.js","filenameRelative":"imports/ui/NoteListHeader.js","env":{"development":{"plugins":[]}},"retainLines":false,"highlightCode":true,"suppressDeprecationMessages":false,"presets":[],"plugins":[[[],{"generateLetDeclarations":true,"enforceStrictMode":false}],[[],null],[[],{"polyfill":false}],[[],null],[[],null],[[],null],[[],{"allowTopLevelThis":true,"strict":false,"loose":true}],[[],null],[[],null],[[],null],[[],null],[[],null],[[],null],[[],null],[[],null],[[],null],[[],null],[[],null],[[],null],[[],{"loose":true}],[[],{"loose":true}],[[],null],[[],{"loose":true}],[[],null],[[],null],[[],null],[[],null],[[],null],[[],null],[[],{"loose":true}],[[],null],[[],null],[[],null],[[],null],[[],null],[[],null],[[],null]],"ignore":[],"code":true,"metadata":true,"ast":true,"comments":true,"compact":false,"minified":false,"sourceMap":true,"sourceMaps":true,"sourceMapTarget":"imports/ui/NoteListHeader.js.map","sourceFileName":"imports/ui/NoteListHeader.js","babelrc":false,"sourceType":"module","moduleIds":false,"passPerPreset":false,"parserOpts":false,"generatorOpts":false,"basename":"NoteListHeader"},"ignored":false,"code":"module.export({\n  NoteListHeader: function () {\n    return NoteListHeader;\n  }\n});\nvar React = void 0;\nmodule.watch(require(\"react\"), {\n  \"default\": function (v) {\n    React = v;\n  }\n}, 0);\nvar Meteor = void 0;\nmodule.watch(require(\"meteor/meteor\"), {\n  Meteor: function (v) {\n    Meteor = v;\n  }\n}, 1);\nvar createContainer = void 0;\nmodule.watch(require(\"meteor/react-meteor-data\"), {\n  createContainer: function (v) {\n    createContainer = v;\n  }\n}, 2);\n\nvar NoteListHeader = function (props) {\n  return React.createElement(\n    \"div\",\n    null,\n    React.createElement(\n      \"button\",\n      {\n        onClick: function () {}\n      },\n      \"Create Note\"\n    )\n  );\n};\n\nmodule.exportDefault(createContainer(function () {\n  return {\n    meteorCall: Meteor.call\n  };\n}, NoteListHeader));","map":{"version":3,"sources":["imports/ui/NoteListHeader.js"],"names":["module","export","NoteListHeader","React","watch","require","v","Meteor","createContainer","props","exportDefault","meteorCall","call"],"mappings":"AAAAA,OAAOC,MAAP,CAAc;AAACC,kBAAe;AAAA,WAAIA,cAAJ;AAAA;AAAhB,CAAd;AAAmD,IAAIC,cAAJ;AAAUH,OAAOI,KAAP,CAAaC,QAAQ,OAAR,CAAb,EAA8B;AAAA,uBAASC,CAAT,EAAW;AAACH,YAAMG,CAAN;AAAQ;AAApB,CAA9B,EAAoD,CAApD;AAAuD,IAAIC,eAAJ;AAAWP,OAAOI,KAAP,CAAaC,QAAQ,eAAR,CAAb,EAAsC;AAACE,QAAD,YAAQD,CAAR,EAAU;AAACC,aAAOD,CAAP;AAAS;AAApB,CAAtC,EAA4D,CAA5D;AAA+D,IAAIE,wBAAJ;AAAoBR,OAAOI,KAAP,CAAaC,QAAQ,0BAAR,CAAb,EAAiD;AAACG,iBAAD,YAAiBF,CAAjB,EAAmB;AAACE,sBAAgBF,CAAhB;AAAkB;AAAtC,CAAjD,EAAyF,CAAzF;;AAI3M,IAAMJ,iBAAiB,UAACO,KAAD,EAAW;AACvC,SACE;AAAA;AAAA;AACE;AAAA;AAAA;AAAQ,iBAAS,YAAM,CAEpB;AAFH;AAAA;AAAA;AADF,GADF;AAOD,CARM;;AAJPT,OAAOU,aAAP,CAceF,gBAAgB,YAAM;AACnC,SAAO;AACLG,gBAAYJ,OAAOK;AADd,GAAP;AAGD,CAJc,EAIZV,cAJY,CAdf","file":"imports/ui/NoteListHeader.js.map","sourcesContent":["import React from 'react';\nimport { Meteor } from 'meteor/meteor';\nimport { createContainer } from 'meteor/react-meteor-data';\n\nexport const NoteListHeader = (props) => {\n  return (\n    <div>\n      <button onClick={() => {\n          \n        }}>Create Note</button>\n    </div>\n  );\n};\n\nexport default createContainer(() => {\n  return {\n    meteorCall: Meteor.call\n  };\n}, NoteListHeader);\n"]},"hash":"408bfaff02addd5650bc20fc23382cca83901304"}
