{"metadata":{"usedHelpers":[],"marked":[],"modules":{"imports":[{"source":"expect","imported":["default"],"specifiers":[{"kind":"named","imported":"default","local":"expect"}]},{"source":"meteor/meteor","imported":["Meteor"],"specifiers":[{"kind":"named","imported":"Meteor","local":"Meteor"}]},{"source":"./users","imported":["validateNewUser"],"specifiers":[{"kind":"named","imported":"validateNewUser","local":"validateNewUser"}]}],"exports":{"exported":[],"specifiers":[]}}},"options":{"filename":"imports/api/users.test.js","filenameRelative":"imports/api/users.test.js","env":{"development":{"plugins":[]}},"retainLines":false,"highlightCode":true,"suppressDeprecationMessages":false,"presets":[],"plugins":[[[],{"generateLetDeclarations":true,"enforceStrictMode":false}],[[],null],[[],{"polyfill":false}],[[],null],[[],null],[[],null],[[],{"allowTopLevelThis":true,"strict":false,"loose":true}],[[],null],[[],null],[[],null],[[],null],[[],null],[[],null],[[],null],[[],null],[[],null],[[],null],[[],null],[[],null],[[],{"loose":true}],[[],{"loose":true}],[[],null],[[],{"loose":true}],[[],null],[[],null],[[],null],[[],null],[[],null],[[],null],[[],{"loose":true}],[[],null],[[],null],[[],null],[[],null],[[],null],[[],null],[[],null]],"ignore":[],"code":true,"metadata":true,"ast":true,"comments":true,"compact":false,"minified":false,"sourceMap":true,"sourceMaps":true,"sourceMapTarget":"imports/api/users.test.js.map","sourceFileName":"imports/api/users.test.js","babelrc":false,"sourceType":"module","moduleIds":false,"passPerPreset":false,"parserOpts":false,"generatorOpts":false,"basename":"users.test"},"ignored":false,"code":"var expect = void 0;\nmodule.watch(require(\"expect\"), {\n  \"default\": function (v) {\n    expect = v;\n  }\n}, 0);\nvar Meteor = void 0;\nmodule.watch(require(\"meteor/meteor\"), {\n  Meteor: function (v) {\n    Meteor = v;\n  }\n}, 1);\nvar validateNewUser = void 0;\nmodule.watch(require(\"./users\"), {\n  validateNewUser: function (v) {\n    validateNewUser = v;\n  }\n}, 2);\ndescribe('users', function () {\n  it('should allow valid email address', function () {\n    var testUser = {\n      emails: [{\n        address: 'Test@example.com'\n      }]\n    };\n    var res = validateNewUser(testUser);\n    expect(res).toBe(true);\n  });\n});","map":{"version":3,"sources":["imports/api/users.test.js"],"names":["expect","module","watch","require","v","Meteor","validateNewUser","describe","it","testUser","emails","address","res","toBe"],"mappings":"AAAA,IAAIA,eAAJ;AAAWC,OAAOC,KAAP,CAAaC,QAAQ,QAAR,CAAb,EAA+B;AAAA,uBAASC,CAAT,EAAW;AAACJ,aAAOI,CAAP;AAAS;AAArB,CAA/B,EAAsD,CAAtD;AAAyD,IAAIC,eAAJ;AAAWJ,OAAOC,KAAP,CAAaC,QAAQ,eAAR,CAAb,EAAsC;AAACE,QAAD,YAAQD,CAAR,EAAU;AAACC,aAAOD,CAAP;AAAS;AAApB,CAAtC,EAA4D,CAA5D;AAA+D,IAAIE,wBAAJ;AAAoBL,OAAOC,KAAP,CAAaC,QAAQ,SAAR,CAAb,EAAgC;AAACG,iBAAD,YAAiBF,CAAjB,EAAmB;AAACE,sBAAgBF,CAAhB;AAAkB;AAAtC,CAAhC,EAAwE,CAAxE;AAKlKG,SAAS,OAAT,EAAkB,YAAY;AAE5BC,KAAI,kCAAJ,EAAwC,YAAY;AAClD,QAAMC,WAAW;AACfC,cAAQ,CACN;AACEC,iBAAS;AADX,OADM;AADO,KAAjB;AAOA,QAAMC,MAAMN,gBAAgBG,QAAhB,CAAZ;AAEAT,WAAOY,GAAP,EAAYC,IAAZ,CAAiB,IAAjB;AACD,GAXD;AAYD,CAdD","file":"imports/api/users.test.js.map","sourcesContent":["import expect from 'expect';\nimport { Meteor } from 'meteor/meteor';\n\nimport { validateNewUser } from './users';\n\ndescribe('users', function () {\n\n  it ('should allow valid email address', function () {\n    const testUser = {\n      emails: [\n        {\n          address: 'Test@example.com'\n        }\n      ]\n    };\n    const res = validateNewUser(testUser);\n\n    expect(res).toBe(true);\n  });\n});\n"]},"hash":"45a4ebdc91bb32b71701d39b03e7522b3a51bfff"}
