{"metadata":{"usedHelpers":[],"marked":[],"modules":{"imports":[{"source":"meteor/meteor","imported":["Meteor"],"specifiers":[{"kind":"named","imported":"Meteor","local":"Meteor"}]},{"source":"expect","imported":["default"],"specifiers":[{"kind":"named","imported":"default","local":"expect"}]}],"exports":{"exported":[],"specifiers":[]}}},"options":{"filename":"imports/api/notes.test.js","filenameRelative":"imports/api/notes.test.js","env":{"development":{"plugins":[]}},"retainLines":false,"highlightCode":true,"suppressDeprecationMessages":false,"presets":[],"plugins":[[[],{"generateLetDeclarations":true,"enforceStrictMode":false}],[[],null],[[],{"polyfill":false}],[[],null],[[],null],[[],null],[[],{"allowTopLevelThis":true,"strict":false,"loose":true}],[[],null],[[],null],[[],null],[[],null],[[],null],[[],null],[[],null],[[],null],[[],null],[[],null],[[],null],[[],null],[[],{"loose":true}],[[],{"loose":true}],[[],null],[[],{"loose":true}],[[],null],[[],null],[[],null],[[],null],[[],null],[[],null],[[],{"loose":true}],[[],null],[[],null],[[],null],[[],null],[[],null],[[],null],[[],null]],"ignore":[],"code":true,"metadata":true,"ast":true,"comments":true,"compact":false,"minified":false,"sourceMap":true,"sourceMaps":true,"sourceMapTarget":"imports/api/notes.test.js.map","sourceFileName":"imports/api/notes.test.js","babelrc":false,"sourceType":"module","moduleIds":false,"passPerPreset":false,"parserOpts":false,"generatorOpts":false,"basename":"notes.test"},"ignored":false,"code":"var Meteor = void 0;\nmodule.watch(require(\"meteor/meteor\"), {\n  Meteor: function (v) {\n    Meteor = v;\n  }\n}, 0);\nvar expect = void 0;\nmodule.watch(require(\"expect\"), {\n  \"default\": function (v) {\n    expect = v;\n  }\n}, 1);\n\nif (Meteor.isServer) {\n  describe('notes', function () {\n    it('should insert a note');\n  });\n}","map":{"version":3,"sources":["imports/api/notes.test.js"],"names":["Meteor","module","watch","require","v","expect","isServer","describe","it"],"mappings":"AAAA,IAAIA,eAAJ;AAAWC,OAAOC,KAAP,CAAaC,QAAQ,eAAR,CAAb,EAAsC;AAACH,QAAD,YAAQI,CAAR,EAAU;AAACJ,aAAOI,CAAP;AAAS;AAApB,CAAtC,EAA4D,CAA5D;AAA+D,IAAIC,eAAJ;AAAWJ,OAAOC,KAAP,CAAaC,QAAQ,QAAR,CAAb,EAA+B;AAAA,uBAASC,CAAT,EAAW;AAACC,aAAOD,CAAP;AAAS;AAArB,CAA/B,EAAsD,CAAtD;;AAGrF,IAAIJ,OAAOM,QAAX,EAAqB;AACnBC,WAAS,OAAT,EAAkB,YAAY;AAC5BC,OAAG,sBAAH;AACD,GAFD;AAGD","file":"imports/api/notes.test.js.map","sourcesContent":["import { Meteor } from 'meteor/meteor';\nimport expect from 'expect';\n\nif (Meteor.isServer) {\n  describe('notes', function () {\n    it('should insert a note')\n  });\n}\n"]},"hash":"46cfd2bdb66bc5b0800825eaf247ae532252622f"}
