{"metadata":{"usedHelpers":[],"marked":[],"modules":{"imports":[{"source":"react","imported":["default"],"specifiers":[{"kind":"named","imported":"default","local":"React"}]},{"source":"./ReactMeteorData.jsx","imported":["connect"],"specifiers":[{"kind":"named","imported":"connect","local":"connect"}]}],"exports":{"exported":["createContainer","Component","options"],"specifiers":[{"kind":"local","local":"createContainer","exported":"default"},{"kind":"local","local":"Component","exported":"default"},{"kind":"local","local":"options","exported":"default"}]}}},"options":{"filename":"packages/react-meteor-data/createContainer.jsx","filenameRelative":"packages/react-meteor-data/createContainer.jsx","env":{"development":{"plugins":[]}},"retainLines":false,"highlightCode":true,"suppressDeprecationMessages":false,"presets":[],"plugins":[[[],{"generateLetDeclarations":true,"enforceStrictMode":false}],[[],null],[[],{"polyfill":false}],[[],null],[[],null],[[],null],[[],{"allowTopLevelThis":true,"strict":false,"loose":true}],[[],null],[[],null],[[],null],[[],null],[[],null],[[],null],[[],null],[[],null],[[],null],[[],null],[[],null],[[],null],[[],{"loose":true}],[[],{"loose":true}],[[],null],[[],{"loose":true}],[[],null],[[],null],[[],null],[[],null],[[],null],[[],null],[[],{"loose":true}],[[],null],[[],null],[[],null],[[],null],[[],null],[[],null],[[],null]],"ignore":[],"code":true,"metadata":true,"ast":true,"comments":true,"compact":false,"minified":false,"sourceMap":true,"sourceMaps":true,"sourceMapTarget":"packages/react-meteor-data/createContainer.jsx.map","sourceFileName":"packages/react-meteor-data/createContainer.jsx","babelrc":false,"sourceType":"module","moduleIds":false,"passPerPreset":false,"parserOpts":false,"generatorOpts":false,"basename":"createContainer"},"ignored":false,"code":"module.export({\n  \"default\": function () {\n    return createContainer;\n  }\n});\nvar React = void 0;\nmodule.watch(require(\"react\"), {\n  \"default\": function (v) {\n    React = v;\n  }\n}, 0);\nvar connect = void 0;\nmodule.watch(require(\"./ReactMeteorData.jsx\"), {\n  connect: function (v) {\n    connect = v;\n  }\n}, 1);\n\nfunction createContainer() {\n  var options = arguments.length > 0 && arguments[0] !== undefined ? arguments[0] : {};\n  var Component = arguments[1];\n  var expandedOptions = options;\n\n  if (typeof options === 'function') {\n    expandedOptions = {\n      getMeteorData: options\n    };\n  }\n\n  return connect(expandedOptions)(Component);\n}","map":{"version":3,"sources":["packages/react-meteor-data/createContainer.jsx"],"names":["module","export","createContainer","React","watch","require","v","connect","options","Component","expandedOptions","getMeteorData"],"mappings":"AAAAA,OAAOC,MAAP,CAAc;AAAC,aAAQ;AAAA,WAAIC,eAAJ;AAAA;AAAT,CAAd;AAA6C,IAAIC,cAAJ;AAAUH,OAAOI,KAAP,CAAaC,QAAQ,OAAR,CAAb,EAA8B;AAAA,uBAASC,CAAT,EAAW;AAACH,YAAMG,CAAN;AAAQ;AAApB,CAA9B,EAAoD,CAApD;AAAuD,IAAIC,gBAAJ;AAAYP,OAAOI,KAAP,CAAaC,QAAQ,uBAAR,CAAb,EAA8C;AAACE,SAAD,YAASD,CAAT,EAAW;AAACC,cAAQD,CAAR;AAAU;AAAtB,CAA9C,EAAsE,CAAtE;;AAO3G,SAASJ,eAAT,GAAkD;AAAA,MAAzBM,OAAyB,uEAAf,EAAe;AAAA,MAAXC,SAAW;AAC/D,MAAIC,kBAAkBF,OAAtB;;AACA,MAAI,OAAOA,OAAP,KAAmB,UAAvB,EAAmC;AACjCE,sBAAkB;AAChBC,qBAAeH;AADC,KAAlB;AAGD;;AAED,SAAOD,QAAQG,eAAR,EAAyBD,SAAzB,CAAP;AACD","file":"packages/react-meteor-data/createContainer.jsx.map","sourcesContent":["/**\n * Container helper using react-meteor-data.\n */\n\nimport React from 'react';\nimport { connect } from './ReactMeteorData.jsx';\n\nexport default function createContainer(options = {}, Component) {\n  let expandedOptions = options;\n  if (typeof options === 'function') {\n    expandedOptions = {\n      getMeteorData: options,\n    };\n  }\n\n  return connect(expandedOptions)(Component);\n}\n"]},"hash":"486e14c696828945ed6b236ba88a9ca9a0be4748"}
