{"metadata":{"usedHelpers":["typeof","interopRequireDefault"],"marked":[],"modules":{"imports":[{"source":"meteor/meteor","imported":["Meteor"],"specifiers":[{"kind":"named","imported":"Meteor","local":"Meteor"}]},{"source":"expect","imported":["default"],"specifiers":[{"kind":"named","imported":"default","local":"expect"}]},{"source":"./notes","imported":["Notes"],"specifiers":[{"kind":"named","imported":"Notes","local":"Notes"}]}],"exports":{"exported":[],"specifiers":[]}}},"options":{"filename":"imports/api/notes.test.js","filenameRelative":"imports/api/notes.test.js","env":{"development":{"plugins":[]}},"retainLines":false,"highlightCode":true,"suppressDeprecationMessages":false,"presets":[],"plugins":[[[],{"generateLetDeclarations":true,"enforceStrictMode":false}],[[],null],[[],{"polyfill":false}],[[],null],[[],null],[[],null],[[],{"allowTopLevelThis":true,"strict":false,"loose":true}],[[],null],[[],null],[[],null],[[],null],[[],null],[[],null],[[],null],[[],null],[[],null],[[],null],[[],null],[[],null],[[],{"loose":true}],[[],{"loose":true}],[[],null],[[],{"loose":true}],[[],null],[[],null],[[],null],[[],null],[[],null],[[],null],[[],{"loose":true}],[[],null],[[],null],[[],null],[[],null],[[],null],[[],null],[[],null]],"ignore":[],"code":true,"metadata":true,"ast":true,"comments":true,"compact":false,"minified":false,"sourceMap":true,"sourceMaps":true,"sourceMapTarget":"imports/api/notes.test.js.map","sourceFileName":"imports/api/notes.test.js","babelrc":false,"sourceType":"module","moduleIds":false,"passPerPreset":false,"parserOpts":false,"generatorOpts":false,"basename":"notes.test"},"ignored":false,"code":"var _typeof2 = require(\"babel-runtime/helpers/typeof\");\n\nvar _typeof3 = _interopRequireDefault(_typeof2);\n\nfunction _interopRequireDefault(obj) { return obj && obj.__esModule ? obj : { \"default\": obj }; }\n\nvar Meteor = void 0;\nmodule.watch(require(\"meteor/meteor\"), {\n  Meteor: function (v) {\n    Meteor = v;\n  }\n}, 0);\nvar expect = void 0;\nmodule.watch(require(\"expect\"), {\n  \"default\": function (v) {\n    expect = v;\n  }\n}, 1);\nvar Notes = void 0;\nmodule.watch(require(\"./notes\"), {\n  Notes: function (v) {\n    Notes = v;\n  }\n}, 2);\n\nif (Meteor.isServer) {\n  describe('notes', function () {\n    it('should insert a new note', function () {\n      var userId = 'testid';\n\n      var _id = objectId(Meteor.server.method_handlers['notes.insert'].apply({\n        userId: userId\n      }));\n\n      console.log(_id, typeof _id === \"undefined\" ? \"undefined\" : (0, _typeof3.default)(_id));\n      expect(Notes.findOne({\n        _id: _id,\n        userId: userId\n      })).should.exist();\n    });\n  });\n}","map":{"version":3,"sources":["imports/api/notes.test.js"],"names":["Meteor","module","watch","require","v","expect","Notes","isServer","describe","it","userId","_id","objectId","server","method_handlers","apply","console","log","findOne","should","exist"],"mappings":";;;;;;AAAA,IAAIA,eAAJ;AAAWC,OAAOC,KAAP,CAAaC,QAAQ,eAAR,CAAb,EAAsC;AAACH,QAAD,YAAQI,CAAR,EAAU;AAACJ,aAAOI,CAAP;AAAS;AAApB,CAAtC,EAA4D,CAA5D;AAA+D,IAAIC,eAAJ;AAAWJ,OAAOC,KAAP,CAAaC,QAAQ,QAAR,CAAb,EAA+B;AAAA,uBAASC,CAAT,EAAW;AAACC,aAAOD,CAAP;AAAS;AAArB,CAA/B,EAAsD,CAAtD;AAAyD,IAAIE,cAAJ;AAAUL,OAAOC,KAAP,CAAaC,QAAQ,SAAR,CAAb,EAAgC;AAACG,OAAD,YAAOF,CAAP,EAAS;AAACE,YAAMF,CAAN;AAAQ;AAAlB,CAAhC,EAAoD,CAApD;;AAKxJ,IAAIJ,OAAOO,QAAX,EAAqB;AACnBC,WAAS,OAAT,EAAkB,YAAY;AAC5BC,OAAG,0BAAH,EAA+B,YAAY;AACzC,UAAMC,SAAS,QAAf;;AACA,UAAMC,MAAMC,SAASZ,OAAOa,MAAP,CAAcC,eAAd,CAA8B,cAA9B,EAA8CC,KAA9C,CAAoD;AAAEL;AAAF,OAApD,CAAT,CAAZ;;AACAM,cAAQC,GAAR,CAAYN,GAAZ,SAAwBA,GAAxB,uDAAwBA,GAAxB;AAEAN,aAAOC,MAAMY,OAAN,CAAc;AAAEP,gBAAF;AAAOD;AAAP,OAAd,CAAP,EAAuCS,MAAvC,CAA8CC,KAA9C;AACD,KAND;AAOD,GARD;AASD","file":"imports/api/notes.test.js.map","sourcesContent":["import { Meteor } from 'meteor/meteor';\nimport expect from 'expect';\n\nimport { Notes } from './notes';\n\nif (Meteor.isServer) {\n  describe('notes', function () {\n    it('should insert a new note', function () {\n      const userId = 'testid';\n      const _id = objectId(Meteor.server.method_handlers['notes.insert'].apply({ userId }));\n      console.log(_id ,typeof(_id));\n\n      expect(Notes.findOne({ _id, userId })).should.exist();\n    });\n  });\n}\n"]},"hash":"4901d28f450bfd9c248c0acc157113e35384bbc5"}
