{"metadata":{"usedHelpers":[],"marked":[],"modules":{"imports":[{"source":"meteor/meteor","imported":["Meteor"],"specifiers":[{"kind":"named","imported":"Meteor","local":"Meteor"}]},{"source":"react","imported":["default"],"specifiers":[{"kind":"named","imported":"default","local":"React"}]},{"source":"expect","imported":["default"],"specifiers":[{"kind":"named","imported":"default","local":"expect"}]},{"source":"enzyme","imported":["mount"],"specifiers":[{"kind":"named","imported":"mount","local":"mount"}]},{"source":"./PrivateHeader","imported":["default"],"specifiers":[{"kind":"named","imported":"default","local":"PrivateHeader"}]}],"exports":{"exported":[],"specifiers":[]}}},"options":{"filename":"imports/ui/PrivateHeader.test.js","filenameRelative":"imports/ui/PrivateHeader.test.js","env":{"development":{"plugins":[]}},"retainLines":false,"highlightCode":true,"suppressDeprecationMessages":false,"presets":[],"plugins":[[[],{"generateLetDeclarations":true,"enforceStrictMode":false}],[[],null],[[],{"polyfill":false}],[[],null],[[],null],[[],null],[[],{"allowTopLevelThis":true,"strict":false,"loose":true}],[[],null],[[],null],[[],null],[[],null],[[],null],[[],null],[[],null],[[],null],[[],null],[[],null],[[],null],[[],null],[[],{"loose":true}],[[],{"loose":true}],[[],null],[[],{"loose":true}],[[],null],[[],null],[[],null],[[],null],[[],null],[[],null],[[],{"loose":true}],[[],null],[[],null],[[],null],[[],null],[[],null],[[],null],[[],null]],"ignore":[],"code":true,"metadata":true,"ast":true,"comments":true,"compact":false,"minified":false,"sourceMap":true,"sourceMaps":true,"sourceMapTarget":"imports/ui/PrivateHeader.test.js.map","sourceFileName":"imports/ui/PrivateHeader.test.js","babelrc":false,"sourceType":"module","moduleIds":false,"passPerPreset":false,"parserOpts":false,"generatorOpts":false,"basename":"PrivateHeader.test"},"ignored":false,"code":"var Meteor = void 0;\nmodule.watch(require(\"meteor/meteor\"), {\n  Meteor: function (v) {\n    Meteor = v;\n  }\n}, 0);\nvar React = void 0;\nmodule.watch(require(\"react\"), {\n  \"default\": function (v) {\n    React = v;\n  }\n}, 1);\nvar expect = void 0;\nmodule.watch(require(\"expect\"), {\n  \"default\": function (v) {\n    expect = v;\n  }\n}, 2);\nvar mount = void 0;\nmodule.watch(require(\"enzyme\"), {\n  mount: function (v) {\n    mount = v;\n  }\n}, 3);\nvar PrivateHeader = void 0;\nmodule.watch(require(\"./PrivateHeader\"), {\n  \"default\": function (v) {\n    PrivateHeader = v;\n  }\n}, 4);\n\nif (Meteor.isClient) {\n  describe('PrivateHeader', function () {\n    it('should set button text to logout', function () {\n      var wrapper = mount(React.createElement(PrivateHeader, {\n        title: \"Test title\"\n      }));\n      var buttonText = wrapper.find('button').text();\n      expect(buttonText).toBe('Logout');\n    });\n    it('should use title prop as h1 text', function () {\n      var title = 'Title test here';\n      var wrapper = mount(React.createElement(PrivateHeader, {\n        title: title,\n        handleLogout: function () {}\n      }));\n      var h1Text = wrapper.find('h1').text();\n      expect(h1Text).toBe('Title test here');\n    });\n    it('should call handleLogout on click', function () {\n      var spy = expect.createSpy();\n      var wrapper = mount(React.createElement(PrivateHeader, {\n        title: \"title\",\n        handleLogout: spy\n      }));\n    });\n  });\n}","map":{"version":3,"sources":["imports/ui/PrivateHeader.test.js"],"names":["Meteor","module","watch","require","v","React","expect","mount","PrivateHeader","isClient","describe","it","wrapper","buttonText","find","text","toBe","title","h1Text","spy","createSpy"],"mappings":"AAAA,IAAIA,eAAJ;AAAWC,OAAOC,KAAP,CAAaC,QAAQ,eAAR,CAAb,EAAsC;AAACH,QAAD,YAAQI,CAAR,EAAU;AAACJ,aAAOI,CAAP;AAAS;AAApB,CAAtC,EAA4D,CAA5D;AAA+D,IAAIC,cAAJ;AAAUJ,OAAOC,KAAP,CAAaC,QAAQ,OAAR,CAAb,EAA8B;AAAA,uBAASC,CAAT,EAAW;AAACC,YAAMD,CAAN;AAAQ;AAApB,CAA9B,EAAoD,CAApD;AAAuD,IAAIE,eAAJ;AAAWL,OAAOC,KAAP,CAAaC,QAAQ,QAAR,CAAb,EAA+B;AAAA,uBAASC,CAAT,EAAW;AAACE,aAAOF,CAAP;AAAS;AAArB,CAA/B,EAAsD,CAAtD;AAAyD,IAAIG,cAAJ;AAAUN,OAAOC,KAAP,CAAaC,QAAQ,QAAR,CAAb,EAA+B;AAACI,OAAD,YAAOH,CAAP,EAAS;AAACG,YAAMH,CAAN;AAAQ;AAAlB,CAA/B,EAAmD,CAAnD;AAAsD,IAAII,sBAAJ;AAAkBP,OAAOC,KAAP,CAAaC,QAAQ,iBAAR,CAAb,EAAwC;AAAA,uBAASC,CAAT,EAAW;AAACI,oBAAcJ,CAAd;AAAgB;AAA5B,CAAxC,EAAsE,CAAtE;;AAOjS,IAAGJ,OAAOS,QAAV,EAAoB;AAClBC,WAAS,eAAT,EAA0B,YAAW;AACnCC,OAAG,kCAAH,EAAuC,YAAW;AAChD,UAAMC,UAAUL,MAAO,oBAAC,aAAD;AAAe,eAAM;AAArB,QAAP,CAAhB;AACA,UAAMM,aAAaD,QAAQE,IAAR,CAAa,QAAb,EAAuBC,IAAvB,EAAnB;AAEAT,aAAOO,UAAP,EAAmBG,IAAnB,CAAwB,QAAxB;AACD,KALD;AAOAL,OAAG,kCAAH,EAAuC,YAAW;AAChD,UAAMM,QAAQ,iBAAd;AACA,UAAML,UAAUL,MAAO,oBAAC,aAAD;AAAe,eAAOU,KAAtB;AAA6B,sBAAc,YAAM,CAAE;AAAnD,QAAP,CAAhB;AACA,UAAMC,SAASN,QAAQE,IAAR,CAAa,IAAb,EAAmBC,IAAnB,EAAf;AAEAT,aAAOY,MAAP,EAAeF,IAAf,CAAoB,iBAApB;AACD,KAND;AAQAL,OAAG,mCAAH,EAAwC,YAAW;AACjD,UAAMQ,MAAMb,OAAOc,SAAP,EAAZ;AACA,UAAMR,UAAUL,MAAO,oBAAC,aAAD;AAAe,eAAM,OAArB;AAA6B,sBAAcY;AAA3C,QAAP,CAAhB;AACD,KAHD;AAID,GApBD;AAqBD","file":"imports/ui/PrivateHeader.test.js.map","sourcesContent":["import { Meteor } from 'meteor/meteor';\nimport React from 'react';\nimport expect from 'expect';\nimport { mount } from 'enzyme';\n\nimport PrivateHeader from './PrivateHeader';\n\nif(Meteor.isClient) {\n  describe('PrivateHeader', function() {\n    it('should set button text to logout', function() {\n      const wrapper = mount( <PrivateHeader title=\"Test title\"/> );\n      const buttonText = wrapper.find('button').text();\n\n      expect(buttonText).toBe('Logout');\n    });\n\n    it('should use title prop as h1 text', function() {\n      const title = 'Title test here';\n      const wrapper = mount( <PrivateHeader title={title} handleLogout={() => {}}/> );\n      const h1Text = wrapper.find('h1').text();\n\n      expect(h1Text).toBe('Title test here')\n    });\n\n    it('should call handleLogout on click', function() {\n      const spy = expect.createSpy();\n      const wrapper = mount( <PrivateHeader title=\"title\" handleLogout={spy}/>)\n    })\n  });\n}\n"]},"hash":"4973181959fe6ea4f60e53c0a511306c62f9503d"}
