{"metadata":{"usedHelpers":["inherits","possibleConstructorReturn","classCallCheck","interopRequireDefault"],"marked":[],"modules":{"imports":[{"source":"react","imported":["default"],"specifiers":[{"kind":"named","imported":"default","local":"React"}]},{"source":"react-router-dom","imported":["withRouter","Link"],"specifiers":[{"kind":"named","imported":"withRouter","local":"withRouter"},{"kind":"named","imported":"Link","local":"Link"}]},{"source":"meteor/meteor","imported":["Meteor"],"specifiers":[{"kind":"named","imported":"Meteor","local":"Meteor"}]},{"source":"prop-types","imported":["default"],"specifiers":[{"kind":"named","imported":"default","local":"propTypes"}]},{"source":"meteor/react-meteor-data","imported":["createContainer"],"specifiers":[{"kind":"named","imported":"createContainer","local":"createContainer"}]}],"exports":{"exported":["Login"],"specifiers":[{"kind":"local","local":"Login","exported":"Login"}]}}},"options":{"filename":"imports/ui/Login.js","filenameRelative":"imports/ui/Login.js","env":{"development":{"plugins":[]}},"retainLines":false,"highlightCode":true,"suppressDeprecationMessages":false,"presets":[],"plugins":[[[],{"generateLetDeclarations":true,"enforceStrictMode":false}],[[],null],[[],{"polyfill":false}],[[],null],[[],null],[[],null],[[],{"allowTopLevelThis":true,"strict":false,"loose":true}],[[],null],[[],null],[[],null],[[],null],[[],null],[[],null],[[],null],[[],null],[[],null],[[],null],[[],null],[[],null],[[],{"loose":true}],[[],{"loose":true}],[[],null],[[],{"loose":true}],[[],null],[[],null],[[],null],[[],null],[[],null],[[],null],[[],{"loose":true}],[[],null],[[],null],[[],null],[[],null],[[],null],[[],null],[[],null]],"ignore":[],"code":true,"metadata":true,"ast":true,"comments":true,"compact":false,"minified":false,"sourceMap":true,"sourceMaps":true,"sourceMapTarget":"imports/ui/Login.js.map","sourceFileName":"imports/ui/Login.js","babelrc":false,"sourceType":"module","moduleIds":false,"passPerPreset":false,"parserOpts":false,"generatorOpts":false,"basename":"Login"},"ignored":false,"code":"var _classCallCheck2 = require(\"babel-runtime/helpers/classCallCheck\");\n\nvar _classCallCheck3 = _interopRequireDefault(_classCallCheck2);\n\nvar _possibleConstructorReturn2 = require(\"babel-runtime/helpers/possibleConstructorReturn\");\n\nvar _possibleConstructorReturn3 = _interopRequireDefault(_possibleConstructorReturn2);\n\nvar _inherits2 = require(\"babel-runtime/helpers/inherits\");\n\nvar _inherits3 = _interopRequireDefault(_inherits2);\n\nfunction _interopRequireDefault(obj) { return obj && obj.__esModule ? obj : { \"default\": obj }; }\n\nmodule.export({\n  Login: function () {\n    return Login;\n  }\n});\nvar React = void 0;\nmodule.watch(require(\"react\"), {\n  \"default\": function (v) {\n    React = v;\n  }\n}, 0);\nvar withRouter = void 0,\n    Link = void 0;\nmodule.watch(require(\"react-router-dom\"), {\n  withRouter: function (v) {\n    withRouter = v;\n  },\n  Link: function (v) {\n    Link = v;\n  }\n}, 1);\nvar Meteor = void 0;\nmodule.watch(require(\"meteor/meteor\"), {\n  Meteor: function (v) {\n    Meteor = v;\n  }\n}, 2);\nvar propTypes = void 0;\nmodule.watch(require(\"prop-types\"), {\n  \"default\": function (v) {\n    propTypes = v;\n  }\n}, 3);\nvar createContainer = void 0;\nmodule.watch(require(\"meteor/react-meteor-data\"), {\n  createContainer: function (v) {\n    createContainer = v;\n  }\n}, 4);\n\nvar Login = function (_React$Component) {\n  (0, _inherits3.default)(Login, _React$Component);\n\n  function Login(props) {\n    (0, _classCallCheck3.default)(this, Login);\n\n    var _this = (0, _possibleConstructorReturn3.default)(this, _React$Component.call(this, props));\n\n    _this.state = {\n      error: ''\n    };\n    return _this;\n  }\n\n  Login.prototype.onSubmit = function () {\n    function onSubmit(e) {\n      var _this2 = this;\n\n      e.preventDefault();\n      var email = this.refs.email.value.trim();\n      var password = this.refs.password.value.trim();\n      this.props.loginWithPassword({\n        email: email\n      }, password, function (err) {\n        if (err) {\n          _this2.setState({\n            error: 'Unable to login.'\n          });\n        } else {\n          _this2.setState({\n            error: ''\n          });\n\n          _this2.props.history.push('/dashboard');\n        }\n      });\n    }\n\n    return onSubmit;\n  }();\n\n  Login.prototype.render = function () {\n    function render() {\n      return React.createElement(\n        \"div\",\n        {\n          className: \"boxed-view\"\n        },\n        React.createElement(\n          \"div\",\n          {\n            className: \"boxed-view__box\"\n          },\n          React.createElement(\n            \"h1\",\n            null,\n            \"Login\"\n          ),\n          this.state.error ? React.createElement(\n            \"p\",\n            null,\n            this.state.error\n          ) : undefined,\n          React.createElement(\n            \"form\",\n            {\n              ClassName: \"loginform\",\n              onSubmit: this.onSubmit.bind(this),\n              noValidate: true,\n              className: \"boxed-view__form\"\n            },\n            React.createElement(\"input\", {\n              type: \"email\",\n              ref: \"email\",\n              name: \"email\",\n              placeholder: \"example@example.com\"\n            }),\n            React.createElement(\"input\", {\n              type: \"password\",\n              ref: \"password\",\n              name: \"password\",\n              placeholder: \"password\"\n            }),\n            React.createElement(\n              \"button\",\n              {\n                className: \"button\"\n              },\n              \"Login\"\n            )\n          ),\n          React.createElement(\n            Link,\n            {\n              to: \"/Signup\"\n            },\n            \"Have an account?\"\n          )\n        )\n      );\n    }\n\n    return render;\n  }();\n\n  return Login;\n}(React.Component);\n\nLogin.propsTypes = {\n  loginWithPassword: propTypes.func.isRequired\n};\nmodule.exportDefault(createContainer(function () {\n  return {\n    loginWithPassword: Meteor.loginWithPassword\n  };\n}, Login));","map":{"version":3,"sources":["imports/ui/Login.js"],"names":["module","export","Login","React","watch","require","v","withRouter","Link","Meteor","propTypes","createContainer","props","state","error","onSubmit","e","preventDefault","email","refs","value","trim","password","loginWithPassword","err","setState","history","push","render","undefined","bind","Component","propsTypes","func","isRequired","exportDefault"],"mappings":";;;;;;;;;;;;;;AAAAA,OAAOC,MAAP,CAAc;AAACC,SAAM;AAAA,WAAIA,KAAJ;AAAA;AAAP,CAAd;AAAiC,IAAIC,cAAJ;AAAUH,OAAOI,KAAP,CAAaC,QAAQ,OAAR,CAAb,EAA8B;AAAA,uBAASC,CAAT,EAAW;AAACH,YAAMG,CAAN;AAAQ;AAApB,CAA9B,EAAoD,CAApD;AAAuD,IAAIC,mBAAJ;AAAA,IAAeC,aAAf;AAAoBR,OAAOI,KAAP,CAAaC,QAAQ,kBAAR,CAAb,EAAyC;AAACE,YAAD,YAAYD,CAAZ,EAAc;AAACC,iBAAWD,CAAX;AAAa,GAA5B;AAA6BE,MAA7B,YAAkCF,CAAlC,EAAoC;AAACE,WAAKF,CAAL;AAAO;AAA5C,CAAzC,EAAuF,CAAvF;AAA0F,IAAIG,eAAJ;AAAWT,OAAOI,KAAP,CAAaC,QAAQ,eAAR,CAAb,EAAsC;AAACI,QAAD,YAAQH,CAAR,EAAU;AAACG,aAAOH,CAAP;AAAS;AAApB,CAAtC,EAA4D,CAA5D;AAA+D,IAAII,kBAAJ;AAAcV,OAAOI,KAAP,CAAaC,QAAQ,YAAR,CAAb,EAAmC;AAAA,uBAASC,CAAT,EAAW;AAACI,gBAAUJ,CAAV;AAAY;AAAxB,CAAnC,EAA6D,CAA7D;AAAgE,IAAIK,wBAAJ;AAAoBX,OAAOI,KAAP,CAAaC,QAAQ,0BAAR,CAAb,EAAiD;AAACM,iBAAD,YAAiBL,CAAjB,EAAmB;AAACK,sBAAgBL,CAAhB;AAAkB;AAAtC,CAAjD,EAAyF,CAAzF;;IAM/WJ,K;;;AACX,iBAAYU,KAAZ,EAAmB;AAAA;;AAAA,+DACjB,4BAAMA,KAAN,CADiB;;AAEjB,UAAKC,KAAL,GAAa;AACXC,aAAO;AADI,KAAb;AAFiB;AAKlB;;kBACDC,Q;sBAASC,C,EAAG;AAAA;;AACVA,QAAEC,cAAF;AAEA,UAAIC,QAAQ,KAAKC,IAAL,CAAUD,KAAV,CAAgBE,KAAhB,CAAsBC,IAAtB,EAAZ;AACA,UAAIC,WAAW,KAAKH,IAAL,CAAUG,QAAV,CAAmBF,KAAnB,CAAyBC,IAAzB,EAAf;AAEA,WAAKT,KAAL,CAAWW,iBAAX,CAA6B;AAACL;AAAD,OAA7B,EAAsCI,QAAtC,EAAgD,UAACE,GAAD,EAAS;AACvD,YAAIA,GAAJ,EAAS;AACP,iBAAKC,QAAL,CAAc;AAACX,mBAAO;AAAR,WAAd;AACD,SAFD,MAEO;AACL,iBAAKW,QAAL,CAAc;AAACX,mBAAO;AAAR,WAAd;;AACA,iBAAKF,KAAL,CAAWc,OAAX,CAAmBC,IAAnB,CAAwB,YAAxB;AACD;AACF,OAPD;AAQD;;;;;kBACDC,M;sBAAS;AACP,aACE;AAAA;AAAA;AAAK,qBAAU;AAAf;AACE;AAAA;AAAA;AAAK,uBAAU;AAAf;AACE;AAAA;AAAA;AAAA;AAAA,WADF;AAGG,eAAKf,KAAL,CAAWC,KAAX,GAAmB;AAAA;AAAA;AAAI,iBAAKD,KAAL,CAAWC;AAAf,WAAnB,GAA+Ce,SAHlD;AAKE;AAAA;AAAA;AAAM,yBAAU,WAAhB;AAA4B,wBAAU,KAAKd,QAAL,CAAce,IAAd,CAAmB,IAAnB,CAAtC;AAAgE,8BAAhE;AAA2E,yBAAU;AAArF;AACE;AAAO,oBAAK,OAAZ;AAAoB,mBAAI,OAAxB;AAAgC,oBAAK,OAArC;AAA6C,2BAAY;AAAzD,cADF;AAEE;AAAO,oBAAK,UAAZ;AAAuB,mBAAI,UAA3B;AAAsC,oBAAK,UAA3C;AAAsD,2BAAY;AAAlE,cAFF;AAGE;AAAA;AAAA;AAAQ,2BAAU;AAAlB;AAAA;AAAA;AAHF,WALF;AAWE;AAAC,gBAAD;AAAA;AAAM,kBAAG;AAAT;AAAA;AAAA;AAXF;AADF,OADF;AAiBD;;;;;;EAxCwB3B,MAAM4B,S;;AA2CjC7B,MAAM8B,UAAN,GAAmB;AACjBT,qBAAmBb,UAAUuB,IAAV,CAAeC;AADjB,CAAnB;AAjDAlC,OAAOmC,aAAP,CAqDexB,gBAAgB,YAAM;AACnC,SAAO;AACLY,uBAAmBd,OAAOc;AADrB,GAAP;AAGD,CAJc,EAIZrB,KAJY,CArDf","file":"imports/ui/Login.js.map","sourcesContent":["import React from 'react';\nimport { withRouter, Link } from 'react-router-dom';\nimport { Meteor } from 'meteor/meteor';\nimport propTypes from 'prop-types';\nimport { createContainer } from 'meteor/react-meteor-data';\n\nexport class Login extends React.Component {\n  constructor(props) {\n    super(props);\n    this.state = {\n      error: ''\n    };\n  }\n  onSubmit(e) {\n    e.preventDefault();\n\n    let email = this.refs.email.value.trim();\n    let password = this.refs.password.value.trim();\n\n    this.props.loginWithPassword({email}, password, (err) => {\n      if (err) {\n        this.setState({error: 'Unable to login.'});\n      } else {\n        this.setState({error: ''});\n        this.props.history.push('/dashboard');\n      }\n    });\n  }\n  render() {\n    return (\n      <div className=\"boxed-view\">\n        <div className=\"boxed-view__box\">\n          <h1>Login</h1>\n\n          {this.state.error ? <p>{this.state.error}</p> : undefined}\n\n          <form ClassName=\"loginform\" onSubmit={this.onSubmit.bind(this)} noValidate className=\"boxed-view__form\">\n            <input type=\"email\" ref=\"email\" name=\"email\" placeholder=\"example@example.com\"/>\n            <input type=\"password\" ref=\"password\" name=\"password\" placeholder=\"password\"/>\n            <button className=\"button\">Login</button>\n          </form>\n\n          <Link to=\"/Signup\">Have an account?</Link>\n        </div>\n      </div>\n    );\n  }\n}\n\nLogin.propsTypes = {\n  loginWithPassword: propTypes.func.isRequired\n};\n\nexport default createContainer(() => {\n  return {\n    loginWithPassword: Meteor.loginWithPassword\n  };\n}, Login);\n"]},"hash":"4b4c865a8c975790c6db9762d7935b96f642b21a"}
