{"metadata":{"usedHelpers":[],"marked":[],"modules":{"imports":[],"exports":{"exported":[],"specifiers":[]}}},"options":{"filename":"packages/practicalmeteor:mocha/test/acceptance/misc/only/bdd.js","filenameRelative":"packages/practicalmeteor:mocha/test/acceptance/misc/only/bdd.js","env":{"development":{"plugins":[]}},"retainLines":false,"highlightCode":true,"suppressDeprecationMessages":false,"presets":[],"plugins":[[[],{"generateLetDeclarations":true,"enforceStrictMode":false}],[[],null],[[],{"polyfill":false}],[[],null],[[],null],[[],null],[[],{"allowTopLevelThis":true,"strict":false,"loose":true}],[[],null],[[],null],[[],null],[[],null],[[],null],[[],null],[[],null],[[],null],[[],null],[[],null],[[],null],[[],null],[[],{"loose":true}],[[],{"loose":true}],[[],null],[[],{"loose":true}],[[],null],[[],null],[[],null],[[],null],[[],null],[[],null],[[],{"loose":true}],[[],null],[[],null],[[],null],[[],null],[[],null],[[],null],[[],null]],"ignore":[],"code":true,"metadata":true,"ast":true,"comments":true,"compact":false,"minified":false,"sourceMap":true,"sourceMaps":true,"sourceMapTarget":"packages/practicalmeteor:mocha/test/acceptance/misc/only/bdd.js.map","sourceFileName":"packages/practicalmeteor:mocha/test/acceptance/misc/only/bdd.js","babelrc":false,"sourceType":"module","moduleIds":false,"passPerPreset":false,"parserOpts":false,"generatorOpts":false,"basename":"bdd"},"ignored":false,"code":"describe('should only run .only test in this bdd suite', function () {\n  it('should not run this test', function () {\n    var zero = 0;\n    zero.should.equal(1, 'this test should have been skipped');\n  });\n  it.only('should run this test', function () {\n    var zero = 0;\n    zero.should.equal(0, 'this .only test should run');\n  });\n  it('should run this test, not (includes the title of the .only test)', function () {\n    var zero = 0;\n    zero.should.equal(1, 'this test should have been skipped');\n  });\n});","map":{"version":3,"sources":["packages/practicalmeteor:mocha/test/acceptance/misc/only/bdd.js"],"names":["describe","it","zero","should","equal","only"],"mappings":"AAAAA,SAAS,8CAAT,EAAyD,YAAW;AAClEC,KAAG,0BAAH,EAA+B,YAAW;AACxC,QAAIC,OAAO,CAAX;AACAA,SAAKC,MAAL,CAAYC,KAAZ,CAAkB,CAAlB,EAAqB,oCAArB;AACD,GAHD;AAIAH,KAAGI,IAAH,CAAQ,sBAAR,EAAgC,YAAW;AACzC,QAAIH,OAAO,CAAX;AACAA,SAAKC,MAAL,CAAYC,KAAZ,CAAkB,CAAlB,EAAqB,4BAArB;AACD,GAHD;AAIAH,KAAG,kEAAH,EAAuE,YAAW;AAChF,QAAIC,OAAO,CAAX;AACAA,SAAKC,MAAL,CAAYC,KAAZ,CAAkB,CAAlB,EAAqB,oCAArB;AACD,GAHD;AAID,CAbD","file":"packages/practicalmeteor:mocha/test/acceptance/misc/only/bdd.js.map","sourcesContent":["describe('should only run .only test in this bdd suite', function() {\n  it('should not run this test', function() {\n    var zero = 0;\n    zero.should.equal(1, 'this test should have been skipped');\n  });\n  it.only('should run this test', function() {\n    var zero = 0;\n    zero.should.equal(0, 'this .only test should run');\n  });\n  it('should run this test, not (includes the title of the .only test)', function() {\n    var zero = 0;\n    zero.should.equal(1, 'this test should have been skipped');\n  });\n});\n"]},"hash":"4d5b0831a3249150ac9dd38e1a83b8ea2a9276da"}
