{"metadata":{"usedHelpers":[],"marked":[],"modules":{"imports":[{"source":"react","imported":["default"],"specifiers":[{"kind":"named","imported":"default","local":"React"}]},{"source":"meteor/accounts-base","imported":["Accounts"],"specifiers":[{"kind":"named","imported":"Accounts","local":"Accounts"}]},{"source":"prop-types","imported":["default"],"specifiers":[{"kind":"named","imported":"default","local":"propTypes"}]}],"exports":{"exported":[],"specifiers":[]}}},"options":{"filename":"imports/ui/PrivateHeader.js","filenameRelative":"imports/ui/PrivateHeader.js","env":{"development":{"plugins":[]}},"retainLines":false,"highlightCode":true,"suppressDeprecationMessages":false,"presets":[],"plugins":[[[],{"generateLetDeclarations":true,"enforceStrictMode":false}],[[],null],[[],{"polyfill":false}],[[],null],[[],null],[[],null],[[],{"allowTopLevelThis":true,"strict":false,"loose":true}],[[],null],[[],null],[[],null],[[],null],[[],null],[[],null],[[],null],[[],null],[[],null],[[],null],[[],null],[[],null],[[],{"loose":true}],[[],{"loose":true}],[[],null],[[],{"loose":true}],[[],null],[[],null],[[],null],[[],null],[[],null],[[],null],[[],{"loose":true}],[[],null],[[],null],[[],null],[[],null],[[],null],[[],null],[[],null]],"ignore":[],"code":true,"metadata":true,"ast":true,"comments":true,"compact":false,"minified":false,"sourceMap":true,"sourceMaps":true,"sourceMapTarget":"imports/ui/PrivateHeader.js.map","sourceFileName":"imports/ui/PrivateHeader.js","babelrc":false,"sourceType":"module","moduleIds":false,"passPerPreset":false,"parserOpts":false,"generatorOpts":false,"basename":"PrivateHeader"},"ignored":false,"code":"var React = void 0;\nmodule.watch(require(\"react\"), {\n  \"default\": function (v) {\n    React = v;\n  }\n}, 0);\nvar Accounts = void 0;\nmodule.watch(require(\"meteor/accounts-base\"), {\n  Accounts: function (v) {\n    Accounts = v;\n  }\n}, 1);\nvar propTypes = void 0;\nmodule.watch(require(\"prop-types\"), {\n  \"default\": function (v) {\n    propTypes = v;\n  }\n}, 2);\n\nvar PrivateHeader = function (props) {\n  return React.createElement(\n    \"div\",\n    {\n      className: \"header\"\n    },\n    React.createElement(\n      \"div\",\n      {\n        className: \"header__content\"\n      },\n      React.createElement(\n        \"h1\",\n        {\n          className: \"header__title\"\n        },\n        props.title\n      ),\n      React.createElement(\n        \"button\",\n        {\n          className: \"button button--link-text\",\n          onClick: function () {\n            Accounts.logout();\n          }\n        },\n        \"Logout\"\n      )\n    )\n  );\n};\n\nPrivateHeader.propTypes = {\n  title: propTypes.string.isRequired\n};\nmodule.exportDefault(PrivateHeader);","map":{"version":3,"sources":["imports/ui/PrivateHeader.js"],"names":["React","module","watch","require","v","Accounts","propTypes","PrivateHeader","props","title","logout","string","isRequired","exportDefault"],"mappings":"AAAA,IAAIA,cAAJ;AAAUC,OAAOC,KAAP,CAAaC,QAAQ,OAAR,CAAb,EAA8B;AAAA,uBAASC,CAAT,EAAW;AAACJ,YAAMI,CAAN;AAAQ;AAApB,CAA9B,EAAoD,CAApD;AAAuD,IAAIC,iBAAJ;AAAaJ,OAAOC,KAAP,CAAaC,QAAQ,sBAAR,CAAb,EAA6C;AAACE,UAAD,YAAUD,CAAV,EAAY;AAACC,eAASD,CAAT;AAAW;AAAxB,CAA7C,EAAuE,CAAvE;AAA0E,IAAIE,kBAAJ;AAAcL,OAAOC,KAAP,CAAaC,QAAQ,YAAR,CAAb,EAAmC;AAAA,uBAASC,CAAT,EAAW;AAACE,gBAAUF,CAAV;AAAY;AAAxB,CAAnC,EAA6D,CAA7D;;AAItK,IAAMG,gBAAgB,UAACC,KAAD,EAAW;AAC/B,SACE;AAAA;AAAA;AAAK,iBAAU;AAAf;AACE;AAAA;AAAA;AAAK,mBAAU;AAAf;AACE;AAAA;AAAA;AAAI,qBAAU;AAAd;AAA+BA,cAAMC;AAArC,OADF;AAEE;AAAA;AAAA;AAAQ,qBAAU,0BAAlB;AAA6C,mBAAS,YAAM;AAC1DJ,qBAASK,MAAT;AACD;AAFD;AAAA;AAAA;AAFF;AADF,GADF;AAUD,CAXD;;AAaAH,cAAcD,SAAd,GAA0B;AACxBG,SAAOH,UAAUK,MAAV,CAAiBC;AADA,CAA1B;AAjBAX,OAAOY,aAAP,CAqBeN,aArBf","file":"imports/ui/PrivateHeader.js.map","sourcesContent":["import React from 'react';\nimport { Accounts } from 'meteor/accounts-base';\nimport propTypes from 'prop-types';\n\nconst PrivateHeader = (props) => {\n  return (\n    <div className=\"header\">\n      <div className=\"header__content\">\n        <h1 className=\"header__title\">{props.title}</h1>\n        <button className=\"button button--link-text\" onClick={() => {\n          Accounts.logout();\n        }}>Logout</button>\n      </div>\n    </div>\n  );\n};\n\nPrivateHeader.propTypes = {\n  title: propTypes.string.isRequired\n};\n\nexport default PrivateHeader;\n"]},"hash":"4dcccfa080ca9068e5fa6a78511d604027c48529"}
