{"metadata":{"usedHelpers":[],"marked":[],"modules":{"imports":[{"source":"meteor/meteor","imported":["Meteor"],"specifiers":[{"kind":"named","imported":"Meteor","local":"Meteor"}]},{"source":"expect","imported":["default"],"specifiers":[{"kind":"named","imported":"default","local":"expect"}]},{"source":"./notes","imported":["Notes"],"specifiers":[{"kind":"named","imported":"Notes","local":"Notes"}]}],"exports":{"exported":[],"specifiers":[]}}},"options":{"filename":"imports/api/notes.test.js","filenameRelative":"imports/api/notes.test.js","env":{"development":{"plugins":[]}},"retainLines":false,"highlightCode":true,"suppressDeprecationMessages":false,"presets":[],"plugins":[[[],{"generateLetDeclarations":true,"enforceStrictMode":false}],[[],null],[[],{"polyfill":false}],[[],null],[[],null],[[],null],[[],{"allowTopLevelThis":true,"strict":false,"loose":true}],[[],null],[[],null],[[],null],[[],null],[[],null],[[],null],[[],null],[[],null],[[],null],[[],null],[[],null],[[],null],[[],{"loose":true}],[[],{"loose":true}],[[],null],[[],{"loose":true}],[[],null],[[],null],[[],null],[[],null],[[],null],[[],null],[[],{"loose":true}],[[],null],[[],null],[[],null],[[],null],[[],null],[[],null],[[],null]],"ignore":[],"code":true,"metadata":true,"ast":true,"comments":true,"compact":false,"minified":false,"sourceMap":true,"sourceMaps":true,"sourceMapTarget":"imports/api/notes.test.js.map","sourceFileName":"imports/api/notes.test.js","babelrc":false,"sourceType":"module","moduleIds":false,"passPerPreset":false,"parserOpts":false,"generatorOpts":false,"basename":"notes.test"},"ignored":false,"code":"var Meteor = void 0;\nmodule.watch(require(\"meteor/meteor\"), {\n  Meteor: function (v) {\n    Meteor = v;\n  }\n}, 0);\nvar expect = void 0;\nmodule.watch(require(\"expect\"), {\n  \"default\": function (v) {\n    expect = v;\n  }\n}, 1);\nvar Notes = void 0;\nmodule.watch(require(\"./notes\"), {\n  Notes: function (v) {\n    Notes = v;\n  }\n}, 2);\n\nif (Meteor.isServer) {\n  describe('notes', function () {\n    beforeEach(function () {\n      Notes.remove({});\n      Notes.insert({\n        _id: 'testNoteId1',\n        title: 'test',\n        body: 'my body test',\n        updateAt: 0,\n        userId: 'testUserId1'\n      });\n    });\n    it('should insert a new note', function () {\n      var userId = 'testid';\n\n      var _id = Meteor.server.method_handlers['notes.insert'].apply({\n        userId: userId\n      });\n\n      expect(Notes.findOne({\n        _id: _id,\n        userId: userId\n      })).toBeTruthy();\n    });\n    it('should not insert a new note if not authenticated', function () {\n      expect(function () {\n        Meteor.server.method_handlers['notes.insert']();\n      }).toThrow();\n    });\n    it('should remove a note', function () {\n      Meteor.server.method_handlers['notes.remove'].apply({\n        userId: 'testUserId1'\n      }, ['testNoteId1']);\n      expect(Notes.findOne({\n        _id: 'testNoteId1'\n      })).toBeFalsy();\n    });\n    it('should not remove a note if unauthenticated', function () {\n      expect(function () {}).toThrow();\n    });\n  });\n}","map":{"version":3,"sources":["imports/api/notes.test.js"],"names":["Meteor","module","watch","require","v","expect","Notes","isServer","describe","beforeEach","remove","insert","_id","title","body","updateAt","userId","it","server","method_handlers","apply","findOne","toBeTruthy","toThrow","toBeFalsy"],"mappings":"AAAA,IAAIA,eAAJ;AAAWC,OAAOC,KAAP,CAAaC,QAAQ,eAAR,CAAb,EAAsC;AAACH,QAAD,YAAQI,CAAR,EAAU;AAACJ,aAAOI,CAAP;AAAS;AAApB,CAAtC,EAA4D,CAA5D;AAA+D,IAAIC,eAAJ;AAAWJ,OAAOC,KAAP,CAAaC,QAAQ,QAAR,CAAb,EAA+B;AAAA,uBAASC,CAAT,EAAW;AAACC,aAAOD,CAAP;AAAS;AAArB,CAA/B,EAAsD,CAAtD;AAAyD,IAAIE,cAAJ;AAAUL,OAAOC,KAAP,CAAaC,QAAQ,SAAR,CAAb,EAAgC;AAACG,OAAD,YAAOF,CAAP,EAAS;AAACE,YAAMF,CAAN;AAAQ;AAAlB,CAAhC,EAAoD,CAApD;;AAKxJ,IAAIJ,OAAOO,QAAX,EAAqB;AACnBC,WAAS,OAAT,EAAkB,YAAY;AAE5BC,eAAW,YAAY;AACrBH,YAAMI,MAAN,CAAa,EAAb;AACAJ,YAAMK,MAAN,CAAa;AACXC,aAAK,aADM;AAEXC,eAAO,MAFI;AAGXC,cAAM,cAHK;AAIXC,kBAAU,CAJC;AAKXC,gBAAQ;AALG,OAAb;AAOD,KATD;AAWAC,OAAG,0BAAH,EAA+B,YAAY;AACzC,UAAMD,SAAS,QAAf;;AACA,UAAMJ,MAAMZ,OAAOkB,MAAP,CAAcC,eAAd,CAA8B,cAA9B,EAA8CC,KAA9C,CAAoD;AAAEJ;AAAF,OAApD,CAAZ;;AAEAX,aAAOC,MAAMe,OAAN,CAAc;AAAET,gBAAF;AAAOI;AAAP,OAAd,CAAP,EAAuCM,UAAvC;AACD,KALD;AAOAL,OAAG,mDAAH,EAAwD,YAAY;AAClEZ,aAAO,YAAM;AACXL,eAAOkB,MAAP,CAAcC,eAAd,CAA8B,cAA9B;AACD,OAFD,EAEGI,OAFH;AAGD,KAJD;AAMAN,OAAG,sBAAH,EAA2B,YAAW;AACpCjB,aAAOkB,MAAP,CAAcC,eAAd,CAA8B,cAA9B,EAA8CC,KAA9C,CAAoD;AAAEJ,gBAAQ;AAAV,OAApD,EAA+E,CAAC,aAAD,CAA/E;AAEAX,aAAOC,MAAMe,OAAN,CAAc;AAAET,aAAK;AAAP,OAAd,CAAP,EAA8CY,SAA9C;AACD,KAJD;AAMAP,OAAG,6CAAH,EAAkD,YAAY;AAC5DZ,aAAO,YAAM,CAEZ,CAFD,EAEGkB,OAFH;AAGD,KAJD;AAKD,GArCD;AAsCD","file":"imports/api/notes.test.js.map","sourcesContent":["import { Meteor } from 'meteor/meteor';\nimport expect from 'expect';\n\nimport { Notes } from './notes';\n\nif (Meteor.isServer) {\n  describe('notes', function () {\n\n    beforeEach(function () {\n      Notes.remove({});\n      Notes.insert({\n        _id: 'testNoteId1',\n        title: 'test',\n        body: 'my body test',\n        updateAt: 0,\n        userId: 'testUserId1'\n      })\n    });\n\n    it('should insert a new note', function () {\n      const userId = 'testid';\n      const _id = Meteor.server.method_handlers['notes.insert'].apply({ userId });\n\n      expect(Notes.findOne({ _id, userId })).toBeTruthy();\n    });\n\n    it('should not insert a new note if not authenticated', function () {\n      expect(() => {\n        Meteor.server.method_handlers['notes.insert']();\n      }).toThrow();\n    });\n\n    it('should remove a note', function() {\n      Meteor.server.method_handlers['notes.remove'].apply({ userId: 'testUserId1' }, ['testNoteId1']);\n\n      expect(Notes.findOne({ _id: 'testNoteId1' })).toBeFalsy();\n    });\n\n    it('should not remove a note if unauthenticated', function () {\n      expect(() => {\n\n      }).toThrow();\n    })\n  });\n}\n"]},"hash":"4ed01b086bc774d98d0333c512eba228934c5620"}
