{"metadata":{"usedHelpers":[],"marked":[],"modules":{"imports":[],"exports":{"exported":[],"specifiers":[]}}},"options":{"filename":"packages/practicalmeteor:mocha/test/mocha.js","filenameRelative":"packages/practicalmeteor:mocha/test/mocha.js","env":{"development":{"plugins":[]}},"retainLines":false,"highlightCode":true,"suppressDeprecationMessages":false,"presets":[],"plugins":[[[],{"generateLetDeclarations":true,"enforceStrictMode":false}],[[],null],[[],{"polyfill":false}],[[],null],[[],null],[[],null],[[],{"allowTopLevelThis":true,"strict":false,"loose":true}],[[],null],[[],null],[[],null],[[],null],[[],null],[[],null],[[],null],[[],null],[[],null],[[],null],[[],null],[[],null],[[],{"loose":true}],[[],{"loose":true}],[[],null],[[],{"loose":true}],[[],null],[[],null],[[],null],[[],null],[[],null],[[],null],[[],{"loose":true}],[[],null],[[],null],[[],null],[[],null],[[],null],[[],null],[[],null]],"ignore":[],"code":true,"metadata":true,"ast":true,"comments":true,"compact":false,"minified":false,"sourceMap":true,"sourceMaps":true,"sourceMapTarget":"packages/practicalmeteor:mocha/test/mocha.js.map","sourceFileName":"packages/practicalmeteor:mocha/test/mocha.js","babelrc":false,"sourceType":"module","moduleIds":false,"passPerPreset":false,"parserOpts":false,"generatorOpts":false,"basename":"mocha"},"ignored":false,"code":"var Mocha = require('../');\n\nvar Test = Mocha.Test;\ndescribe('Mocha', function () {\n  var blankOpts = {\n    reporter: function () {}\n  }; // no output\n\n  describe('.run(fn)', function () {\n    it('should not raise errors if callback was not provided', function () {\n      var mocha = new Mocha(blankOpts);\n      mocha.run();\n    });\n    it('should execute the callback when complete', function (done) {\n      var mocha = new Mocha(blankOpts);\n      mocha.run(function () {\n        done();\n      });\n    });\n    it('should execute the callback with the number of failures ' + 'as parameter', function (done) {\n      var mocha = new Mocha(blankOpts);\n      var failingTest = new Test('failing test', function () {\n        throw new Error('such fail');\n      });\n      mocha.suite.addTest(failingTest);\n      mocha.run(function (failures) {\n        failures.should.equal(1);\n        done();\n      });\n    });\n  });\n});","map":{"version":3,"sources":["packages/practicalmeteor:mocha/test/mocha.js"],"names":["Mocha","require","Test","describe","blankOpts","reporter","it","mocha","run","done","failingTest","Error","suite","addTest","failures","should","equal"],"mappings":"AAAA,IAAIA,QAAQC,QAAQ,KAAR,CAAZ;;AACA,IAAIC,OAAOF,MAAME,IAAjB;AAEAC,SAAS,OAAT,EAAkB,YAAU;AAC1B,MAAIC,YAAY;AAAEC,cAAU,YAAU,CAAE;AAAxB,GAAhB,CAD0B,CACkB;;AAE5CF,WAAS,UAAT,EAAqB,YAAU;AAC7BG,OAAG,sDAAH,EAA2D,YAAU;AACnE,UAAIC,QAAQ,IAAIP,KAAJ,CAAUI,SAAV,CAAZ;AACAG,YAAMC,GAAN;AACD,KAHD;AAKAF,OAAG,2CAAH,EAAgD,UAASG,IAAT,EAAe;AAC7D,UAAIF,QAAQ,IAAIP,KAAJ,CAAUI,SAAV,CAAZ;AACAG,YAAMC,GAAN,CAAU,YAAU;AAClBC;AACD,OAFD;AAGD,KALD;AAOAH,OAAG,6DACD,cADF,EACkB,UAASG,IAAT,EAAe;AAC/B,UAAIF,QAAQ,IAAIP,KAAJ,CAAUI,SAAV,CAAZ;AACA,UAAIM,cAAc,IAAIR,IAAJ,CAAS,cAAT,EAAyB,YAAU;AACnD,cAAM,IAAIS,KAAJ,CAAU,WAAV,CAAN;AACD,OAFiB,CAAlB;AAGAJ,YAAMK,KAAN,CAAYC,OAAZ,CAAoBH,WAApB;AACAH,YAAMC,GAAN,CAAU,UAASM,QAAT,EAAmB;AAC3BA,iBAASC,MAAT,CAAgBC,KAAhB,CAAsB,CAAtB;AACAP;AACD,OAHD;AAID,KAXD;AAYD,GAzBD;AA0BD,CA7BD","file":"packages/practicalmeteor:mocha/test/mocha.js.map","sourcesContent":["var Mocha = require('../');\nvar Test = Mocha.Test;\n\ndescribe('Mocha', function(){\n  var blankOpts = { reporter: function(){} }; // no output\n\n  describe('.run(fn)', function(){\n    it('should not raise errors if callback was not provided', function(){\n      var mocha = new Mocha(blankOpts);\n      mocha.run();\n    })\n\n    it('should execute the callback when complete', function(done) {\n      var mocha = new Mocha(blankOpts);\n      mocha.run(function(){\n        done();\n      })\n    })\n\n    it('should execute the callback with the number of failures '+\n      'as parameter', function(done) {\n      var mocha = new Mocha(blankOpts);\n      var failingTest = new Test('failing test', function(){\n        throw new Error('such fail');\n      });\n      mocha.suite.addTest(failingTest);\n      mocha.run(function(failures) {\n        failures.should.equal(1);\n        done();\n      });\n    })\n  })\n})\n"]},"hash":"4efee81fd4d07ba6664cc087a67cd180a57020c8"}
