{"metadata":{"usedHelpers":[],"marked":[],"modules":{"imports":[],"exports":{"exported":[],"specifiers":[]}}},"options":{"filename":"packages/practicalmeteor:mocha/test/integration/fixtures/multiple.done.js","filenameRelative":"packages/practicalmeteor:mocha/test/integration/fixtures/multiple.done.js","env":{"development":{"plugins":[]}},"retainLines":false,"highlightCode":true,"suppressDeprecationMessages":false,"presets":[],"plugins":[[[],{"generateLetDeclarations":true,"enforceStrictMode":false}],[[],null],[[],{"polyfill":false}],[[],null],[[],null],[[],null],[[],{"allowTopLevelThis":true,"strict":false,"loose":true}],[[],null],[[],null],[[],null],[[],null],[[],null],[[],null],[[],null],[[],null],[[],null],[[],null],[[],null],[[],null],[[],{"loose":true}],[[],{"loose":true}],[[],null],[[],{"loose":true}],[[],null],[[],null],[[],null],[[],null],[[],null],[[],null],[[],{"loose":true}],[[],null],[[],null],[[],null],[[],null],[[],null],[[],null],[[],null]],"ignore":[],"code":true,"metadata":true,"ast":true,"comments":true,"compact":false,"minified":false,"sourceMap":true,"sourceMaps":true,"sourceMapTarget":"packages/practicalmeteor:mocha/test/integration/fixtures/multiple.done.js.map","sourceFileName":"packages/practicalmeteor:mocha/test/integration/fixtures/multiple.done.js","babelrc":false,"sourceType":"module","moduleIds":false,"passPerPreset":false,"parserOpts":false,"generatorOpts":false,"basename":"multiple.done"},"ignored":false,"code":"// The suite below should result in an additional error, but does\n// not. Uncomment once this bug is resolved.\n// describe('suite', function() {\n//   beforeEach(function(done) {\n//     done();\n//     done();\n//   });\n//   it('test', function() {});\n// });\nit('should fail in a test-case', function (done) {\n  process.nextTick(function () {\n    done();\n    done();\n  });\n});","map":{"version":3,"sources":["packages/practicalmeteor:mocha/test/integration/fixtures/multiple.done.js"],"names":["it","done","process","nextTick"],"mappings":"AAAA;AACA;AAEA;AACA;AACA;AACA;AACA;AAEA;AACA;AAEAA,GAAG,4BAAH,EAAiC,UAASC,IAAT,EAAe;AAC9CC,UAAQC,QAAR,CAAiB,YAAU;AACzBF;AACAA;AACD,GAHD;AAID,CALD","file":"packages/practicalmeteor:mocha/test/integration/fixtures/multiple.done.js.map","sourcesContent":["// The suite below should result in an additional error, but does\n// not. Uncomment once this bug is resolved.\n\n// describe('suite', function() {\n//   beforeEach(function(done) {\n//     done();\n//     done();\n//   });\n\n//   it('test', function() {});\n// });\n\nit('should fail in a test-case', function(done) {\n  process.nextTick(function(){\n    done();\n    done();\n  });\n});\n"]},"hash":"4f573585d74b0e391c16e42e7e5454746117111c"}
