{"metadata":{"usedHelpers":[],"marked":[],"modules":{"imports":[],"exports":{"exported":[],"specifiers":[]}}},"options":{"filename":"packages/practicalmeteor:mocha/test/acceptance/require/require.js","filenameRelative":"packages/practicalmeteor:mocha/test/acceptance/require/require.js","env":{"development":{"plugins":[]}},"retainLines":false,"highlightCode":true,"suppressDeprecationMessages":false,"presets":[],"plugins":[[[],{"generateLetDeclarations":true,"enforceStrictMode":false}],[[],null],[[],{"polyfill":false}],[[],null],[[],null],[[],null],[[],{"allowTopLevelThis":true,"strict":false,"loose":true}],[[],null],[[],null],[[],null],[[],null],[[],null],[[],null],[[],null],[[],null],[[],null],[[],null],[[],null],[[],null],[[],{"loose":true}],[[],{"loose":true}],[[],null],[[],{"loose":true}],[[],null],[[],null],[[],null],[[],null],[[],null],[[],null],[[],{"loose":true}],[[],null],[[],null],[[],null],[[],null],[[],null],[[],null],[[],null]],"ignore":[],"code":true,"metadata":true,"ast":true,"comments":true,"compact":false,"minified":false,"sourceMap":true,"sourceMaps":true,"sourceMapTarget":"packages/practicalmeteor:mocha/test/acceptance/require/require.js.map","sourceFileName":"packages/practicalmeteor:mocha/test/acceptance/require/require.js","babelrc":false,"sourceType":"module","moduleIds":false,"passPerPreset":false,"parserOpts":false,"generatorOpts":false,"basename":"require"},"ignored":false,"code":"describe('require test', function () {\n  it('should require args in order', function () {\n    var req = global.required;\n    req.indexOf('a.js').should.equal(0);\n    req.indexOf('b.coffee').should.equal(1);\n    req.indexOf('c.js').should.equal(2);\n    req.indexOf('d.coffee').should.equal(3);\n  });\n});","map":{"version":3,"sources":["packages/practicalmeteor:mocha/test/acceptance/require/require.js"],"names":["describe","it","req","global","required","indexOf","should","equal"],"mappings":"AAAAA,SAAS,cAAT,EAAyB,YAAU;AACjCC,KAAG,8BAAH,EAAmC,YAAU;AAC3C,QAAIC,MAAMC,OAAOC,QAAjB;AACAF,QAAIG,OAAJ,CAAY,MAAZ,EAAoBC,MAApB,CAA2BC,KAA3B,CAAiC,CAAjC;AACAL,QAAIG,OAAJ,CAAY,UAAZ,EAAwBC,MAAxB,CAA+BC,KAA/B,CAAqC,CAArC;AACAL,QAAIG,OAAJ,CAAY,MAAZ,EAAoBC,MAApB,CAA2BC,KAA3B,CAAiC,CAAjC;AACAL,QAAIG,OAAJ,CAAY,UAAZ,EAAwBC,MAAxB,CAA+BC,KAA/B,CAAqC,CAArC;AACD,GAND;AAOD,CARD","file":"packages/practicalmeteor:mocha/test/acceptance/require/require.js.map","sourcesContent":["describe('require test', function(){\n  it('should require args in order', function(){\n    var req = global.required;\n    req.indexOf('a.js').should.equal(0);\n    req.indexOf('b.coffee').should.equal(1);\n    req.indexOf('c.js').should.equal(2);\n    req.indexOf('d.coffee').should.equal(3);\n  })\n});\n"]},"hash":"50a50b3f7a6ada303e7a64b4ace93a9cd2552773"}
