{"metadata":{"usedHelpers":[],"marked":[],"modules":{"imports":[{"source":"meteor/practicalmeteor:mocha","imported":["MochaRunner","describe","it","before","after","beforeEach","afterEach","xdescribe","xit","specify","xspecify","context","xcontext"],"specifiers":[{"kind":"named","imported":"MochaRunner","local":"MochaRunner"},{"kind":"named","imported":"describe","local":"describe"},{"kind":"named","imported":"it","local":"it"},{"kind":"named","imported":"before","local":"before"},{"kind":"named","imported":"after","local":"after"},{"kind":"named","imported":"beforeEach","local":"beforeEach"},{"kind":"named","imported":"afterEach","local":"afterEach"},{"kind":"named","imported":"xdescribe","local":"xdescribe"},{"kind":"named","imported":"xit","local":"xit"},{"kind":"named","imported":"specify","local":"specify"},{"kind":"named","imported":"xspecify","local":"xspecify"},{"kind":"named","imported":"context","local":"context"},{"kind":"named","imported":"xcontext","local":"xcontext"}]},{"source":"meteor/practicalmeteor:chai","imported":["expect"],"specifiers":[{"kind":"named","imported":"expect","local":"expect"}]}],"exports":{"exported":[],"specifiers":[]}}},"options":{"filename":"packages/practicalmeteor:mocha/meteor/test-app/server/server-test.js","filenameRelative":"packages/practicalmeteor:mocha/meteor/test-app/server/server-test.js","env":{"development":{"plugins":[]}},"retainLines":false,"highlightCode":true,"suppressDeprecationMessages":false,"presets":[],"plugins":[[[],{"generateLetDeclarations":true,"enforceStrictMode":false}],[[],null],[[],{"polyfill":false}],[[],null],[[],null],[[],null],[[],{"allowTopLevelThis":true,"strict":false,"loose":true}],[[],null],[[],null],[[],null],[[],null],[[],null],[[],null],[[],null],[[],null],[[],null],[[],null],[[],null],[[],null],[[],{"loose":true}],[[],{"loose":true}],[[],null],[[],{"loose":true}],[[],null],[[],null],[[],null],[[],null],[[],null],[[],null],[[],{"loose":true}],[[],null],[[],null],[[],null],[[],null],[[],null],[[],null],[[],null]],"ignore":[],"code":true,"metadata":true,"ast":true,"comments":true,"compact":false,"minified":false,"sourceMap":true,"sourceMaps":true,"sourceMapTarget":"packages/practicalmeteor:mocha/meteor/test-app/server/server-test.js.map","sourceFileName":"packages/practicalmeteor:mocha/meteor/test-app/server/server-test.js","babelrc":false,"sourceType":"module","moduleIds":false,"passPerPreset":false,"parserOpts":false,"generatorOpts":false,"basename":"server-test"},"ignored":false,"code":"var MochaRunner = void 0,\n    describe = void 0,\n    it = void 0,\n    before = void 0,\n    after = void 0,\n    beforeEach = void 0,\n    afterEach = void 0,\n    xdescribe = void 0,\n    xit = void 0,\n    specify = void 0,\n    xspecify = void 0,\n    context = void 0,\n    xcontext = void 0;\nmodule.watch(require(\"meteor/practicalmeteor:mocha\"), {\n  MochaRunner: function (v) {\n    MochaRunner = v;\n  },\n  describe: function (v) {\n    describe = v;\n  },\n  it: function (v) {\n    it = v;\n  },\n  before: function (v) {\n    before = v;\n  },\n  after: function (v) {\n    after = v;\n  },\n  beforeEach: function (v) {\n    beforeEach = v;\n  },\n  afterEach: function (v) {\n    afterEach = v;\n  },\n  xdescribe: function (v) {\n    xdescribe = v;\n  },\n  xit: function (v) {\n    xit = v;\n  },\n  specify: function (v) {\n    specify = v;\n  },\n  xspecify: function (v) {\n    xspecify = v;\n  },\n  context: function (v) {\n    context = v;\n  },\n  xcontext: function (v) {\n    xcontext = v;\n  }\n}, 0);\nvar expect = void 0;\nmodule.watch(require(\"meteor/practicalmeteor:chai\"), {\n  expect: function (v) {\n    expect = v;\n  }\n}, 1);\nmodule.exportDefault(function () {\n  describe(\"Server Test\", function () {\n    it(\"this test is server side only\", function () {\n      expect(Meteor.isServer).to.be.true;\n      expect(Meteor.isClient).to.be.false;\n    });\n    it(\"require('fs) === to Npm.require('fs')\", function () {\n      expect(require('fs')).to.equal(Npm.require('fs'));\n    });\n  });\n});","map":{"version":3,"sources":["packages/practicalmeteor:mocha/meteor/test-app/server/server-test.js"],"names":["MochaRunner","describe","it","before","after","beforeEach","afterEach","xdescribe","xit","specify","xspecify","context","xcontext","module","watch","require","v","expect","exportDefault","Meteor","isServer","to","be","true","isClient","false","equal","Npm"],"mappings":"AAAA,IAAIA,oBAAJ;AAAA,IAAgBC,iBAAhB;AAAA,IAAyBC,WAAzB;AAAA,IAA4BC,eAA5B;AAAA,IAAmCC,cAAnC;AAAA,IAAyCC,mBAAzC;AAAA,IAAoDC,kBAApD;AAAA,IAA8DC,kBAA9D;AAAA,IAAwEC,YAAxE;AAAA,IAA4EC,gBAA5E;AAAA,IAAoFC,iBAApF;AAAA,IAA6FC,gBAA7F;AAAA,IAAqGC,iBAArG;AAA8GC,OAAOC,KAAP,CAAaC,QAAQ,8BAAR,CAAb,EAAqD;AAACf,aAAD,YAAagB,CAAb,EAAe;AAAChB,kBAAYgB,CAAZ;AAAc,GAA9B;AAA+Bf,UAA/B,YAAwCe,CAAxC,EAA0C;AAACf,eAASe,CAAT;AAAW,GAAtD;AAAuDd,IAAvD,YAA0Dc,CAA1D,EAA4D;AAACd,SAAGc,CAAH;AAAK,GAAlE;AAAmEb,QAAnE,YAA0Ea,CAA1E,EAA4E;AAACb,aAAOa,CAAP;AAAS,GAAtF;AAAuFZ,OAAvF,YAA6FY,CAA7F,EAA+F;AAACZ,YAAMY,CAAN;AAAQ,GAAxG;AAAyGX,YAAzG,YAAoHW,CAApH,EAAsH;AAACX,iBAAWW,CAAX;AAAa,GAApI;AAAqIV,WAArI,YAA+IU,CAA/I,EAAiJ;AAACV,gBAAUU,CAAV;AAAY,GAA9J;AAA+JT,WAA/J,YAAyKS,CAAzK,EAA2K;AAACT,gBAAUS,CAAV;AAAY,GAAxL;AAAyLR,KAAzL,YAA6LQ,CAA7L,EAA+L;AAACR,UAAIQ,CAAJ;AAAM,GAAtM;AAAuMP,SAAvM,YAA+MO,CAA/M,EAAiN;AAACP,cAAQO,CAAR;AAAU,GAA5N;AAA6NN,UAA7N,YAAsOM,CAAtO,EAAwO;AAACN,eAASM,CAAT;AAAW,GAApP;AAAqPL,SAArP,YAA6PK,CAA7P,EAA+P;AAACL,cAAQK,CAAR;AAAU,GAA1Q;AAA2QJ,UAA3Q,YAAoRI,CAApR,EAAsR;AAACJ,eAASI,CAAT;AAAW;AAAlS,CAArD,EAAyV,CAAzV;AAA4V,IAAIC,eAAJ;AAAWJ,OAAOC,KAAP,CAAaC,QAAQ,6BAAR,CAAb,EAAoD;AAACE,QAAD,YAAQD,CAAR,EAAU;AAACC,aAAOD,CAAP;AAAS;AAApB,CAApD,EAA0E,CAA1E;AAArdH,OAAOK,aAAP,CAGe,YAAK;AAElBjB,WAAS,aAAT,EAAwB,YAAU;AAEhCC,OAAG,+BAAH,EAAoC,YAAU;AAC5Ce,aAAOE,OAAOC,QAAd,EAAwBC,EAAxB,CAA2BC,EAA3B,CAA8BC,IAA9B;AACAN,aAAOE,OAAOK,QAAd,EAAwBH,EAAxB,CAA2BC,EAA3B,CAA8BG,KAA9B;AACD,KAHD;AAKAvB,OAAG,uCAAH,EAA4C,YAAW;AACrDe,aAAOF,QAAQ,IAAR,CAAP,EAAsBM,EAAtB,CAAyBK,KAAzB,CAA+BC,IAAIZ,OAAJ,CAAY,IAAZ,CAA/B;AACD,KAFD;AAID,GAXD;AAYD,CAjBD","file":"packages/practicalmeteor:mocha/meteor/test-app/server/server-test.js.map","sourcesContent":["import {MochaRunner, describe, it, before, after, beforeEach, afterEach, xdescribe, xit, specify, xspecify, context, xcontext} from \"meteor/practicalmeteor:mocha\"\nimport {expect} from \"meteor/practicalmeteor:chai\"\n\nexport default () =>{\n\n  describe(\"Server Test\", function(){\n\n    it(\"this test is server side only\", function(){\n      expect(Meteor.isServer).to.be.true\n      expect(Meteor.isClient).to.be.false\n    });\n\n    it(\"require('fs) === to Npm.require('fs')\", function() {\n      expect(require('fs')).to.equal(Npm.require('fs'))\n    });\n\n  });\n}"]},"hash":"517e32df29ee96584a6262b94b8bffa034155aa7"}
