{"metadata":{"usedHelpers":[],"marked":[],"modules":{"imports":[{"source":"meteor/underscore","imported":["_"],"specifiers":[{"kind":"named","imported":"_","local":"_"}]},{"source":"meteor/jquery","imported":["$"],"specifiers":[{"kind":"named","imported":"$","local":"$"}]}],"exports":{"exported":["hideApp","hideOtherCSS"],"specifiers":[{"kind":"local","local":"hideApp","exported":"hideApp"},{"kind":"local","local":"hideOtherCSS","exported":"hideOtherCSS"}]}}},"options":{"filename":"packages/tmeasday:test-reporter-helpers/test-reporter-helpers.js","filenameRelative":"packages/tmeasday:test-reporter-helpers/test-reporter-helpers.js","env":{"development":{"plugins":[]}},"retainLines":false,"highlightCode":true,"suppressDeprecationMessages":false,"presets":[],"plugins":[[[],{"generateLetDeclarations":true,"enforceStrictMode":false}],[[],null],[[],{"polyfill":false}],[[],null],[[],null],[[],null],[[],{"allowTopLevelThis":true,"strict":false,"loose":true}],[[],null],[[],null],[[],null],[[],null],[[],null],[[],null],[[],null],[[],null],[[],null],[[],null],[[],null],[[],null],[[],{"loose":true}],[[],{"loose":true}],[[],null],[[],{"loose":true}],[[],null],[[],null],[[],null],[[],null],[[],null],[[],null],[[],{"loose":true}],[[],null],[[],null],[[],null],[[],null],[[],null],[[],null],[[],null]],"ignore":[],"code":true,"metadata":true,"ast":true,"comments":true,"compact":false,"minified":false,"sourceMap":true,"sourceMaps":true,"sourceMapTarget":"packages/tmeasday:test-reporter-helpers/test-reporter-helpers.js.map","sourceFileName":"packages/tmeasday:test-reporter-helpers/test-reporter-helpers.js","babelrc":false,"sourceType":"module","moduleIds":false,"passPerPreset":false,"parserOpts":false,"generatorOpts":false,"basename":"test-reporter-helpers"},"ignored":false,"code":"module.export({\n  hideApp: function () {\n    return hideApp;\n  },\n  hideOtherCSS: function () {\n    return hideOtherCSS;\n  }\n});\n\nvar _ = void 0;\n\nmodule.watch(require(\"meteor/underscore\"), {\n  _: function (v) {\n    _ = v;\n  }\n}, 0);\nvar $ = void 0;\nmodule.watch(require(\"meteor/jquery\"), {\n  $: function (v) {\n    $ = v;\n  }\n}, 1);\n\nvar hideApp = function (nonHiddenChild) {\n  $('head').append(\"<style>\\n    body > *:not(\" + nonHiddenChild + \") {\\n      display: none;\\n    }\\n  </style>\");\n  document.head.title = \"Tests\";\n};\n\nvar hideOtherCSS = function () {\n  var delimiter = arguments.length > 0 && arguments[0] !== undefined ? arguments[0] : 'xxxReporterCss';\n  inRange = false;\n\n  _.each(document.styleSheets, function (sheet) {\n    var rules = _.filter(sheet.cssRules, function (r) {\n      if (r.selectorText && r.selectorText.match(delimiter)) {\n        inRange = !inRange;\n      }\n\n      ;\n      return inRange;\n    });\n\n    var styles = _.pluck(rules, 'cssText').join('\\n');\n\n    $('head').append('<style>' + styles + '</style>');\n  });\n\n  $('head link[rel=stylesheet]').remove();\n};","map":{"version":3,"sources":["packages/tmeasday:test-reporter-helpers/test-reporter-helpers.js"],"names":["module","export","hideApp","hideOtherCSS","_","watch","require","v","$","nonHiddenChild","append","document","head","title","delimiter","inRange","each","styleSheets","sheet","rules","filter","cssRules","r","selectorText","match","styles","pluck","join","remove"],"mappings":"AAAAA,OAAOC,MAAP,CAAc;AAACC,WAAQ;AAAA,WAAIA,OAAJ;AAAA,GAAT;AAAqBC,gBAAa;AAAA,WAAIA,YAAJ;AAAA;AAAlC,CAAd;;AAAmE,IAAIC,UAAJ;;AAAMJ,OAAOK,KAAP,CAAaC,QAAQ,mBAAR,CAAb,EAA0C;AAACF,GAAD,YAAGG,CAAH,EAAK;AAACH,QAAEG,CAAF;AAAI;AAAV,CAA1C,EAAsD,CAAtD;AAAyD,IAAIC,UAAJ;AAAMR,OAAOK,KAAP,CAAaC,QAAQ,eAAR,CAAb,EAAsC;AAACE,GAAD,YAAGD,CAAH,EAAK;AAACC,QAAED,CAAF;AAAI;AAAV,CAAtC,EAAkD,CAAlD;;AAKjI,IAAML,UAAU,UAACO,cAAD,EAAoB;AACzCD,IAAE,MAAF,EAAUE,MAAV,gCAEiBD,cAFjB;AAOAE,WAASC,IAAT,CAAcC,KAAd,GAAsB,OAAtB;AACD,CATM;;AAoBA,IAAMV,eAAe,YAAkC;AAAA,MAAjCW,SAAiC,uEAArB,gBAAqB;AAC5DC,YAAU,KAAV;;AACAX,IAAEY,IAAF,CAAOL,SAASM,WAAhB,EAA6B,UAACC,KAAD,EAAW;AACtC,QAAIC,QAAQf,EAAEgB,MAAF,CAASF,MAAMG,QAAf,EAAyB,UAACC,CAAD,EAAO;AAC1C,UAAIA,EAAEC,YAAF,IAAkBD,EAAEC,YAAF,CAAeC,KAAf,CAAqBV,SAArB,CAAtB,EAAuD;AACrDC,kBAAU,CAACA,OAAX;AACD;;AAAA;AACD,aAAOA,OAAP;AACD,KALW,CAAZ;;AAOA,QAAIU,SAASrB,EAAEsB,KAAF,CAAQP,KAAR,EAAe,SAAf,EAA0BQ,IAA1B,CAA+B,IAA/B,CAAb;;AAEAnB,MAAE,MAAF,EAAUE,MAAV,CAAiB,YAAYe,MAAZ,GAAqB,UAAtC;AACD,GAXD;;AAaAjB,IAAE,2BAAF,EAA+BoB,MAA/B;AACD,CAhBM","file":"packages/tmeasday:test-reporter-helpers/test-reporter-helpers.js.map","sourcesContent":["import { _ } from 'meteor/underscore';\nimport { $ } from 'meteor/jquery';\n\n// Run this function to hide all children of the body that do not match `nonHiddenChild`\n// e.g. hideApp('.mocha-wrapper')\nexport const hideApp = (nonHiddenChild) => {\n  $('head').append(\n  `<style>\n    body > *:not(${nonHiddenChild}) {\n      display: none;\n    }\n  </style>`);\n\n  document.head.title = \"Tests\";\n}\n\n// Use this to kill *all* CSS from the app apart from CSS added by your reporter package.\n// To allow us to do that, wrap your reporter CSS in a delimiter that we parse for, e.g.\n//\n// ````\n// .xxxReporterCss { color: white; }\n// /* your styles */\n// .xxxReporterCss { color: white; }\n// ```\n//\nexport const hideOtherCSS = (delimiter = 'xxxReporterCss') => {\n  inRange = false;\n  _.each(document.styleSheets, (sheet) => {\n    var rules = _.filter(sheet.cssRules, (r) => {\n      if (r.selectorText && r.selectorText.match(delimiter)) {\n        inRange = !inRange;\n      };\n      return inRange;\n    });\n\n    var styles = _.pluck(rules, 'cssText').join('\\n');\n\n    $('head').append('<style>' + styles + '</style>');\n  });\n\n  $('head link[rel=stylesheet]').remove();\n};\n\n"]},"hash":"527d1fead8eb2e3fb1e5f701e15a1674c9a28b02"}
