{"metadata":{"usedHelpers":[],"marked":[],"modules":{"imports":[{"source":"meteor/meteor","imported":["Meteor"],"specifiers":[{"kind":"named","imported":"Meteor","local":"Meteor"}]},{"source":"react","imported":["default"],"specifiers":[{"kind":"named","imported":"default","local":"React"}]},{"source":"expect","imported":["default"],"specifiers":[{"kind":"named","imported":"default","local":"expect"}]},{"source":"enzyme","imported":["mount"],"specifiers":[{"kind":"named","imported":"mount","local":"mount"}]},{"source":"react-router-dom","imported":["withRouter"],"specifiers":[{"kind":"named","imported":"withRouter","local":"withRouter"}]},{"source":"./PrivateHeader","imported":["default"],"specifiers":[{"kind":"named","imported":"default","local":"PrivateHeader"}]}],"exports":{"exported":[],"specifiers":[]}}},"options":{"filename":"imports/ui/PrivateHeader.test.js","filenameRelative":"imports/ui/PrivateHeader.test.js","env":{"development":{"plugins":[]}},"retainLines":false,"highlightCode":true,"suppressDeprecationMessages":false,"presets":[],"plugins":[[[],{"generateLetDeclarations":true,"enforceStrictMode":false}],[[],null],[[],{"polyfill":false}],[[],null],[[],null],[[],null],[[],{"allowTopLevelThis":true,"strict":false,"loose":true}],[[],null],[[],null],[[],null],[[],null],[[],null],[[],null],[[],null],[[],null],[[],null],[[],null],[[],null],[[],null],[[],{"loose":true}],[[],{"loose":true}],[[],null],[[],{"loose":true}],[[],null],[[],null],[[],null],[[],null],[[],null],[[],null],[[],{"loose":true}],[[],null],[[],null],[[],null],[[],null],[[],null],[[],null],[[],null]],"ignore":[],"code":true,"metadata":true,"ast":true,"comments":true,"compact":false,"minified":false,"sourceMap":true,"sourceMaps":true,"sourceMapTarget":"imports/ui/PrivateHeader.test.js.map","sourceFileName":"imports/ui/PrivateHeader.test.js","babelrc":false,"sourceType":"module","moduleIds":false,"passPerPreset":false,"parserOpts":false,"generatorOpts":false,"basename":"PrivateHeader.test"},"ignored":false,"code":"var Meteor = void 0;\nmodule.watch(require(\"meteor/meteor\"), {\n  Meteor: function (v) {\n    Meteor = v;\n  }\n}, 0);\nvar React = void 0;\nmodule.watch(require(\"react\"), {\n  \"default\": function (v) {\n    React = v;\n  }\n}, 1);\nvar expect = void 0;\nmodule.watch(require(\"expect\"), {\n  \"default\": function (v) {\n    expect = v;\n  }\n}, 2);\nvar mount = void 0;\nmodule.watch(require(\"enzyme\"), {\n  mount: function (v) {\n    mount = v;\n  }\n}, 3);\nvar withRouter = void 0;\nmodule.watch(require(\"react-router-dom\"), {\n  withRouter: function (v) {\n    withRouter = v;\n  }\n}, 4);\nvar PrivateHeader = void 0;\nmodule.watch(require(\"./PrivateHeader\"), {\n  \"default\": function (v) {\n    PrivateHeader = v;\n  }\n}, 5);\n\nif (Meteor.isClient) {\n  describe('PrivateHeader', function () {\n    it('should set button text to logout', function () {\n      var wrapper = mount(React.createElement(PrivateHeader, {\n        title: \"Test title\"\n      }));\n      var buttonText = wrapper.find('button').text();\n      expect(buttonText).toBe('Logout');\n    });\n    it('should use title prop as h1 text', function () {\n      var title = 'Title test here';\n      var wrapper = mount(React.createElement(PrivateHeader, {\n        title: title\n      }));\n      var h1Text = wrapper.find('h1').text();\n      expect(h1Text).toBe('Title test here');\n    });\n    it('should call handleLogOut', function () {});\n  });\n}","map":{"version":3,"sources":["imports/ui/PrivateHeader.test.js"],"names":["Meteor","module","watch","require","v","React","expect","mount","withRouter","PrivateHeader","isClient","describe","it","wrapper","buttonText","find","text","toBe","title","h1Text"],"mappings":"AAAA,IAAIA,eAAJ;AAAWC,OAAOC,KAAP,CAAaC,QAAQ,eAAR,CAAb,EAAsC;AAACH,QAAD,YAAQI,CAAR,EAAU;AAACJ,aAAOI,CAAP;AAAS;AAApB,CAAtC,EAA4D,CAA5D;AAA+D,IAAIC,cAAJ;AAAUJ,OAAOC,KAAP,CAAaC,QAAQ,OAAR,CAAb,EAA8B;AAAA,uBAASC,CAAT,EAAW;AAACC,YAAMD,CAAN;AAAQ;AAApB,CAA9B,EAAoD,CAApD;AAAuD,IAAIE,eAAJ;AAAWL,OAAOC,KAAP,CAAaC,QAAQ,QAAR,CAAb,EAA+B;AAAA,uBAASC,CAAT,EAAW;AAACE,aAAOF,CAAP;AAAS;AAArB,CAA/B,EAAsD,CAAtD;AAAyD,IAAIG,cAAJ;AAAUN,OAAOC,KAAP,CAAaC,QAAQ,QAAR,CAAb,EAA+B;AAACI,OAAD,YAAOH,CAAP,EAAS;AAACG,YAAMH,CAAN;AAAQ;AAAlB,CAA/B,EAAmD,CAAnD;AAAsD,IAAII,mBAAJ;AAAeP,OAAOC,KAAP,CAAaC,QAAQ,kBAAR,CAAb,EAAyC;AAACK,YAAD,YAAYJ,CAAZ,EAAc;AAACI,iBAAWJ,CAAX;AAAa;AAA5B,CAAzC,EAAuE,CAAvE;AAA0E,IAAIK,sBAAJ;AAAkBR,OAAOC,KAAP,CAAaC,QAAQ,iBAAR,CAAb,EAAwC;AAAA,uBAASC,CAAT,EAAW;AAACK,oBAAcL,CAAd;AAAgB;AAA5B,CAAxC,EAAsE,CAAtE;;AAQ1X,IAAGJ,OAAOU,QAAV,EAAoB;AAClBC,WAAS,eAAT,EAA0B,YAAW;AACnCC,OAAG,kCAAH,EAAuC,YAAW;AAChD,UAAMC,UAAUN,MAAO,oBAAC,aAAD;AAAe,eAAM;AAArB,QAAP,CAAhB;AACA,UAAMO,aAAaD,QAAQE,IAAR,CAAa,QAAb,EAAuBC,IAAvB,EAAnB;AAEAV,aAAOQ,UAAP,EAAmBG,IAAnB,CAAwB,QAAxB;AACD,KALD;AAOAL,OAAG,kCAAH,EAAuC,YAAW;AAChD,UAAMM,QAAQ,iBAAd;AACA,UAAML,UAAUN,MAAO,oBAAC,aAAD;AAAe,eAAOW;AAAtB,QAAP,CAAhB;AACA,UAAMC,SAASN,QAAQE,IAAR,CAAa,IAAb,EAAmBC,IAAnB,EAAf;AAEAV,aAAOa,MAAP,EAAeF,IAAf,CAAoB,iBAApB;AACD,KAND;AAQAL,OAAG,0BAAH,EAA+B,YAAW,CACzC,CADD;AAED,GAlBD;AAmBD","file":"imports/ui/PrivateHeader.test.js.map","sourcesContent":["import { Meteor } from 'meteor/meteor';\nimport React from 'react';\nimport expect from 'expect';\nimport { mount } from 'enzyme';\nimport { withRouter } from 'react-router-dom';\n\nimport PrivateHeader from './PrivateHeader';\n\nif(Meteor.isClient) {\n  describe('PrivateHeader', function() {\n    it('should set button text to logout', function() {\n      const wrapper = mount( <PrivateHeader title=\"Test title\"/> );\n      const buttonText = wrapper.find('button').text();\n\n      expect(buttonText).toBe('Logout');\n    });\n\n    it('should use title prop as h1 text', function() {\n      const title = 'Title test here';\n      const wrapper = mount( <PrivateHeader title={title}/> );\n      const h1Text = wrapper.find('h1').text();\n\n      expect(h1Text).toBe('Title test here')\n    });\n\n    it('should call handleLogOut', function() {\n    });\n  });\n}\n"]},"hash":"5349507116188162f03eff376344406bb4177a44"}
