{"metadata":{"usedHelpers":[],"marked":[],"modules":{"imports":[{"source":"react","imported":["default"],"specifiers":[{"kind":"named","imported":"default","local":"React"}]},{"source":"meteor/meteor","imported":["Meteor"],"specifiers":[{"kind":"named","imported":"Meteor","local":"Meteor"}]},{"source":"meteor/react-meteor-data","imported":["createContainer"],"specifiers":[{"kind":"named","imported":"createContainer","local":"createContainer"}]},{"source":"../api/notes","imported":["Notes"],"specifiers":[{"kind":"named","imported":"Notes","local":"Notes"}]}],"exports":{"exported":["NoteList"],"specifiers":[{"kind":"local","local":"NoteList","exported":"NoteList"}]}}},"options":{"filename":"imports/ui/NoteList.js","filenameRelative":"imports/ui/NoteList.js","env":{"development":{"plugins":[]}},"retainLines":false,"highlightCode":true,"suppressDeprecationMessages":false,"presets":[],"plugins":[[[],{"generateLetDeclarations":true,"enforceStrictMode":false}],[[],null],[[],{"polyfill":false}],[[],null],[[],null],[[],null],[[],{"allowTopLevelThis":true,"strict":false,"loose":true}],[[],null],[[],null],[[],null],[[],null],[[],null],[[],null],[[],null],[[],null],[[],null],[[],null],[[],null],[[],null],[[],{"loose":true}],[[],{"loose":true}],[[],null],[[],{"loose":true}],[[],null],[[],null],[[],null],[[],null],[[],null],[[],null],[[],{"loose":true}],[[],null],[[],null],[[],null],[[],null],[[],null],[[],null],[[],null]],"ignore":[],"code":true,"metadata":true,"ast":true,"comments":true,"compact":false,"minified":false,"sourceMap":true,"sourceMaps":true,"sourceMapTarget":"imports/ui/NoteList.js.map","sourceFileName":"imports/ui/NoteList.js","babelrc":false,"sourceType":"module","moduleIds":false,"passPerPreset":false,"parserOpts":false,"generatorOpts":false,"basename":"NoteList"},"ignored":false,"code":"module.export({\n  NoteList: function () {\n    return NoteList;\n  }\n});\nvar React = void 0;\nmodule.watch(require(\"react\"), {\n  \"default\": function (v) {\n    React = v;\n  }\n}, 0);\nvar Meteor = void 0;\nmodule.watch(require(\"meteor/meteor\"), {\n  Meteor: function (v) {\n    Meteor = v;\n  }\n}, 1);\nvar createContainer = void 0;\nmodule.watch(require(\"meteor/react-meteor-data\"), {\n  createContainer: function (v) {\n    createContainer = v;\n  }\n}, 2);\nvar Notes = void 0;\nmodule.watch(require(\"../api/notes\"), {\n  Notes: function (v) {\n    Notes = v;\n  }\n}, 3);\n\nvar NoteList = function (props) {\n  return React.createElement(\n    \"div\",\n    null,\n    \"NoteList\"\n  );\n};\n\nmodule.exportDefault(createContainer(function () {\n  Meteor.subscribe('notes');\n  return {\n    notes: Notes.find()\n  };\n}, NoteList));","map":{"version":3,"sources":["imports/ui/NoteList.js"],"names":["module","export","NoteList","React","watch","require","v","Meteor","createContainer","Notes","props","exportDefault","subscribe","notes","find"],"mappings":"AAAAA,OAAOC,MAAP,CAAc;AAACC,YAAS;AAAA,WAAIA,QAAJ;AAAA;AAAV,CAAd;AAAuC,IAAIC,cAAJ;AAAUH,OAAOI,KAAP,CAAaC,QAAQ,OAAR,CAAb,EAA8B;AAAA,uBAASC,CAAT,EAAW;AAACH,YAAMG,CAAN;AAAQ;AAApB,CAA9B,EAAoD,CAApD;AAAuD,IAAIC,eAAJ;AAAWP,OAAOI,KAAP,CAAaC,QAAQ,eAAR,CAAb,EAAsC;AAACE,QAAD,YAAQD,CAAR,EAAU;AAACC,aAAOD,CAAP;AAAS;AAApB,CAAtC,EAA4D,CAA5D;AAA+D,IAAIE,wBAAJ;AAAoBR,OAAOI,KAAP,CAAaC,QAAQ,0BAAR,CAAb,EAAiD;AAACG,iBAAD,YAAiBF,CAAjB,EAAmB;AAACE,sBAAgBF,CAAhB;AAAkB;AAAtC,CAAjD,EAAyF,CAAzF;AAA4F,IAAIG,cAAJ;AAAUT,OAAOI,KAAP,CAAaC,QAAQ,cAAR,CAAb,EAAqC;AAACI,OAAD,YAAOH,CAAP,EAAS;AAACG,YAAMH,CAAN;AAAQ;AAAlB,CAArC,EAAyD,CAAzD;;AAMrS,IAAMJ,WAAW,UAACQ,KAAD,EAAW;AACjC,SACE;AAAA;AAAA;AAAA;AAAA,GADF;AAKD,CANM;;AANPV,OAAOW,aAAP,CAceH,gBAAgB,YAAM;AACnCD,SAAOK,SAAP,CAAiB,OAAjB;AAEA,SAAO;AACLC,WAAOJ,MAAMK,IAAN;AADF,GAAP;AAGD,CANc,EAMZZ,QANY,CAdf","file":"imports/ui/NoteList.js.map","sourcesContent":["import React from 'react';\nimport { Meteor } from 'meteor/meteor';\nimport { createContainer } from 'meteor/react-meteor-data';\n\nimport { Notes } from '../api/notes';\n\nexport const NoteList = (props) => {\n  return (\n    <div>\n      NoteList\n    </div>\n  );\n};\n\nexport default createContainer(() => {\n  Meteor.subscribe('notes');\n\n  return {\n    notes: Notes.find()\n  };\n}, NoteList);\n"]},"hash":"568b7b5eeccf74c0e6453f25565ac571f5465ccd"}
