{"metadata":{"usedHelpers":[],"marked":[],"modules":{"imports":[{"source":"react","imported":["default"],"specifiers":[{"kind":"named","imported":"default","local":"React"}]},{"source":"meteor/meteor","imported":["Meteor"],"specifiers":[{"kind":"named","imported":"Meteor","local":"Meteor"}]},{"source":"prop-types","imported":["default"],"specifiers":[{"kind":"named","imported":"default","local":"propTypes"}]},{"source":"meteor/react-meteor-data","imported":["createContainer"],"specifiers":[{"kind":"named","imported":"createContainer","local":"createContainer"}]},{"source":"../api/notes","imported":["Notes"],"specifiers":[{"kind":"named","imported":"Notes","local":"Notes"}]}],"exports":{"exported":["NoteList"],"specifiers":[{"kind":"local","local":"NoteList","exported":"NoteList"}]}}},"options":{"filename":"imports/ui/NoteList.js","filenameRelative":"imports/ui/NoteList.js","env":{"development":{"plugins":[]}},"retainLines":false,"highlightCode":true,"suppressDeprecationMessages":false,"presets":[],"plugins":[[[],{"generateLetDeclarations":true,"enforceStrictMode":false}],[[],null],[[],{"polyfill":false}],[[],null],[[],null],[[],null],[[],{"allowTopLevelThis":true,"strict":false,"loose":true}],[[],null],[[],null],[[],null],[[],null],[[],null],[[],null],[[],null],[[],null],[[],null],[[],null],[[],null],[[],null],[[],{"loose":true}],[[],{"loose":true}],[[],null],[[],{"loose":true}],[[],null],[[],null],[[],null],[[],null],[[],null],[[],null],[[],{"loose":true}],[[],null],[[],null],[[],null],[[],null],[[],null],[[],null],[[],null]],"ignore":[],"code":true,"metadata":true,"ast":true,"comments":true,"compact":false,"minified":false,"sourceMap":true,"sourceMaps":true,"sourceMapTarget":"imports/ui/NoteList.js.map","sourceFileName":"imports/ui/NoteList.js","babelrc":false,"sourceType":"module","moduleIds":false,"passPerPreset":false,"parserOpts":false,"generatorOpts":false,"basename":"NoteList"},"ignored":false,"code":"module.export({\n  NoteList: function () {\n    return NoteList;\n  }\n});\nvar React = void 0;\nmodule.watch(require(\"react\"), {\n  \"default\": function (v) {\n    React = v;\n  }\n}, 0);\nvar Meteor = void 0;\nmodule.watch(require(\"meteor/meteor\"), {\n  Meteor: function (v) {\n    Meteor = v;\n  }\n}, 1);\nvar propTypes = void 0;\nmodule.watch(require(\"prop-types\"), {\n  \"default\": function (v) {\n    propTypes = v;\n  }\n}, 2);\nvar createContainer = void 0;\nmodule.watch(require(\"meteor/react-meteor-data\"), {\n  createContainer: function (v) {\n    createContainer = v;\n  }\n}, 3);\nvar Notes = void 0;\nmodule.watch(require(\"../api/notes\"), {\n  Notes: function (v) {\n    Notes = v;\n  }\n}, 4);\n\nvar NoteList = function (props) {\n  return React.createElement(\n    \"div\",\n    null,\n    \"NoteList \",\n    props.notes.length\n  );\n};\n\nNoteList.propTypes = {};\nmodule.exportDefault(createContainer(function () {\n  Meteor.subscribe('notes');\n  return {\n    notes: Notes.find().fetch()\n  };\n}, NoteList));","map":{"version":3,"sources":["imports/ui/NoteList.js"],"names":["module","export","NoteList","React","watch","require","v","Meteor","propTypes","createContainer","Notes","props","notes","length","exportDefault","subscribe","find","fetch"],"mappings":"AAAAA,OAAOC,MAAP,CAAc;AAACC,YAAS;AAAA,WAAIA,QAAJ;AAAA;AAAV,CAAd;AAAuC,IAAIC,cAAJ;AAAUH,OAAOI,KAAP,CAAaC,QAAQ,OAAR,CAAb,EAA8B;AAAA,uBAASC,CAAT,EAAW;AAACH,YAAMG,CAAN;AAAQ;AAApB,CAA9B,EAAoD,CAApD;AAAuD,IAAIC,eAAJ;AAAWP,OAAOI,KAAP,CAAaC,QAAQ,eAAR,CAAb,EAAsC;AAACE,QAAD,YAAQD,CAAR,EAAU;AAACC,aAAOD,CAAP;AAAS;AAApB,CAAtC,EAA4D,CAA5D;AAA+D,IAAIE,kBAAJ;AAAcR,OAAOI,KAAP,CAAaC,QAAQ,YAAR,CAAb,EAAmC;AAAA,uBAASC,CAAT,EAAW;AAACE,gBAAUF,CAAV;AAAY;AAAxB,CAAnC,EAA6D,CAA7D;AAAgE,IAAIG,wBAAJ;AAAoBT,OAAOI,KAAP,CAAaC,QAAQ,0BAAR,CAAb,EAAiD;AAACI,iBAAD,YAAiBH,CAAjB,EAAmB;AAACG,sBAAgBH,CAAhB;AAAkB;AAAtC,CAAjD,EAAyF,CAAzF;AAA4F,IAAII,cAAJ;AAAUV,OAAOI,KAAP,CAAaC,QAAQ,cAAR,CAAb,EAAqC;AAACK,OAAD,YAAOJ,CAAP,EAAS;AAACI,YAAMJ,CAAN;AAAQ;AAAlB,CAArC,EAAyD,CAAzD;;AAOnX,IAAMJ,WAAW,UAACS,KAAD,EAAW;AACjC,SACE;AAAA;AAAA;AAAA;AACaA,UAAMC,KAAN,CAAYC;AADzB,GADF;AAKD,CANM;;AAQPX,SAASM,SAAT,GAAqB,EAArB;AAfAR,OAAOc,aAAP,CAmBeL,gBAAgB,YAAM;AACnCF,SAAOQ,SAAP,CAAiB,OAAjB;AAEA,SAAO;AACLH,WAAOF,MAAMM,IAAN,GAAaC,KAAb;AADF,GAAP;AAGD,CANc,EAMZf,QANY,CAnBf","file":"imports/ui/NoteList.js.map","sourcesContent":["import React from 'react';\nimport { Meteor } from 'meteor/meteor';\nimport propTypes from 'prop-types';\nimport { createContainer } from 'meteor/react-meteor-data';\n\nimport { Notes } from '../api/notes';\n\nexport const NoteList = (props) => {\n  return (\n    <div>\n      NoteList { props.notes.length }\n    </div>\n  );\n};\n\nNoteList.propTypes = {\n  \n}\n\nexport default createContainer(() => {\n  Meteor.subscribe('notes');\n\n  return {\n    notes: Notes.find().fetch()\n  };\n}, NoteList);\n"]},"hash":"5932e409e9616381e3f5c67cf8cd593714029024"}
