{"metadata":{"usedHelpers":[],"marked":[],"modules":{"imports":[],"exports":{"exported":[],"specifiers":[]}}},"options":{"filename":"packages/practicalmeteor:mocha/test/integration/fixtures/regression/1794/issue-1794.js","filenameRelative":"packages/practicalmeteor:mocha/test/integration/fixtures/regression/1794/issue-1794.js","env":{"development":{"plugins":[]}},"retainLines":false,"highlightCode":true,"suppressDeprecationMessages":false,"presets":[],"plugins":[[[],{"generateLetDeclarations":true,"enforceStrictMode":false}],[[],null],[[],{"polyfill":false}],[[],null],[[],null],[[],null],[[],{"allowTopLevelThis":true,"strict":false,"loose":true}],[[],null],[[],null],[[],null],[[],null],[[],null],[[],null],[[],null],[[],null],[[],null],[[],null],[[],null],[[],null],[[],{"loose":true}],[[],{"loose":true}],[[],null],[[],{"loose":true}],[[],null],[[],null],[[],null],[[],null],[[],null],[[],null],[[],{"loose":true}],[[],null],[[],null],[[],null],[[],null],[[],null],[[],null],[[],null]],"ignore":[],"code":true,"metadata":true,"ast":true,"comments":true,"compact":false,"minified":false,"sourceMap":true,"sourceMaps":true,"sourceMapTarget":"packages/practicalmeteor:mocha/test/integration/fixtures/regression/1794/issue-1794.js.map","sourceFileName":"packages/practicalmeteor:mocha/test/integration/fixtures/regression/1794/issue-1794.js","babelrc":false,"sourceType":"module","moduleIds":false,"passPerPreset":false,"parserOpts":false,"generatorOpts":false,"basename":"issue-1794"},"ignored":false,"code":"test('pass', function () {// pass\n});","map":{"version":3,"sources":["packages/practicalmeteor:mocha/test/integration/fixtures/regression/1794/issue-1794.js"],"names":["test"],"mappings":"AAAAA,KAAK,MAAL,EAAa,YAAW,CACtB;AACD,CAFD","file":"packages/practicalmeteor:mocha/test/integration/fixtures/regression/1794/issue-1794.js.map","sourcesContent":["test('pass', function() {\n  // pass\n});\n"]},"hash":"5974694e242c1612784fb8a72c77e00eda88f94a"}
