{"metadata":{"usedHelpers":[],"marked":[],"modules":{"imports":[],"exports":{"exported":[],"specifiers":[]}}},"options":{"filename":"packages/practicalmeteor:mocha/lib/reporters/min.js","filenameRelative":"packages/practicalmeteor:mocha/lib/reporters/min.js","env":{"development":{"plugins":[]}},"retainLines":false,"highlightCode":true,"suppressDeprecationMessages":false,"presets":[],"plugins":[[[],{"generateLetDeclarations":true,"enforceStrictMode":false}],[[],null],[[],{"polyfill":false}],[[],null],[[],null],[[],null],[[],{"allowTopLevelThis":true,"strict":false,"loose":true}],[[],null],[[],null],[[],null],[[],null],[[],null],[[],null],[[],null],[[],null],[[],null],[[],null],[[],null],[[],null],[[],{"loose":true}],[[],{"loose":true}],[[],null],[[],{"loose":true}],[[],null],[[],null],[[],null],[[],null],[[],null],[[],null],[[],{"loose":true}],[[],null],[[],null],[[],null],[[],null],[[],null],[[],null],[[],null]],"ignore":[],"code":true,"metadata":true,"ast":true,"comments":true,"compact":false,"minified":false,"sourceMap":true,"sourceMaps":true,"sourceMapTarget":"packages/practicalmeteor:mocha/lib/reporters/min.js.map","sourceFileName":"packages/practicalmeteor:mocha/lib/reporters/min.js","babelrc":false,"sourceType":"module","moduleIds":false,"passPerPreset":false,"parserOpts":false,"generatorOpts":false,"basename":"min"},"ignored":false,"code":"/**\n * Module dependencies.\n */var Base = require('./base');\n\nvar inherits = require('../utils').inherits; /**\n                                              * Expose `Min`.\n                                              */\n\nexports = module.exports = Min; /**\n                                 * Initialize a new `Min` minimal test reporter (best used with --watch).\n                                 *\n                                 * @api public\n                                 * @param {Runner} runner\n                                 */\n\nfunction Min(runner) {\n  Base.call(this, runner);\n  runner.on('start', function () {\n    // clear screen\n    process.stdout.write(\"\\x1B[2J\"); // set cursor position\n\n    process.stdout.write(\"\\x1B[1;3H\");\n  });\n  runner.on('end', this.epilogue.bind(this));\n} /**\n   * Inherit from `Base.prototype`.\n   */\n\ninherits(Min, Base);","map":{"version":3,"sources":["packages/practicalmeteor:mocha/lib/reporters/min.js"],"names":["Base","require","inherits","exports","module","Min","runner","call","on","process","stdout","write","epilogue","bind"],"mappings":"AAAA;;GAIA,IAAIA,OAAOC,QAAQ,QAAR,CAAX;;AACA,IAAIC,WAAWD,QAAQ,UAAR,EAAoBC,QAAnC,C,CAEA;;;;AAIAC,UAAUC,OAAOD,OAAP,GAAiBE,GAA3B,C,CAEA;;;;;;;AAMA,SAASA,GAAT,CAAaC,MAAb,EAAqB;AACnBN,OAAKO,IAAL,CAAU,IAAV,EAAgBD,MAAhB;AAEAA,SAAOE,EAAP,CAAU,OAAV,EAAmB,YAAW;AAC5B;AACAC,YAAQC,MAAR,CAAeC,KAAf,CAAqB,SAArB,EAF4B,CAG5B;;AACAF,YAAQC,MAAR,CAAeC,KAAf,CAAqB,WAArB;AACD,GALD;AAOAL,SAAOE,EAAP,CAAU,KAAV,EAAiB,KAAKI,QAAL,CAAcC,IAAd,CAAmB,IAAnB,CAAjB;AACD,C,CAED;;;;AAGAX,SAASG,GAAT,EAAcL,IAAd","file":"packages/practicalmeteor:mocha/lib/reporters/min.js.map","sourcesContent":["/**\n * Module dependencies.\n */\n\nvar Base = require('./base');\nvar inherits = require('../utils').inherits;\n\n/**\n * Expose `Min`.\n */\n\nexports = module.exports = Min;\n\n/**\n * Initialize a new `Min` minimal test reporter (best used with --watch).\n *\n * @api public\n * @param {Runner} runner\n */\nfunction Min(runner) {\n  Base.call(this, runner);\n\n  runner.on('start', function() {\n    // clear screen\n    process.stdout.write('\\u001b[2J');\n    // set cursor position\n    process.stdout.write('\\u001b[1;3H');\n  });\n\n  runner.on('end', this.epilogue.bind(this));\n}\n\n/**\n * Inherit from `Base.prototype`.\n */\ninherits(Min, Base);\n"]},"hash":"5bbfed5101c7a9d000a9ada55675c5ce8cea6585"}
