{"metadata":{"usedHelpers":[],"marked":[],"modules":{"imports":[],"exports":{"exported":[],"specifiers":[]}}},"options":{"filename":"packages/practicalmeteor:mocha/test/hook.sync.js","filenameRelative":"packages/practicalmeteor:mocha/test/hook.sync.js","env":{"development":{"plugins":[]}},"retainLines":false,"highlightCode":true,"suppressDeprecationMessages":false,"presets":[],"plugins":[[[],{"generateLetDeclarations":true,"enforceStrictMode":false}],[[],null],[[],{"polyfill":false}],[[],null],[[],null],[[],null],[[],{"allowTopLevelThis":true,"strict":false,"loose":true}],[[],null],[[],null],[[],null],[[],null],[[],null],[[],null],[[],null],[[],null],[[],null],[[],null],[[],null],[[],null],[[],{"loose":true}],[[],{"loose":true}],[[],null],[[],{"loose":true}],[[],null],[[],null],[[],null],[[],null],[[],null],[[],null],[[],{"loose":true}],[[],null],[[],null],[[],null],[[],null],[[],null],[[],null],[[],null]],"ignore":[],"code":true,"metadata":true,"ast":true,"comments":true,"compact":false,"minified":false,"sourceMap":true,"sourceMaps":true,"sourceMapTarget":"packages/practicalmeteor:mocha/test/hook.sync.js.map","sourceFileName":"packages/practicalmeteor:mocha/test/hook.sync.js","babelrc":false,"sourceType":"module","moduleIds":false,"passPerPreset":false,"parserOpts":false,"generatorOpts":false,"basename":"hook.sync"},"ignored":false,"code":"describe('serial', function () {\n  var calls = [];\n  beforeEach(function () {\n    calls.push('parent before');\n  });\n  afterEach(function () {\n    calls.push('parent after');\n  });\n  describe('hooks', function () {\n    beforeEach(function () {\n      calls.push('before');\n\n      if (this.currentTest) {\n        calls.push('before test ' + this.currentTest.title);\n      }\n    });\n    it('one', function () {\n      calls.should.eql(['parent before', 'before', 'before test one']);\n      calls.push('one');\n    });\n    it('two', function () {\n      calls.should.eql(['parent before', 'before', 'before test one', 'one', 'after', 'after test one passed', 'parent after', 'parent before', 'before', 'before test two']);\n      calls.push('two');\n    });\n    it('three', function () {\n      calls.should.eql(['parent before', 'before', 'before test one', 'one', 'after', 'after test one passed', 'parent after', 'parent before', 'before', 'before test two', 'two', 'after', 'after test two passed', 'parent after', 'parent before', 'before', 'before test three']);\n      calls.push('three');\n    });\n    afterEach(function () {\n      calls.push('after');\n\n      if (this.currentTest) {\n        calls.push('after test ' + this.currentTest.title + ' ' + this.currentTest.state);\n      }\n    });\n    after(function () {\n      calls.should.eql(['parent before', 'before', 'before test one', 'one', 'after', 'after test one passed', 'parent after', 'parent before', 'before', 'before test two', 'two', 'after', 'after test two passed', 'parent after', 'parent before', 'before', 'before test three', 'three', 'after', 'after test three passed', 'parent after']);\n    });\n  });\n});","map":{"version":3,"sources":["packages/practicalmeteor:mocha/test/hook.sync.js"],"names":["describe","calls","beforeEach","push","afterEach","currentTest","title","it","should","eql","state","after"],"mappings":"AAAAA,SAAS,QAAT,EAAmB,YAAU;AAC3B,MAAIC,QAAQ,EAAZ;AAEAC,aAAW,YAAU;AACnBD,UAAME,IAAN,CAAW,eAAX;AACD,GAFD;AAIAC,YAAU,YAAU;AAClBH,UAAME,IAAN,CAAW,cAAX;AACD,GAFD;AAIAH,WAAS,OAAT,EAAkB,YAAU;AAC1BE,eAAW,YAAU;AACnBD,YAAME,IAAN,CAAW,QAAX;;AACA,UAAI,KAAKE,WAAT,EAAsB;AACpBJ,cAAME,IAAN,CAAW,iBAAiB,KAAKE,WAAL,CAAiBC,KAA7C;AACD;AACF,KALD;AAOAC,OAAG,KAAH,EAAU,YAAU;AAClBN,YAAMO,MAAN,CAAaC,GAAb,CAAiB,CACb,eADa,EAEb,QAFa,EAGb,iBAHa,CAAjB;AAIAR,YAAME,IAAN,CAAW,KAAX;AACD,KAND;AAQAI,OAAG,KAAH,EAAU,YAAU;AAClBN,YAAMO,MAAN,CAAaC,GAAb,CAAiB,CACb,eADa,EAEb,QAFa,EAGb,iBAHa,EAIb,KAJa,EAKb,OALa,EAMb,uBANa,EAOb,cAPa,EAQb,eARa,EASb,QATa,EAUb,iBAVa,CAAjB;AAWAR,YAAME,IAAN,CAAW,KAAX;AACD,KAbD;AAeAI,OAAG,OAAH,EAAY,YAAU;AACpBN,YAAMO,MAAN,CAAaC,GAAb,CAAiB,CACb,eADa,EAEb,QAFa,EAGb,iBAHa,EAIb,KAJa,EAKb,OALa,EAMb,uBANa,EAOb,cAPa,EAQb,eARa,EASb,QATa,EAUb,iBAVa,EAWb,KAXa,EAYb,OAZa,EAab,uBAba,EAcb,cAda,EAeb,eAfa,EAgBb,QAhBa,EAiBb,mBAjBa,CAAjB;AAkBAR,YAAME,IAAN,CAAW,OAAX;AACD,KApBD;AAsBAC,cAAU,YAAU;AAClBH,YAAME,IAAN,CAAW,OAAX;;AACA,UAAI,KAAKE,WAAT,EAAsB;AACpBJ,cAAME,IAAN,CAAW,gBAAgB,KAAKE,WAAL,CAAiBC,KAAjC,GAAyC,GAAzC,GAA+C,KAAKD,WAAL,CAAiBK,KAA3E;AACD;AACF,KALD;AAOAC,UAAM,YAAU;AACdV,YAAMO,MAAN,CAAaC,GAAb,CAAiB,CACb,eADa,EAEb,QAFa,EAGb,iBAHa,EAIb,KAJa,EAKb,OALa,EAMb,uBANa,EAOb,cAPa,EAQb,eARa,EASb,QATa,EAUb,iBAVa,EAWb,KAXa,EAYb,OAZa,EAab,uBAba,EAcb,cAda,EAeb,eAfa,EAgBb,QAhBa,EAiBb,mBAjBa,EAkBb,OAlBa,EAmBb,OAnBa,EAoBb,yBApBa,EAqBb,cArBa,CAAjB;AAsBD,KAvBD;AAwBD,GApFD;AAqFD,CAhGD","file":"packages/practicalmeteor:mocha/test/hook.sync.js.map","sourcesContent":["describe('serial', function(){\n  var calls = [];\n\n  beforeEach(function(){\n    calls.push('parent before');\n  })\n\n  afterEach(function(){\n    calls.push('parent after');\n  })\n\n  describe('hooks', function(){\n    beforeEach(function(){\n      calls.push('before');\n      if (this.currentTest) {\n        calls.push('before test ' + this.currentTest.title);\n      }\n    })\n\n    it('one', function(){\n      calls.should.eql([\n          'parent before'\n        , 'before'\n        , 'before test one']);\n      calls.push('one');\n    })\n\n    it('two', function(){\n      calls.should.eql([\n          'parent before'\n        , 'before'\n        , 'before test one'\n        , 'one'\n        , 'after'\n        , 'after test one passed'\n        , 'parent after'\n        , 'parent before'\n        , 'before'\n        , 'before test two']);\n      calls.push('two');\n    })\n\n    it('three', function(){\n      calls.should.eql([\n          'parent before'\n        , 'before'\n        , 'before test one'\n        , 'one'\n        , 'after'\n        , 'after test one passed'\n        , 'parent after'\n        , 'parent before'\n        , 'before'\n        , 'before test two'\n        , 'two'\n        , 'after'\n        , 'after test two passed'\n        , 'parent after'\n        , 'parent before'\n        , 'before'\n        , 'before test three']);\n      calls.push('three');\n    })\n\n    afterEach(function(){\n      calls.push('after');\n      if (this.currentTest) {\n        calls.push('after test ' + this.currentTest.title + ' ' + this.currentTest.state);\n      }\n    })\n\n    after(function(){\n      calls.should.eql([\n          'parent before'\n        , 'before'\n        , 'before test one'\n        , 'one'\n        , 'after'\n        , 'after test one passed'\n        , 'parent after'\n        , 'parent before'\n        , 'before'\n        , 'before test two'\n        , 'two'\n        , 'after'\n        , 'after test two passed'\n        , 'parent after'\n        , 'parent before'\n        , 'before'\n        , 'before test three'\n        , 'three'\n        , 'after'\n        , 'after test three passed'\n        , 'parent after']);\n    })\n  })\n})\n"]},"hash":"5d5bbb45e42cac1ccc887f3844316296ab006972"}
