{"metadata":{"usedHelpers":[],"marked":[],"modules":{"imports":[],"exports":{"exported":[],"specifiers":[]}}},"options":{"filename":"packages/practicalmeteor:mocha/index.js","filenameRelative":"packages/practicalmeteor:mocha/index.js","env":{"development":{"plugins":[]}},"retainLines":false,"highlightCode":true,"suppressDeprecationMessages":false,"presets":[],"plugins":[[[],{"generateLetDeclarations":true,"enforceStrictMode":false}],[[],null],[[],{"polyfill":false}],[[],null],[[],null],[[],null],[[],{"allowTopLevelThis":true,"strict":false,"loose":true}],[[],null],[[],null],[[],null],[[],null],[[],null],[[],null],[[],null],[[],null],[[],null],[[],null],[[],null],[[],null],[[],{"loose":true}],[[],{"loose":true}],[[],null],[[],{"loose":true}],[[],null],[[],null],[[],null],[[],null],[[],null],[[],null],[[],{"loose":true}],[[],null],[[],null],[[],null],[[],null],[[],null],[[],null],[[],null]],"ignore":[],"code":true,"metadata":true,"ast":true,"comments":true,"compact":false,"minified":false,"sourceMap":true,"sourceMaps":true,"sourceMapTarget":"packages/practicalmeteor:mocha/index.js.map","sourceFileName":"packages/practicalmeteor:mocha/index.js","babelrc":false,"sourceType":"module","moduleIds":false,"passPerPreset":false,"parserOpts":false,"generatorOpts":false,"basename":"index"},"ignored":false,"code":"module.exports = process.env.COV ? require('./lib-cov/mocha') : require('./lib/mocha');","map":{"version":3,"sources":["packages/practicalmeteor:mocha/index.js"],"names":["module","exports","process","env","COV","require"],"mappings":"AAAAA,OAAOC,OAAP,GAAiBC,QAAQC,GAAR,CAAYC,GAAZ,GACbC,QAAQ,iBAAR,CADa,GAEbA,QAAQ,aAAR,CAFJ","file":"packages/practicalmeteor:mocha/index.js.map","sourcesContent":["module.exports = process.env.COV\n  ? require('./lib-cov/mocha')\n  : require('./lib/mocha');\n"]},"hash":"5dcfe745ea6782266fef2d6b4cbfc6c5fc498653"}
