{"metadata":{"usedHelpers":[],"marked":[],"modules":{"imports":[{"source":"meteor/meteor","imported":["Meteor"],"specifiers":[{"kind":"named","imported":"Meteor","local":"Meteor"}]},{"source":"react","imported":["default"],"specifiers":[{"kind":"named","imported":"default","local":"React"}]},{"source":"expect","imported":["default"],"specifiers":[{"kind":"named","imported":"default","local":"expect"}]},{"source":"enzyme","imported":["mount"],"specifiers":[{"kind":"named","imported":"mount","local":"mount"}]},{"source":"enzyme-adapter-react-15","imported":["default"],"specifiers":[{"kind":"named","imported":"default","local":"Adapter"}]},{"source":"./PrivateHeader","imported":["default"],"specifiers":[{"kind":"named","imported":"default","local":"PrivateHeader"}]}],"exports":{"exported":[],"specifiers":[]}}},"options":{"filename":"imports/ui/PrivateHeader.test.js","filenameRelative":"imports/ui/PrivateHeader.test.js","env":{"development":{"plugins":[]}},"retainLines":false,"highlightCode":true,"suppressDeprecationMessages":false,"presets":[],"plugins":[[[],{"generateLetDeclarations":true,"enforceStrictMode":false}],[[],null],[[],{"polyfill":false}],[[],null],[[],null],[[],null],[[],{"allowTopLevelThis":true,"strict":false,"loose":true}],[[],null],[[],null],[[],null],[[],null],[[],null],[[],null],[[],null],[[],null],[[],null],[[],null],[[],null],[[],null],[[],{"loose":true}],[[],{"loose":true}],[[],null],[[],{"loose":true}],[[],null],[[],null],[[],null],[[],null],[[],null],[[],null],[[],{"loose":true}],[[],null],[[],null],[[],null],[[],null],[[],null],[[],null],[[],null]],"ignore":[],"code":true,"metadata":true,"ast":true,"comments":true,"compact":false,"minified":false,"sourceMap":true,"sourceMaps":true,"sourceMapTarget":"imports/ui/PrivateHeader.test.js.map","sourceFileName":"imports/ui/PrivateHeader.test.js","babelrc":false,"sourceType":"module","moduleIds":false,"passPerPreset":false,"parserOpts":false,"generatorOpts":false,"basename":"PrivateHeader.test"},"ignored":false,"code":"var Meteor = void 0;\nmodule.watch(require(\"meteor/meteor\"), {\n  Meteor: function (v) {\n    Meteor = v;\n  }\n}, 0);\nvar React = void 0;\nmodule.watch(require(\"react\"), {\n  \"default\": function (v) {\n    React = v;\n  }\n}, 1);\nvar expect = void 0;\nmodule.watch(require(\"expect\"), {\n  \"default\": function (v) {\n    expect = v;\n  }\n}, 2);\nvar mount = void 0;\nmodule.watch(require(\"enzyme\"), {\n  mount: function (v) {\n    mount = v;\n  }\n}, 3);\nvar Adapter = void 0;\nmodule.watch(require(\"enzyme-adapter-react-15\"), {\n  \"default\": function (v) {\n    Adapter = v;\n  }\n}, 4);\nvar PrivateHeader = void 0;\nmodule.watch(require(\"./PrivateHeader\"), {\n  \"default\": function (v) {\n    PrivateHeader = v;\n  }\n}, 5);\nEnzyme.configure({\n  adapter: new Adapter()\n});\n\nif (Meteor.isClient) {\n  describe('PrivateHeader', function () {\n    it('should set button text to logout', function () {\n      var wrapper = mount(React.createElement(PrivateHeader, {\n        title: \"Test title\"\n      }));\n      var buttonText = wrapper.find('button').text();\n      expect(buttonText).toBe('Logout');\n    });\n  });\n}","map":{"version":3,"sources":["imports/ui/PrivateHeader.test.js"],"names":["Meteor","module","watch","require","v","React","expect","mount","Adapter","PrivateHeader","Enzyme","configure","adapter","isClient","describe","it","wrapper","buttonText","find","text","toBe"],"mappings":"AAAA,IAAIA,eAAJ;AAAWC,OAAOC,KAAP,CAAaC,QAAQ,eAAR,CAAb,EAAsC;AAACH,QAAD,YAAQI,CAAR,EAAU;AAACJ,aAAOI,CAAP;AAAS;AAApB,CAAtC,EAA4D,CAA5D;AAA+D,IAAIC,cAAJ;AAAUJ,OAAOC,KAAP,CAAaC,QAAQ,OAAR,CAAb,EAA8B;AAAA,uBAASC,CAAT,EAAW;AAACC,YAAMD,CAAN;AAAQ;AAApB,CAA9B,EAAoD,CAApD;AAAuD,IAAIE,eAAJ;AAAWL,OAAOC,KAAP,CAAaC,QAAQ,QAAR,CAAb,EAA+B;AAAA,uBAASC,CAAT,EAAW;AAACE,aAAOF,CAAP;AAAS;AAArB,CAA/B,EAAsD,CAAtD;AAAyD,IAAIG,cAAJ;AAAUN,OAAOC,KAAP,CAAaC,QAAQ,QAAR,CAAb,EAA+B;AAACI,OAAD,YAAOH,CAAP,EAAS;AAACG,YAAMH,CAAN;AAAQ;AAAlB,CAA/B,EAAmD,CAAnD;AAAsD,IAAII,gBAAJ;AAAYP,OAAOC,KAAP,CAAaC,QAAQ,yBAAR,CAAb,EAAgD;AAAA,uBAASC,CAAT,EAAW;AAACI,cAAQJ,CAAR;AAAU;AAAtB,CAAhD,EAAwE,CAAxE;AAA2E,IAAIK,sBAAJ;AAAkBR,OAAOC,KAAP,CAAaC,QAAQ,iBAAR,CAAb,EAAwC;AAAA,uBAASC,CAAT,EAAW;AAACK,oBAAcL,CAAd;AAAgB;AAA5B,CAAxC,EAAsE,CAAtE;AAOxXM,OAAOC,SAAP,CAAiB;AAAEC,WAAS,IAAIJ,OAAJ;AAAX,CAAjB;;AAIA,IAAGR,OAAOa,QAAV,EAAoB;AAClBC,WAAS,eAAT,EAA0B,YAAW;AACnCC,OAAG,kCAAH,EAAuC,YAAW;AAChD,UAAMC,UAAUT,MAAO,oBAAC,aAAD;AAAe,eAAM;AAArB,QAAP,CAAhB;AACA,UAAMU,aAAaD,QAAQE,IAAR,CAAa,QAAb,EAAuBC,IAAvB,EAAnB;AAEAb,aAAOW,UAAP,EAAmBG,IAAnB,CAAwB,QAAxB;AACD,KALD;AAMD,GAPD;AAQD","file":"imports/ui/PrivateHeader.test.js.map","sourcesContent":["import { Meteor } from 'meteor/meteor';\nimport React from 'react';\nimport expect from 'expect';\nimport { mount } from 'enzyme';\n\nimport Adapter from 'enzyme-adapter-react-15';\n\nEnzyme.configure({ adapter: new Adapter() });\n\nimport PrivateHeader from './PrivateHeader';\n\nif(Meteor.isClient) {\n  describe('PrivateHeader', function() {\n    it('should set button text to logout', function() {\n      const wrapper = mount( <PrivateHeader title=\"Test title\"/> )\n      const buttonText = wrapper.find('button').text();\n\n      expect(buttonText).toBe('Logout');\n    });\n  });\n}\n"]},"hash":"602a10461b0c6bc1aaebdcd311b130d353599395"}
