{"metadata":{"usedHelpers":[],"marked":[],"modules":{"imports":[{"source":"react","imported":["default"],"specifiers":[{"kind":"named","imported":"default","local":"React"}]},{"source":"meteor/accounts-base","imported":["Accounts"],"specifiers":[{"kind":"named","imported":"Accounts","local":"Accounts"}]},{"source":"prop-types","imported":["default"],"specifiers":[{"kind":"named","imported":"default","local":"propTypes"}]},{"source":"react-router","imported":["browserHistory"],"specifiers":[{"kind":"named","imported":"browserHistory","local":"browserHistory"}]},{"source":"react-router-dom","imported":["withRouter"],"specifiers":[{"kind":"named","imported":"withRouter","local":"withRouter"}]},{"source":"meteor/react-meteor-data","imported":["createContainer"],"specifiers":[{"kind":"named","imported":"createContainer","local":"createContainer"}]}],"exports":{"exported":[],"specifiers":[]}}},"options":{"filename":"imports/ui/PrivateHeader.js","filenameRelative":"imports/ui/PrivateHeader.js","env":{"development":{"plugins":[]}},"retainLines":false,"highlightCode":true,"suppressDeprecationMessages":false,"presets":[],"plugins":[[[],{"generateLetDeclarations":true,"enforceStrictMode":false}],[[],null],[[],{"polyfill":false}],[[],null],[[],null],[[],null],[[],{"allowTopLevelThis":true,"strict":false,"loose":true}],[[],null],[[],null],[[],null],[[],null],[[],null],[[],null],[[],null],[[],null],[[],null],[[],null],[[],null],[[],null],[[],{"loose":true}],[[],{"loose":true}],[[],null],[[],{"loose":true}],[[],null],[[],null],[[],null],[[],null],[[],null],[[],null],[[],{"loose":true}],[[],null],[[],null],[[],null],[[],null],[[],null],[[],null],[[],null]],"ignore":[],"code":true,"metadata":true,"ast":true,"comments":true,"compact":false,"minified":false,"sourceMap":true,"sourceMaps":true,"sourceMapTarget":"imports/ui/PrivateHeader.js.map","sourceFileName":"imports/ui/PrivateHeader.js","babelrc":false,"sourceType":"module","moduleIds":false,"passPerPreset":false,"parserOpts":false,"generatorOpts":false,"basename":"PrivateHeader"},"ignored":false,"code":"var _this = this;\n\nvar React = void 0;\nmodule.watch(require(\"react\"), {\n  \"default\": function (v) {\n    React = v;\n  }\n}, 0);\nvar Accounts = void 0;\nmodule.watch(require(\"meteor/accounts-base\"), {\n  Accounts: function (v) {\n    Accounts = v;\n  }\n}, 1);\nvar propTypes = void 0;\nmodule.watch(require(\"prop-types\"), {\n  \"default\": function (v) {\n    propTypes = v;\n  }\n}, 2);\nvar browserHistory = void 0;\nmodule.watch(require(\"react-router\"), {\n  browserHistory: function (v) {\n    browserHistory = v;\n  }\n}, 3);\nvar withRouter = void 0;\nmodule.watch(require(\"react-router-dom\"), {\n  withRouter: function (v) {\n    withRouter = v;\n  }\n}, 4);\nvar createContainer = void 0;\nmodule.watch(require(\"meteor/react-meteor-data\"), {\n  createContainer: function (v) {\n    createContainer = v;\n  }\n}, 5);\n\nvar PrivateHeader = function (props) {\n  return React.createElement(\n    \"div\",\n    {\n      className: \"header\"\n    },\n    React.createElement(\n      \"div\",\n      {\n        className: \"header__content\"\n      },\n      React.createElement(\n        \"h1\",\n        {\n          className: \"header__title\"\n        },\n        props.title\n      ),\n      React.createElement(\n        \"button\",\n        {\n          className: \"button button--link-text\",\n          onClick: props.handleLogout()\n        },\n        \"Logout\"\n      )\n    )\n  );\n};\n\nPrivateHeader.propTypes = {\n  title: propTypes.string.isRequired,\n  handleLogout: propTypes.func.isRequired\n};\nmodule.exportDefault(withRouter(createContainer(function () {\n  return {\n    handleLogout: function () {\n      Accounts.logout(), _this.props.history.push('/');\n    }\n  };\n}, PrivateHeader)));","map":{"version":3,"sources":["imports/ui/PrivateHeader.js"],"names":["React","module","watch","require","v","Accounts","propTypes","browserHistory","withRouter","createContainer","PrivateHeader","props","title","handleLogout","string","isRequired","func","exportDefault","logout","history","push"],"mappings":";;AAAA,IAAIA,cAAJ;AAAUC,OAAOC,KAAP,CAAaC,QAAQ,OAAR,CAAb,EAA8B;AAAA,uBAASC,CAAT,EAAW;AAACJ,YAAMI,CAAN;AAAQ;AAApB,CAA9B,EAAoD,CAApD;AAAuD,IAAIC,iBAAJ;AAAaJ,OAAOC,KAAP,CAAaC,QAAQ,sBAAR,CAAb,EAA6C;AAACE,UAAD,YAAUD,CAAV,EAAY;AAACC,eAASD,CAAT;AAAW;AAAxB,CAA7C,EAAuE,CAAvE;AAA0E,IAAIE,kBAAJ;AAAcL,OAAOC,KAAP,CAAaC,QAAQ,YAAR,CAAb,EAAmC;AAAA,uBAASC,CAAT,EAAW;AAACE,gBAAUF,CAAV;AAAY;AAAxB,CAAnC,EAA6D,CAA7D;AAAgE,IAAIG,uBAAJ;AAAmBN,OAAOC,KAAP,CAAaC,QAAQ,cAAR,CAAb,EAAqC;AAACI,gBAAD,YAAgBH,CAAhB,EAAkB;AAACG,qBAAeH,CAAf;AAAiB;AAApC,CAArC,EAA2E,CAA3E;AAA8E,IAAII,mBAAJ;AAAeP,OAAOC,KAAP,CAAaC,QAAQ,kBAAR,CAAb,EAAyC;AAACK,YAAD,YAAYJ,CAAZ,EAAc;AAACI,iBAAWJ,CAAX;AAAa;AAA5B,CAAzC,EAAuE,CAAvE;AAA0E,IAAIK,wBAAJ;AAAoBR,OAAOC,KAAP,CAAaC,QAAQ,0BAAR,CAAb,EAAiD;AAACM,iBAAD,YAAiBL,CAAjB,EAAmB;AAACK,sBAAgBL,CAAhB;AAAkB;AAAtC,CAAjD,EAAyF,CAAzF;;AAQlb,IAAMM,gBAAgB,UAACC,KAAD,EAAW;AACjC,SACE;AAAA;AAAA;AAAK,iBAAU;AAAf;AACE;AAAA;AAAA;AAAK,mBAAU;AAAf;AACE;AAAA;AAAA;AAAI,qBAAU;AAAd;AAA+BA,cAAMC;AAArC,OADF;AAEA;AAAA;AAAA;AAAQ,qBAAU,0BAAlB;AAA6C,mBAAUD,MAAME,YAAN;AAAvD;AAAA;AAAA;AAFA;AADF,GADF;AAQD,CATC;;AAWFH,cAAcJ,SAAd,GAA0B;AACxBM,SAAON,UAAUQ,MAAV,CAAiBC,UADA;AAExBF,gBAAcP,UAAUU,IAAV,CAAeD;AAFL,CAA1B;AAnBAd,OAAOgB,aAAP,CAwBeT,WAAWC,gBAAgB,YAAM;AAC9C,SAAO;AACLI,kBAAc,YAAM;AAClBR,eAASa,MAAT,IACA,MAAKP,KAAL,CAAWQ,OAAX,CAAmBC,IAAnB,CAAwB,GAAxB,CADA;AAED;AAJI,GAAP;AAMD,CAPyB,EAOvBV,aAPuB,CAAX,CAxBf","file":"imports/ui/PrivateHeader.js.map","sourcesContent":["import React from 'react';\nimport { Accounts } from 'meteor/accounts-base';\n// import createHistory from 'history/createBrowserHistory';\nimport propTypes from 'prop-types';\nimport { browserHistory } from 'react-router';\nimport { withRouter } from 'react-router-dom';\nimport { createContainer } from 'meteor/react-meteor-data';\n\n  const PrivateHeader = (props) => {\n  return (\n    <div className=\"header\">\n      <div className=\"header__content\">\n        <h1 className=\"header__title\">{props.title}</h1>\n      <button className=\"button button--link-text\" onClick={ props.handleLogout() }>Logout</button>\n      </div>\n    </div>\n  );\n};\n\nPrivateHeader.propTypes = {\n  title: propTypes.string.isRequired,\n  handleLogout: propTypes.func.isRequired\n};\n\nexport default withRouter(createContainer(() => {\n  return {\n    handleLogout: () => {\n      Accounts.logout(),\n      this.props.history.push('/')\n    }\n  };\n}, PrivateHeader));\n"]},"hash":"60314a71dffe79fff1d6cde8038fe07260400ca2"}
