{"metadata":{"usedHelpers":[],"marked":[],"modules":{"imports":[],"exports":{"exported":[],"specifiers":[]}}},"options":{"filename":"packages/practicalmeteor:mocha/test/browser/multiple-done.js","filenameRelative":"packages/practicalmeteor:mocha/test/browser/multiple-done.js","env":{"development":{"plugins":[]}},"retainLines":false,"highlightCode":true,"suppressDeprecationMessages":false,"presets":[],"plugins":[[[],{"generateLetDeclarations":true,"enforceStrictMode":false}],[[],null],[[],{"polyfill":false}],[[],null],[[],null],[[],null],[[],{"allowTopLevelThis":true,"strict":false,"loose":true}],[[],null],[[],null],[[],null],[[],null],[[],null],[[],null],[[],null],[[],null],[[],null],[[],null],[[],null],[[],null],[[],{"loose":true}],[[],{"loose":true}],[[],null],[[],{"loose":true}],[[],null],[[],null],[[],null],[[],null],[[],null],[[],null],[[],{"loose":true}],[[],null],[[],null],[[],null],[[],null],[[],null],[[],null],[[],null]],"ignore":[],"code":true,"metadata":true,"ast":true,"comments":true,"compact":false,"minified":false,"sourceMap":true,"sourceMaps":true,"sourceMapTarget":"packages/practicalmeteor:mocha/test/browser/multiple-done.js.map","sourceFileName":"packages/practicalmeteor:mocha/test/browser/multiple-done.js","babelrc":false,"sourceType":"module","moduleIds":false,"passPerPreset":false,"parserOpts":false,"generatorOpts":false,"basename":"multiple-done"},"ignored":false,"code":"describe('Multiple Done calls', function () {\n  it('should report an error if done was called more than once', function (done) {\n    done();\n    done();\n  });\n  it('should report an error if an exception happened async after done was called', function (done) {\n    done();\n    setTimeout(done, 50);\n  });\n  it('should report an error if an exception happened after done was called', function (done) {\n    done();\n    throw new Error(\"thrown error\");\n  });\n});","map":{"version":3,"sources":["packages/practicalmeteor:mocha/test/browser/multiple-done.js"],"names":["describe","it","done","setTimeout","Error"],"mappings":"AAAAA,SAAS,qBAAT,EAAgC,YAAU;AACxCC,KAAG,0DAAH,EAA+D,UAASC,IAAT,EAAc;AAC3EA;AACAA;AACD,GAHD;AAKAD,KAAG,6EAAH,EAAkF,UAAUC,IAAV,EAAgB;AAChGA;AACAC,eAAWD,IAAX,EAAiB,EAAjB;AACD,GAHD;AAKAD,KAAG,uEAAH,EAA4E,UAASC,IAAT,EAAc;AACxFA;AACA,UAAM,IAAIE,KAAJ,CAAU,cAAV,CAAN;AACD,GAHD;AAID,CAfD","file":"packages/practicalmeteor:mocha/test/browser/multiple-done.js.map","sourcesContent":["describe('Multiple Done calls', function(){\n  it('should report an error if done was called more than once', function(done){\n    done();\n    done();\n  })\n\n  it('should report an error if an exception happened async after done was called', function (done) {\n    done();\n    setTimeout(done, 50);\n  })\n\n  it('should report an error if an exception happened after done was called', function(done){\n    done();\n    throw new Error(\"thrown error\");\n  })\n})\n"]},"hash":"618efee885c05f2f2544d030c186c852536a8b13"}
