{"metadata":{"usedHelpers":[],"marked":[],"modules":{"imports":[],"exports":{"exported":[],"specifiers":[]}}},"options":{"filename":"packages/practicalmeteor:mocha/test/compiler/foo.js","filenameRelative":"packages/practicalmeteor:mocha/test/compiler/foo.js","env":{"development":{"plugins":[]}},"retainLines":false,"highlightCode":true,"suppressDeprecationMessages":false,"presets":[],"plugins":[[[],{"generateLetDeclarations":true,"enforceStrictMode":false}],[[],null],[[],{"polyfill":false}],[[],null],[[],null],[[],null],[[],{"allowTopLevelThis":true,"strict":false,"loose":true}],[[],null],[[],null],[[],null],[[],null],[[],null],[[],null],[[],null],[[],null],[[],null],[[],null],[[],null],[[],null],[[],{"loose":true}],[[],{"loose":true}],[[],null],[[],{"loose":true}],[[],null],[[],null],[[],null],[[],null],[[],null],[[],null],[[],{"loose":true}],[[],null],[[],null],[[],null],[[],null],[[],null],[[],null],[[],null]],"ignore":[],"code":true,"metadata":true,"ast":true,"comments":true,"compact":false,"minified":false,"sourceMap":true,"sourceMaps":true,"sourceMapTarget":"packages/practicalmeteor:mocha/test/compiler/foo.js.map","sourceFileName":"packages/practicalmeteor:mocha/test/compiler/foo.js","babelrc":false,"sourceType":"module","moduleIds":false,"passPerPreset":false,"parserOpts":false,"generatorOpts":false,"basename":"foo"},"ignored":false,"code":"var fs = require('fs');\n\nrequire.extensions['.foo'] = function (module, filename) {\n  var content;\n  content = fs.readFileSync(filename, 'utf8');\n  var test = 'describe(\"custom compiler\",function(){ it(\"should work\",function() { ' + content + '.should.eql(1); }); });';\n  return module._compile(test, filename);\n};","map":{"version":3,"sources":["packages/practicalmeteor:mocha/test/compiler/foo.js"],"names":["fs","require","extensions","module","filename","content","readFileSync","test","_compile"],"mappings":"AAAA,IAAIA,KAAKC,QAAQ,IAAR,CAAT;;AACAA,QAAQC,UAAR,CAAmB,MAAnB,IAA6B,UAASC,MAAT,EAAiBC,QAAjB,EAA2B;AACtD,MAAIC,OAAJ;AACAA,YAAUL,GAAGM,YAAH,CAAgBF,QAAhB,EAA0B,MAA1B,CAAV;AACA,MAAIG,OAAO,0EACPF,OADO,GACG,yBADd;AAEA,SAAOF,OAAOK,QAAP,CAAgBD,IAAhB,EAAsBH,QAAtB,CAAP;AACD,CAND","file":"packages/practicalmeteor:mocha/test/compiler/foo.js.map","sourcesContent":["var fs = require('fs');\nrequire.extensions['.foo'] = function(module, filename) {\n  var content;\n  content = fs.readFileSync(filename, 'utf8');\n  var test = 'describe(\"custom compiler\",function(){ it(\"should work\",function() { '\n    + content + '.should.eql(1); }); });';\n  return module._compile(test, filename);\n};\n"]},"hash":"63bd52fc7411b144ff73fa3ad6901930bcaf0d86"}
