{"metadata":{"usedHelpers":[],"marked":[],"modules":{"imports":[],"exports":{"exported":[],"specifiers":[]}}},"options":{"filename":"packages/practicalmeteor:mocha/lib/reporters/nyan.js","filenameRelative":"packages/practicalmeteor:mocha/lib/reporters/nyan.js","env":{"development":{"plugins":[]}},"retainLines":false,"highlightCode":true,"suppressDeprecationMessages":false,"presets":[],"plugins":[[[],{"generateLetDeclarations":true,"enforceStrictMode":false}],[[],null],[[],{"polyfill":false}],[[],null],[[],null],[[],null],[[],{"allowTopLevelThis":true,"strict":false,"loose":true}],[[],null],[[],null],[[],null],[[],null],[[],null],[[],null],[[],null],[[],null],[[],null],[[],null],[[],null],[[],null],[[],{"loose":true}],[[],{"loose":true}],[[],null],[[],{"loose":true}],[[],null],[[],null],[[],null],[[],null],[[],null],[[],null],[[],{"loose":true}],[[],null],[[],null],[[],null],[[],null],[[],null],[[],null],[[],null]],"ignore":[],"code":true,"metadata":true,"ast":true,"comments":true,"compact":false,"minified":false,"sourceMap":true,"sourceMaps":true,"sourceMapTarget":"packages/practicalmeteor:mocha/lib/reporters/nyan.js.map","sourceFileName":"packages/practicalmeteor:mocha/lib/reporters/nyan.js","babelrc":false,"sourceType":"module","moduleIds":false,"passPerPreset":false,"parserOpts":false,"generatorOpts":false,"basename":"nyan"},"ignored":false,"code":"/**\n * Module dependencies.\n */var Base = require('./base');\n\nvar inherits = require('../utils').inherits; /**\n                                              * Expose `Dot`.\n                                              */\n\nexports = module.exports = NyanCat; /**\n                                     * Initialize a new `Dot` matrix test reporter.\n                                     *\n                                     * @param {Runner} runner\n                                     * @api public\n                                     */\n\nfunction NyanCat(runner) {\n  Base.call(this, runner);\n  var self = this;\n  var width = Base.window.width * .75 | 0;\n  var nyanCatWidth = this.nyanCatWidth = 11;\n  this.colorIndex = 0;\n  this.numberOfLines = 4;\n  this.rainbowColors = self.generateColors();\n  this.scoreboardWidth = 5;\n  this.tick = 0;\n  this.trajectories = [[], [], [], []];\n  this.trajectoryWidthMax = width - nyanCatWidth;\n  runner.on('start', function () {\n    Base.cursor.hide();\n    self.draw();\n  });\n  runner.on('pending', function () {\n    self.draw();\n  });\n  runner.on('pass', function () {\n    self.draw();\n  });\n  runner.on('fail', function () {\n    self.draw();\n  });\n  runner.on('end', function () {\n    Base.cursor.show();\n\n    for (var i = 0; i < self.numberOfLines; i++) {\n      write('\\n');\n    }\n\n    self.epilogue();\n  });\n} /**\n   * Inherit from `Base.prototype`.\n   */\n\ninherits(NyanCat, Base); /**\n                          * Draw the nyan cat\n                          *\n                          * @api private\n                          */\n\nNyanCat.prototype.draw = function () {\n  this.appendRainbow();\n  this.drawScoreboard();\n  this.drawRainbow();\n  this.drawNyanCat();\n  this.tick = !this.tick;\n}; /**\n    * Draw the \"scoreboard\" showing the number\n    * of passes, failures and pending tests.\n    *\n    * @api private\n    */\n\nNyanCat.prototype.drawScoreboard = function () {\n  var stats = this.stats;\n\n  function draw(type, n) {\n    write(' ');\n    write(Base.color(type, n));\n    write('\\n');\n  }\n\n  draw('green', stats.passes);\n  draw('fail', stats.failures);\n  draw('pending', stats.pending);\n  write('\\n');\n  this.cursorUp(this.numberOfLines);\n}; /**\n    * Append the rainbow.\n    *\n    * @api private\n    */\n\nNyanCat.prototype.appendRainbow = function () {\n  var segment = this.tick ? '_' : '-';\n  var rainbowified = this.rainbowify(segment);\n\n  for (var index = 0; index < this.numberOfLines; index++) {\n    var trajectory = this.trajectories[index];\n\n    if (trajectory.length >= this.trajectoryWidthMax) {\n      trajectory.shift();\n    }\n\n    trajectory.push(rainbowified);\n  }\n}; /**\n    * Draw the rainbow.\n    *\n    * @api private\n    */\n\nNyanCat.prototype.drawRainbow = function () {\n  var self = this;\n  this.trajectories.forEach(function (line) {\n    write(\"\\x1B[\" + self.scoreboardWidth + 'C');\n    write(line.join(''));\n    write('\\n');\n  });\n  this.cursorUp(this.numberOfLines);\n}; /**\n    * Draw the nyan cat\n    *\n    * @api private\n    */\n\nNyanCat.prototype.drawNyanCat = function () {\n  var self = this;\n  var startWidth = this.scoreboardWidth + this.trajectories[0].length;\n  var dist = \"\\x1B[\" + startWidth + 'C';\n  var padding = '';\n  write(dist);\n  write('_,------,');\n  write('\\n');\n  write(dist);\n  padding = self.tick ? '  ' : '   ';\n  write('_|' + padding + '/\\\\_/\\\\ ');\n  write('\\n');\n  write(dist);\n  padding = self.tick ? '_' : '__';\n  var tail = self.tick ? '~' : '^';\n  write(tail + '|' + padding + this.face() + ' ');\n  write('\\n');\n  write(dist);\n  padding = self.tick ? ' ' : '  ';\n  write(padding + '\"\"  \"\" ');\n  write('\\n');\n  this.cursorUp(this.numberOfLines);\n}; /**\n    * Draw nyan cat face.\n    *\n    * @api private\n    * @return {string}\n    */\n\nNyanCat.prototype.face = function () {\n  var stats = this.stats;\n\n  if (stats.failures) {\n    return '( x .x)';\n  } else if (stats.pending) {\n    return '( o .o)';\n  } else if (stats.passes) {\n    return '( ^ .^)';\n  }\n\n  return '( - .-)';\n}; /**\n    * Move cursor up `n`.\n    *\n    * @api private\n    * @param {number} n\n    */\n\nNyanCat.prototype.cursorUp = function (n) {\n  write(\"\\x1B[\" + n + 'A');\n}; /**\n    * Move cursor down `n`.\n    *\n    * @api private\n    * @param {number} n\n    */\n\nNyanCat.prototype.cursorDown = function (n) {\n  write(\"\\x1B[\" + n + 'B');\n}; /**\n    * Generate rainbow colors.\n    *\n    * @api private\n    * @return {Array}\n    */\n\nNyanCat.prototype.generateColors = function () {\n  var colors = [];\n\n  for (var i = 0; i < 6 * 7; i++) {\n    var pi3 = Math.floor(Math.PI / 3);\n    var n = i * (1.0 / 6);\n    var r = Math.floor(3 * Math.sin(n) + 3);\n    var g = Math.floor(3 * Math.sin(n + 2 * pi3) + 3);\n    var b = Math.floor(3 * Math.sin(n + 4 * pi3) + 3);\n    colors.push(36 * r + 6 * g + b + 16);\n  }\n\n  return colors;\n}; /**\n    * Apply rainbow to the given `str`.\n    *\n    * @api private\n    * @param {string} str\n    * @return {string}\n    */\n\nNyanCat.prototype.rainbowify = function (str) {\n  if (!Base.useColors) {\n    return str;\n  }\n\n  var color = this.rainbowColors[this.colorIndex % this.rainbowColors.length];\n  this.colorIndex += 1;\n  return \"\\x1B[38;5;\" + color + 'm' + str + \"\\x1B[0m\";\n}; /**\n    * Stdout helper.\n    *\n    * @param {string} string A message to write to stdout.\n    */\n\nfunction write(string) {\n  process.stdout.write(string);\n}","map":{"version":3,"sources":["packages/practicalmeteor:mocha/lib/reporters/nyan.js"],"names":["Base","require","inherits","exports","module","NyanCat","runner","call","self","width","window","nyanCatWidth","colorIndex","numberOfLines","rainbowColors","generateColors","scoreboardWidth","tick","trajectories","trajectoryWidthMax","on","cursor","hide","draw","show","i","write","epilogue","prototype","appendRainbow","drawScoreboard","drawRainbow","drawNyanCat","stats","type","n","color","passes","failures","pending","cursorUp","segment","rainbowified","rainbowify","index","trajectory","length","shift","push","forEach","line","join","startWidth","dist","padding","tail","face","cursorDown","colors","pi3","Math","floor","PI","r","sin","g","b","str","useColors","string","process","stdout"],"mappings":"AAAA;;GAIA,IAAIA,OAAOC,QAAQ,QAAR,CAAX;;AACA,IAAIC,WAAWD,QAAQ,UAAR,EAAoBC,QAAnC,C,CAEA;;;;AAIAC,UAAUC,OAAOD,OAAP,GAAiBE,OAA3B,C,CAEA;;;;;;;AAOA,SAASA,OAAT,CAAiBC,MAAjB,EAAyB;AACvBN,OAAKO,IAAL,CAAU,IAAV,EAAgBD,MAAhB;AAEA,MAAIE,OAAO,IAAX;AACA,MAAIC,QAAQT,KAAKU,MAAL,CAAYD,KAAZ,GAAoB,GAApB,GAA0B,CAAtC;AACA,MAAIE,eAAe,KAAKA,YAAL,GAAoB,EAAvC;AAEA,OAAKC,UAAL,GAAkB,CAAlB;AACA,OAAKC,aAAL,GAAqB,CAArB;AACA,OAAKC,aAAL,GAAqBN,KAAKO,cAAL,EAArB;AACA,OAAKC,eAAL,GAAuB,CAAvB;AACA,OAAKC,IAAL,GAAY,CAAZ;AACA,OAAKC,YAAL,GAAoB,CAAC,EAAD,EAAK,EAAL,EAAS,EAAT,EAAa,EAAb,CAApB;AACA,OAAKC,kBAAL,GAA2BV,QAAQE,YAAnC;AAEAL,SAAOc,EAAP,CAAU,OAAV,EAAmB,YAAW;AAC5BpB,SAAKqB,MAAL,CAAYC,IAAZ;AACAd,SAAKe,IAAL;AACD,GAHD;AAKAjB,SAAOc,EAAP,CAAU,SAAV,EAAqB,YAAW;AAC9BZ,SAAKe,IAAL;AACD,GAFD;AAIAjB,SAAOc,EAAP,CAAU,MAAV,EAAkB,YAAW;AAC3BZ,SAAKe,IAAL;AACD,GAFD;AAIAjB,SAAOc,EAAP,CAAU,MAAV,EAAkB,YAAW;AAC3BZ,SAAKe,IAAL;AACD,GAFD;AAIAjB,SAAOc,EAAP,CAAU,KAAV,EAAiB,YAAW;AAC1BpB,SAAKqB,MAAL,CAAYG,IAAZ;;AACA,SAAK,IAAIC,IAAI,CAAb,EAAgBA,IAAIjB,KAAKK,aAAzB,EAAwCY,GAAxC,EAA6C;AAC3CC,YAAM,IAAN;AACD;;AACDlB,SAAKmB,QAAL;AACD,GAND;AAOD,C,CAED;;;;AAGAzB,SAASG,OAAT,EAAkBL,IAAlB,E,CAEA;;;;;;AAMAK,QAAQuB,SAAR,CAAkBL,IAAlB,GAAyB,YAAW;AAClC,OAAKM,aAAL;AACA,OAAKC,cAAL;AACA,OAAKC,WAAL;AACA,OAAKC,WAAL;AACA,OAAKf,IAAL,GAAY,CAAC,KAAKA,IAAlB;AACD,CAND,C,CAQA;;;;;;;AAOAZ,QAAQuB,SAAR,CAAkBE,cAAlB,GAAmC,YAAW;AAC5C,MAAIG,QAAQ,KAAKA,KAAjB;;AAEA,WAASV,IAAT,CAAcW,IAAd,EAAoBC,CAApB,EAAuB;AACrBT,UAAM,GAAN;AACAA,UAAM1B,KAAKoC,KAAL,CAAWF,IAAX,EAAiBC,CAAjB,CAAN;AACAT,UAAM,IAAN;AACD;;AAEDH,OAAK,OAAL,EAAcU,MAAMI,MAApB;AACAd,OAAK,MAAL,EAAaU,MAAMK,QAAnB;AACAf,OAAK,SAAL,EAAgBU,MAAMM,OAAtB;AACAb,QAAM,IAAN;AAEA,OAAKc,QAAL,CAAc,KAAK3B,aAAnB;AACD,CAfD,C,CAiBA;;;;;;AAMAR,QAAQuB,SAAR,CAAkBC,aAAlB,GAAkC,YAAW;AAC3C,MAAIY,UAAU,KAAKxB,IAAL,GAAY,GAAZ,GAAkB,GAAhC;AACA,MAAIyB,eAAe,KAAKC,UAAL,CAAgBF,OAAhB,CAAnB;;AAEA,OAAK,IAAIG,QAAQ,CAAjB,EAAoBA,QAAQ,KAAK/B,aAAjC,EAAgD+B,OAAhD,EAAyD;AACvD,QAAIC,aAAa,KAAK3B,YAAL,CAAkB0B,KAAlB,CAAjB;;AACA,QAAIC,WAAWC,MAAX,IAAqB,KAAK3B,kBAA9B,EAAkD;AAChD0B,iBAAWE,KAAX;AACD;;AACDF,eAAWG,IAAX,CAAgBN,YAAhB;AACD;AACF,CAXD,C,CAaA;;;;;;AAMArC,QAAQuB,SAAR,CAAkBG,WAAlB,GAAgC,YAAW;AACzC,MAAIvB,OAAO,IAAX;AAEA,OAAKU,YAAL,CAAkB+B,OAAlB,CAA0B,UAASC,IAAT,EAAe;AACvCxB,UAAM,UAAYlB,KAAKQ,eAAjB,GAAmC,GAAzC;AACAU,UAAMwB,KAAKC,IAAL,CAAU,EAAV,CAAN;AACAzB,UAAM,IAAN;AACD,GAJD;AAMA,OAAKc,QAAL,CAAc,KAAK3B,aAAnB;AACD,CAVD,C,CAYA;;;;;;AAKAR,QAAQuB,SAAR,CAAkBI,WAAlB,GAAgC,YAAW;AACzC,MAAIxB,OAAO,IAAX;AACA,MAAI4C,aAAa,KAAKpC,eAAL,GAAuB,KAAKE,YAAL,CAAkB,CAAlB,EAAqB4B,MAA7D;AACA,MAAIO,OAAO,UAAYD,UAAZ,GAAyB,GAApC;AACA,MAAIE,UAAU,EAAd;AAEA5B,QAAM2B,IAAN;AACA3B,QAAM,WAAN;AACAA,QAAM,IAAN;AAEAA,QAAM2B,IAAN;AACAC,YAAU9C,KAAKS,IAAL,GAAY,IAAZ,GAAmB,KAA7B;AACAS,QAAM,OAAO4B,OAAP,GAAiB,UAAvB;AACA5B,QAAM,IAAN;AAEAA,QAAM2B,IAAN;AACAC,YAAU9C,KAAKS,IAAL,GAAY,GAAZ,GAAkB,IAA5B;AACA,MAAIsC,OAAO/C,KAAKS,IAAL,GAAY,GAAZ,GAAkB,GAA7B;AACAS,QAAM6B,OAAO,GAAP,GAAaD,OAAb,GAAuB,KAAKE,IAAL,EAAvB,GAAqC,GAA3C;AACA9B,QAAM,IAAN;AAEAA,QAAM2B,IAAN;AACAC,YAAU9C,KAAKS,IAAL,GAAY,GAAZ,GAAkB,IAA5B;AACAS,QAAM4B,UAAU,SAAhB;AACA5B,QAAM,IAAN;AAEA,OAAKc,QAAL,CAAc,KAAK3B,aAAnB;AACD,CA3BD,C,CA6BA;;;;;;;AAOAR,QAAQuB,SAAR,CAAkB4B,IAAlB,GAAyB,YAAW;AAClC,MAAIvB,QAAQ,KAAKA,KAAjB;;AACA,MAAIA,MAAMK,QAAV,EAAoB;AAClB,WAAO,SAAP;AACD,GAFD,MAEO,IAAIL,MAAMM,OAAV,EAAmB;AACxB,WAAO,SAAP;AACD,GAFM,MAEA,IAAIN,MAAMI,MAAV,EAAkB;AACvB,WAAO,SAAP;AACD;;AACD,SAAO,SAAP;AACD,CAVD,C,CAYA;;;;;;;AAOAhC,QAAQuB,SAAR,CAAkBY,QAAlB,GAA6B,UAASL,CAAT,EAAY;AACvCT,QAAM,UAAYS,CAAZ,GAAgB,GAAtB;AACD,CAFD,C,CAIA;;;;;;;AAOA9B,QAAQuB,SAAR,CAAkB6B,UAAlB,GAA+B,UAAStB,CAAT,EAAY;AACzCT,QAAM,UAAYS,CAAZ,GAAgB,GAAtB;AACD,CAFD,C,CAIA;;;;;;;AAMA9B,QAAQuB,SAAR,CAAkBb,cAAlB,GAAmC,YAAW;AAC5C,MAAI2C,SAAS,EAAb;;AAEA,OAAK,IAAIjC,IAAI,CAAb,EAAgBA,IAAK,IAAI,CAAzB,EAA6BA,GAA7B,EAAkC;AAChC,QAAIkC,MAAMC,KAAKC,KAAL,CAAWD,KAAKE,EAAL,GAAU,CAArB,CAAV;AACA,QAAI3B,IAAKV,KAAK,MAAM,CAAX,CAAT;AACA,QAAIsC,IAAIH,KAAKC,KAAL,CAAW,IAAID,KAAKI,GAAL,CAAS7B,CAAT,CAAJ,GAAkB,CAA7B,CAAR;AACA,QAAI8B,IAAIL,KAAKC,KAAL,CAAW,IAAID,KAAKI,GAAL,CAAS7B,IAAI,IAAIwB,GAAjB,CAAJ,GAA4B,CAAvC,CAAR;AACA,QAAIO,IAAIN,KAAKC,KAAL,CAAW,IAAID,KAAKI,GAAL,CAAS7B,IAAI,IAAIwB,GAAjB,CAAJ,GAA4B,CAAvC,CAAR;AACAD,WAAOV,IAAP,CAAY,KAAKe,CAAL,GAAS,IAAIE,CAAb,GAAiBC,CAAjB,GAAqB,EAAjC;AACD;;AAED,SAAOR,MAAP;AACD,CAbD,C,CAeA;;;;;;;;AAOArD,QAAQuB,SAAR,CAAkBe,UAAlB,GAA+B,UAASwB,GAAT,EAAc;AAC3C,MAAI,CAACnE,KAAKoE,SAAV,EAAqB;AACnB,WAAOD,GAAP;AACD;;AACD,MAAI/B,QAAQ,KAAKtB,aAAL,CAAmB,KAAKF,UAAL,GAAkB,KAAKE,aAAL,CAAmBgC,MAAxD,CAAZ;AACA,OAAKlC,UAAL,IAAmB,CAAnB;AACA,SAAO,eAAiBwB,KAAjB,GAAyB,GAAzB,GAA+B+B,GAA/B,GAAqC,SAA5C;AACD,CAPD,C,CASA;;;;;;AAKA,SAASzC,KAAT,CAAe2C,MAAf,EAAuB;AACrBC,UAAQC,MAAR,CAAe7C,KAAf,CAAqB2C,MAArB;AACD","file":"packages/practicalmeteor:mocha/lib/reporters/nyan.js.map","sourcesContent":["/**\n * Module dependencies.\n */\n\nvar Base = require('./base');\nvar inherits = require('../utils').inherits;\n\n/**\n * Expose `Dot`.\n */\n\nexports = module.exports = NyanCat;\n\n/**\n * Initialize a new `Dot` matrix test reporter.\n *\n * @param {Runner} runner\n * @api public\n */\n\nfunction NyanCat(runner) {\n  Base.call(this, runner);\n\n  var self = this;\n  var width = Base.window.width * .75 | 0;\n  var nyanCatWidth = this.nyanCatWidth = 11;\n\n  this.colorIndex = 0;\n  this.numberOfLines = 4;\n  this.rainbowColors = self.generateColors();\n  this.scoreboardWidth = 5;\n  this.tick = 0;\n  this.trajectories = [[], [], [], []];\n  this.trajectoryWidthMax = (width - nyanCatWidth);\n\n  runner.on('start', function() {\n    Base.cursor.hide();\n    self.draw();\n  });\n\n  runner.on('pending', function() {\n    self.draw();\n  });\n\n  runner.on('pass', function() {\n    self.draw();\n  });\n\n  runner.on('fail', function() {\n    self.draw();\n  });\n\n  runner.on('end', function() {\n    Base.cursor.show();\n    for (var i = 0; i < self.numberOfLines; i++) {\n      write('\\n');\n    }\n    self.epilogue();\n  });\n}\n\n/**\n * Inherit from `Base.prototype`.\n */\ninherits(NyanCat, Base);\n\n/**\n * Draw the nyan cat\n *\n * @api private\n */\n\nNyanCat.prototype.draw = function() {\n  this.appendRainbow();\n  this.drawScoreboard();\n  this.drawRainbow();\n  this.drawNyanCat();\n  this.tick = !this.tick;\n};\n\n/**\n * Draw the \"scoreboard\" showing the number\n * of passes, failures and pending tests.\n *\n * @api private\n */\n\nNyanCat.prototype.drawScoreboard = function() {\n  var stats = this.stats;\n\n  function draw(type, n) {\n    write(' ');\n    write(Base.color(type, n));\n    write('\\n');\n  }\n\n  draw('green', stats.passes);\n  draw('fail', stats.failures);\n  draw('pending', stats.pending);\n  write('\\n');\n\n  this.cursorUp(this.numberOfLines);\n};\n\n/**\n * Append the rainbow.\n *\n * @api private\n */\n\nNyanCat.prototype.appendRainbow = function() {\n  var segment = this.tick ? '_' : '-';\n  var rainbowified = this.rainbowify(segment);\n\n  for (var index = 0; index < this.numberOfLines; index++) {\n    var trajectory = this.trajectories[index];\n    if (trajectory.length >= this.trajectoryWidthMax) {\n      trajectory.shift();\n    }\n    trajectory.push(rainbowified);\n  }\n};\n\n/**\n * Draw the rainbow.\n *\n * @api private\n */\n\nNyanCat.prototype.drawRainbow = function() {\n  var self = this;\n\n  this.trajectories.forEach(function(line) {\n    write('\\u001b[' + self.scoreboardWidth + 'C');\n    write(line.join(''));\n    write('\\n');\n  });\n\n  this.cursorUp(this.numberOfLines);\n};\n\n/**\n * Draw the nyan cat\n *\n * @api private\n */\nNyanCat.prototype.drawNyanCat = function() {\n  var self = this;\n  var startWidth = this.scoreboardWidth + this.trajectories[0].length;\n  var dist = '\\u001b[' + startWidth + 'C';\n  var padding = '';\n\n  write(dist);\n  write('_,------,');\n  write('\\n');\n\n  write(dist);\n  padding = self.tick ? '  ' : '   ';\n  write('_|' + padding + '/\\\\_/\\\\ ');\n  write('\\n');\n\n  write(dist);\n  padding = self.tick ? '_' : '__';\n  var tail = self.tick ? '~' : '^';\n  write(tail + '|' + padding + this.face() + ' ');\n  write('\\n');\n\n  write(dist);\n  padding = self.tick ? ' ' : '  ';\n  write(padding + '\"\"  \"\" ');\n  write('\\n');\n\n  this.cursorUp(this.numberOfLines);\n};\n\n/**\n * Draw nyan cat face.\n *\n * @api private\n * @return {string}\n */\n\nNyanCat.prototype.face = function() {\n  var stats = this.stats;\n  if (stats.failures) {\n    return '( x .x)';\n  } else if (stats.pending) {\n    return '( o .o)';\n  } else if (stats.passes) {\n    return '( ^ .^)';\n  }\n  return '( - .-)';\n};\n\n/**\n * Move cursor up `n`.\n *\n * @api private\n * @param {number} n\n */\n\nNyanCat.prototype.cursorUp = function(n) {\n  write('\\u001b[' + n + 'A');\n};\n\n/**\n * Move cursor down `n`.\n *\n * @api private\n * @param {number} n\n */\n\nNyanCat.prototype.cursorDown = function(n) {\n  write('\\u001b[' + n + 'B');\n};\n\n/**\n * Generate rainbow colors.\n *\n * @api private\n * @return {Array}\n */\nNyanCat.prototype.generateColors = function() {\n  var colors = [];\n\n  for (var i = 0; i < (6 * 7); i++) {\n    var pi3 = Math.floor(Math.PI / 3);\n    var n = (i * (1.0 / 6));\n    var r = Math.floor(3 * Math.sin(n) + 3);\n    var g = Math.floor(3 * Math.sin(n + 2 * pi3) + 3);\n    var b = Math.floor(3 * Math.sin(n + 4 * pi3) + 3);\n    colors.push(36 * r + 6 * g + b + 16);\n  }\n\n  return colors;\n};\n\n/**\n * Apply rainbow to the given `str`.\n *\n * @api private\n * @param {string} str\n * @return {string}\n */\nNyanCat.prototype.rainbowify = function(str) {\n  if (!Base.useColors) {\n    return str;\n  }\n  var color = this.rainbowColors[this.colorIndex % this.rainbowColors.length];\n  this.colorIndex += 1;\n  return '\\u001b[38;5;' + color + 'm' + str + '\\u001b[0m';\n};\n\n/**\n * Stdout helper.\n *\n * @param {string} string A message to write to stdout.\n */\nfunction write(string) {\n  process.stdout.write(string);\n}\n"]},"hash":"63be51ffbdffed59da553a76e48f36eb0cfe2ca1"}
