{"metadata":{"usedHelpers":[],"marked":[],"modules":{"imports":[],"exports":{"exported":[],"specifiers":[]}}},"options":{"filename":"packages/practicalmeteor:mocha/test/browser/opts.js","filenameRelative":"packages/practicalmeteor:mocha/test/browser/opts.js","env":{"development":{"plugins":[]}},"retainLines":false,"highlightCode":true,"suppressDeprecationMessages":false,"presets":[],"plugins":[[[],{"generateLetDeclarations":true,"enforceStrictMode":false}],[[],null],[[],{"polyfill":false}],[[],null],[[],null],[[],null],[[],{"allowTopLevelThis":true,"strict":false,"loose":true}],[[],null],[[],null],[[],null],[[],null],[[],null],[[],null],[[],null],[[],null],[[],null],[[],null],[[],null],[[],null],[[],{"loose":true}],[[],{"loose":true}],[[],null],[[],{"loose":true}],[[],null],[[],null],[[],null],[[],null],[[],null],[[],null],[[],{"loose":true}],[[],null],[[],null],[[],null],[[],null],[[],null],[[],null],[[],null]],"ignore":[],"code":true,"metadata":true,"ast":true,"comments":true,"compact":false,"minified":false,"sourceMap":true,"sourceMaps":true,"sourceMapTarget":"packages/practicalmeteor:mocha/test/browser/opts.js.map","sourceFileName":"packages/practicalmeteor:mocha/test/browser/opts.js","babelrc":false,"sourceType":"module","moduleIds":false,"passPerPreset":false,"parserOpts":false,"generatorOpts":false,"basename":"opts"},"ignored":false,"code":"describe('Options', function () {\n  it('should set timeout value', function () {\n    assert(this.test._timeout === 1500);\n  });\n});","map":{"version":3,"sources":["packages/practicalmeteor:mocha/test/browser/opts.js"],"names":["describe","it","assert","test","_timeout"],"mappings":"AAAAA,SAAS,SAAT,EAAoB,YAAW;AAC7BC,KAAG,0BAAH,EAA+B,YAAW;AACxCC,WAAO,KAAKC,IAAL,CAAUC,QAAV,KAAuB,IAA9B;AACD,GAFD;AAGD,CAJD","file":"packages/practicalmeteor:mocha/test/browser/opts.js.map","sourcesContent":["describe('Options', function() {\n  it('should set timeout value', function() {\n    assert(this.test._timeout === 1500);\n  });\n})\n"]},"hash":"65b384abaf428999b24b9e790135f807d0f0d4e3"}
