{"metadata":{"usedHelpers":[],"marked":[],"modules":{"imports":[{"source":"meteor/meteor","imported":["Meteor"],"specifiers":[{"kind":"named","imported":"Meteor","local":"Meteor"}]},{"source":"react","imported":["default"],"specifiers":[{"kind":"named","imported":"default","local":"React"}]},{"source":"expect","imported":["default"],"specifiers":[{"kind":"named","imported":"default","local":"expect"}]},{"source":"enzyme","imported":["mount"],"specifiers":[{"kind":"named","imported":"mount","local":"mount"}]},{"source":"./Login","imported":["Login"],"specifiers":[{"kind":"named","imported":"Login","local":"Login"}]}],"exports":{"exported":[],"specifiers":[]}}},"options":{"filename":"imports/ui/Login.test.js","filenameRelative":"imports/ui/Login.test.js","env":{"development":{"plugins":[]}},"retainLines":false,"highlightCode":true,"suppressDeprecationMessages":false,"presets":[],"plugins":[[[],{"generateLetDeclarations":true,"enforceStrictMode":false}],[[],null],[[],{"polyfill":false}],[[],null],[[],null],[[],null],[[],{"allowTopLevelThis":true,"strict":false,"loose":true}],[[],null],[[],null],[[],null],[[],null],[[],null],[[],null],[[],null],[[],null],[[],null],[[],null],[[],null],[[],null],[[],{"loose":true}],[[],{"loose":true}],[[],null],[[],{"loose":true}],[[],null],[[],null],[[],null],[[],null],[[],null],[[],null],[[],{"loose":true}],[[],null],[[],null],[[],null],[[],null],[[],null],[[],null],[[],null]],"ignore":[],"code":true,"metadata":true,"ast":true,"comments":true,"compact":false,"minified":false,"sourceMap":true,"sourceMaps":true,"sourceMapTarget":"imports/ui/Login.test.js.map","sourceFileName":"imports/ui/Login.test.js","babelrc":false,"sourceType":"module","moduleIds":false,"passPerPreset":false,"parserOpts":false,"generatorOpts":false,"basename":"Login.test"},"ignored":false,"code":"var Meteor = void 0;\nmodule.watch(require(\"meteor/meteor\"), {\n  Meteor: function (v) {\n    Meteor = v;\n  }\n}, 0);\nvar React = void 0;\nmodule.watch(require(\"react\"), {\n  \"default\": function (v) {\n    React = v;\n  }\n}, 1);\nvar expect = void 0;\nmodule.watch(require(\"expect\"), {\n  \"default\": function (v) {\n    expect = v;\n  }\n}, 2);\nvar mount = void 0;\nmodule.watch(require(\"enzyme\"), {\n  mount: function (v) {\n    mount = v;\n  }\n}, 3);\nvar Login = void 0;\nmodule.watch(require(\"./Login\"), {\n  Login: function (v) {\n    Login = v;\n  }\n}, 4);\n\nif (Meteor.isClient) {\n  describe('Login', function () {\n    it('should show error messages', function () {\n      var error = 'This is not working';\n      var wrapper = mount(React.createElement(Login, {\n        loginWithPassword: function () {}\n      }));\n      wrapper.setState({\n        error: error\n      });\n      var errorMessage = wrapper.find('p');\n    });\n  });\n}","map":{"version":3,"sources":["imports/ui/Login.test.js"],"names":["Meteor","module","watch","require","v","React","expect","mount","Login","isClient","describe","it","error","wrapper","setState","errorMessage","find"],"mappings":"AAAA,IAAIA,eAAJ;AAAWC,OAAOC,KAAP,CAAaC,QAAQ,eAAR,CAAb,EAAsC;AAACH,QAAD,YAAQI,CAAR,EAAU;AAACJ,aAAOI,CAAP;AAAS;AAApB,CAAtC,EAA4D,CAA5D;AAA+D,IAAIC,cAAJ;AAAUJ,OAAOC,KAAP,CAAaC,QAAQ,OAAR,CAAb,EAA8B;AAAA,uBAASC,CAAT,EAAW;AAACC,YAAMD,CAAN;AAAQ;AAApB,CAA9B,EAAoD,CAApD;AAAuD,IAAIE,eAAJ;AAAWL,OAAOC,KAAP,CAAaC,QAAQ,QAAR,CAAb,EAA+B;AAAA,uBAASC,CAAT,EAAW;AAACE,aAAOF,CAAP;AAAS;AAArB,CAA/B,EAAsD,CAAtD;AAAyD,IAAIG,cAAJ;AAAUN,OAAOC,KAAP,CAAaC,QAAQ,QAAR,CAAb,EAA+B;AAACI,OAAD,YAAOH,CAAP,EAAS;AAACG,YAAMH,CAAN;AAAQ;AAAlB,CAA/B,EAAmD,CAAnD;AAAsD,IAAII,cAAJ;AAAUP,OAAOC,KAAP,CAAaC,QAAQ,SAAR,CAAb,EAAgC;AAACK,OAAD,YAAOJ,CAAP,EAAS;AAACI,YAAMJ,CAAN;AAAQ;AAAlB,CAAhC,EAAoD,CAApD;;AAOzR,IAAGJ,OAAOS,QAAV,EAAoB;AAClBC,WAAS,OAAT,EAAkB,YAAW;AAC3BC,OAAG,4BAAH,EAAiC,YAAW;AAC1C,UAAMC,QAAQ,qBAAd;AACA,UAAMC,UAAUN,MAAO,oBAAC,KAAD;AAAO,2BAAmB,YAAM,CAAE;AAAlC,QAAP,CAAhB;AAEAM,cAAQC,QAAR,CAAiB;AAAEF;AAAF,OAAjB;AAEA,UAAMG,eAAeF,QAAQG,IAAR,CAAa,GAAb,CAArB;AACD,KAPD;AAQD,GATD;AAUD","file":"imports/ui/Login.test.js.map","sourcesContent":["import { Meteor } from 'meteor/meteor';\nimport React from 'react';\nimport expect from 'expect';\nimport { mount } from 'enzyme';\n\nimport { Login }from './Login';\n\nif(Meteor.isClient) {\n  describe('Login', function() {\n    it('should show error messages', function() {\n      const error = 'This is not working';\n      const wrapper = mount( <Login loginWithPassword={() => {}}/> );\n\n      wrapper.setState({ error });\n\n      const errorMessage = wrapper.find('p')\n    });\n  });\n}\n"]},"hash":"68c49484cd6fc1ce406d1baf410d61b6c64bac63"}
