{"metadata":{"usedHelpers":[],"marked":[],"modules":{"imports":[],"exports":{"exported":[],"specifiers":[]}}},"options":{"filename":"packages/practicalmeteor:mocha/test/integration/fixtures/options/sort.beta.js","filenameRelative":"packages/practicalmeteor:mocha/test/integration/fixtures/options/sort.beta.js","env":{"development":{"plugins":[]}},"retainLines":false,"highlightCode":true,"suppressDeprecationMessages":false,"presets":[],"plugins":[[[],{"generateLetDeclarations":true,"enforceStrictMode":false}],[[],null],[[],{"polyfill":false}],[[],null],[[],null],[[],null],[[],{"allowTopLevelThis":true,"strict":false,"loose":true}],[[],null],[[],null],[[],null],[[],null],[[],null],[[],null],[[],null],[[],null],[[],null],[[],null],[[],null],[[],null],[[],{"loose":true}],[[],{"loose":true}],[[],null],[[],{"loose":true}],[[],null],[[],null],[[],null],[[],null],[[],null],[[],null],[[],{"loose":true}],[[],null],[[],null],[[],null],[[],null],[[],null],[[],null],[[],null]],"ignore":[],"code":true,"metadata":true,"ast":true,"comments":true,"compact":false,"minified":false,"sourceMap":true,"sourceMaps":true,"sourceMapTarget":"packages/practicalmeteor:mocha/test/integration/fixtures/options/sort.beta.js.map","sourceFileName":"packages/practicalmeteor:mocha/test/integration/fixtures/options/sort.beta.js","babelrc":false,"sourceType":"module","moduleIds":false,"passPerPreset":false,"parserOpts":false,"generatorOpts":false,"basename":"sort.beta"},"ignored":false,"code":"describe('beta', function () {\n  it('should be executed second', function () {\n    global.beta = 1;\n  });\n});","map":{"version":3,"sources":["packages/practicalmeteor:mocha/test/integration/fixtures/options/sort.beta.js"],"names":["describe","it","global","beta"],"mappings":"AAAAA,SAAS,MAAT,EAAiB,YAAU;AACzBC,KAAG,2BAAH,EAAgC,YAAU;AACxCC,WAAOC,IAAP,GAAc,CAAd;AACD,GAFD;AAGD,CAJD","file":"packages/practicalmeteor:mocha/test/integration/fixtures/options/sort.beta.js.map","sourcesContent":["describe('beta', function(){\n  it('should be executed second', function(){\n    global.beta = 1;\n  });\n});\n"]},"hash":"6b18818c5d98011763ce15f946a4a1fa724fc963"}
