{"metadata":{"usedHelpers":[],"marked":[],"modules":{"imports":[{"source":"meteor/meteor","imported":["Meteor"],"specifiers":[{"kind":"named","imported":"Meteor","local":"Meteor"}]},{"source":"expect","imported":["default"],"specifiers":[{"kind":"named","imported":"default","local":"expect"}]},{"source":"./users","imported":["validateNewUser"],"specifiers":[{"kind":"named","imported":"validateNewUser","local":"validateNewUser"}]}],"exports":{"exported":[],"specifiers":[]}}},"options":{"filename":"imports/api/users.test.js","filenameRelative":"imports/api/users.test.js","env":{"development":{"plugins":[]}},"retainLines":false,"highlightCode":true,"suppressDeprecationMessages":false,"presets":[],"plugins":[[[],{"generateLetDeclarations":true,"enforceStrictMode":false}],[[],null],[[],{"polyfill":false}],[[],null],[[],null],[[],null],[[],{"allowTopLevelThis":true,"strict":false,"loose":true}],[[],null],[[],null],[[],null],[[],null],[[],null],[[],null],[[],null],[[],null],[[],null],[[],null],[[],null],[[],null],[[],{"loose":true}],[[],{"loose":true}],[[],null],[[],{"loose":true}],[[],null],[[],null],[[],null],[[],null],[[],null],[[],null],[[],{"loose":true}],[[],null],[[],null],[[],null],[[],null],[[],null],[[],null],[[],null]],"ignore":[],"code":true,"metadata":true,"ast":true,"comments":true,"compact":false,"minified":false,"sourceMap":true,"sourceMaps":true,"sourceMapTarget":"imports/api/users.test.js.map","sourceFileName":"imports/api/users.test.js","babelrc":false,"sourceType":"module","moduleIds":false,"passPerPreset":false,"parserOpts":false,"generatorOpts":false,"basename":"users.test"},"ignored":false,"code":"var Meteor = void 0;\nmodule.watch(require(\"meteor/meteor\"), {\n  Meteor: function (v) {\n    Meteor = v;\n  }\n}, 0);\nvar expect = void 0;\nmodule.watch(require(\"expect\"), {\n  \"default\": function (v) {\n    expect = v;\n  }\n}, 1);\nvar validateNewUser = void 0;\nmodule.watch(require(\"./users\"), {\n  validateNewUser: function (v) {\n    validateNewUser = v;\n  }\n}, 2);\n\nif (Meteor.isServer) {\n  describe('users', function () {\n    it('should allow valid email address', function () {\n      var testUser = {\n        emails: [{\n          address: 'Test@example.com'\n        }]\n      };\n      var res = validateNewUser(testUser);\n      expect(res).toBe(true);\n    });\n    it('should reject invalid email');\n  });\n}","map":{"version":3,"sources":["imports/api/users.test.js"],"names":["Meteor","module","watch","require","v","expect","validateNewUser","isServer","describe","it","testUser","emails","address","res","toBe"],"mappings":"AAAA,IAAIA,eAAJ;AAAWC,OAAOC,KAAP,CAAaC,QAAQ,eAAR,CAAb,EAAsC;AAACH,QAAD,YAAQI,CAAR,EAAU;AAACJ,aAAOI,CAAP;AAAS;AAApB,CAAtC,EAA4D,CAA5D;AAA+D,IAAIC,eAAJ;AAAWJ,OAAOC,KAAP,CAAaC,QAAQ,QAAR,CAAb,EAA+B;AAAA,uBAASC,CAAT,EAAW;AAACC,aAAOD,CAAP;AAAS;AAArB,CAA/B,EAAsD,CAAtD;AAAyD,IAAIE,wBAAJ;AAAoBL,OAAOC,KAAP,CAAaC,QAAQ,SAAR,CAAb,EAAgC;AAACG,iBAAD,YAAiBF,CAAjB,EAAmB;AAACE,sBAAgBF,CAAhB;AAAkB;AAAtC,CAAhC,EAAwE,CAAxE;;AAKlK,IAAGJ,OAAOO,QAAV,EAAoB;AAClBC,WAAS,OAAT,EAAkB,YAAY;AAE5BC,OAAG,kCAAH,EAAuC,YAAY;AACjD,UAAMC,WAAW;AACfC,gBAAQ,CACN;AACEC,mBAAS;AADX,SADM;AADO,OAAjB;AAOA,UAAMC,MAAMP,gBAAgBI,QAAhB,CAAZ;AAEAL,aAAOQ,GAAP,EAAYC,IAAZ,CAAiB,IAAjB;AACD,KAXD;AAaAL,OAAG,6BAAH;AAED,GAjBD;AAkBD","file":"imports/api/users.test.js.map","sourcesContent":["import { Meteor } from 'meteor/meteor';\nimport expect from 'expect';\n\nimport { validateNewUser } from './users';\n\nif(Meteor.isServer) {\n  describe('users', function () {\n\n    it('should allow valid email address', function () {\n      const testUser = {\n        emails: [\n          {\n            address: 'Test@example.com'\n          }\n        ]\n      };\n      const res = validateNewUser(testUser);\n\n      expect(res).toBe(true);\n    });\n\n    it('should reject invalid email')\n\n  });\n}\n"]},"hash":"6b2ec6a39d4fff0e7ec4aada5daa8066fef01044"}
