{"metadata":{"usedHelpers":[],"marked":[],"modules":{"imports":[],"exports":{"exported":[],"specifiers":[]}}},"options":{"filename":"packages/practicalmeteor:mocha/test/acceptance/root.js","filenameRelative":"packages/practicalmeteor:mocha/test/acceptance/root.js","env":{"development":{"plugins":[]}},"retainLines":false,"highlightCode":true,"suppressDeprecationMessages":false,"presets":[],"plugins":[[[],{"generateLetDeclarations":true,"enforceStrictMode":false}],[[],null],[[],{"polyfill":false}],[[],null],[[],null],[[],null],[[],{"allowTopLevelThis":true,"strict":false,"loose":true}],[[],null],[[],null],[[],null],[[],null],[[],null],[[],null],[[],null],[[],null],[[],null],[[],null],[[],null],[[],null],[[],{"loose":true}],[[],{"loose":true}],[[],null],[[],{"loose":true}],[[],null],[[],null],[[],null],[[],null],[[],null],[[],null],[[],{"loose":true}],[[],null],[[],null],[[],null],[[],null],[[],null],[[],null],[[],null]],"ignore":[],"code":true,"metadata":true,"ast":true,"comments":true,"compact":false,"minified":false,"sourceMap":true,"sourceMaps":true,"sourceMapTarget":"packages/practicalmeteor:mocha/test/acceptance/root.js.map","sourceFileName":"packages/practicalmeteor:mocha/test/acceptance/root.js","babelrc":false,"sourceType":"module","moduleIds":false,"passPerPreset":false,"parserOpts":false,"generatorOpts":false,"basename":"root"},"ignored":false,"code":"var calls = [];\nbefore(function () {\n  calls.push('before');\n});\ndescribe('root', function () {\n  it('should be a valid suite', function () {\n    calls.should.eql(['before']);\n  });\n});","map":{"version":3,"sources":["packages/practicalmeteor:mocha/test/acceptance/root.js"],"names":["calls","before","push","describe","it","should","eql"],"mappings":"AAAA,IAAIA,QAAQ,EAAZ;AAEAC,OAAO,YAAU;AACfD,QAAME,IAAN,CAAW,QAAX;AACD,CAFD;AAIAC,SAAS,MAAT,EAAiB,YAAU;AACzBC,KAAG,yBAAH,EAA8B,YAAU;AACtCJ,UAAMK,MAAN,CAAaC,GAAb,CAAiB,CAAC,QAAD,CAAjB;AACD,GAFD;AAGD,CAJD","file":"packages/practicalmeteor:mocha/test/acceptance/root.js.map","sourcesContent":["var calls = [];\n\nbefore(function(){\n  calls.push('before');\n})\n\ndescribe('root', function(){\n  it('should be a valid suite', function(){\n    calls.should.eql(['before']);\n  })\n})\n"]},"hash":"6b47159abfe6360fd6f0de8f2b5baa14b565c3cc"}
