{"metadata":{"usedHelpers":[],"marked":[],"modules":{"imports":[],"exports":{"exported":[],"specifiers":[]}}},"options":{"filename":"packages/practicalmeteor:mocha/test/acceptance/misc/only/bdd-require.js","filenameRelative":"packages/practicalmeteor:mocha/test/acceptance/misc/only/bdd-require.js","env":{"development":{"plugins":[]}},"retainLines":false,"highlightCode":true,"suppressDeprecationMessages":false,"presets":[],"plugins":[[[],{"generateLetDeclarations":true,"enforceStrictMode":false}],[[],null],[[],{"polyfill":false}],[[],null],[[],null],[[],null],[[],{"allowTopLevelThis":true,"strict":false,"loose":true}],[[],null],[[],null],[[],null],[[],null],[[],null],[[],null],[[],null],[[],null],[[],null],[[],null],[[],null],[[],null],[[],{"loose":true}],[[],{"loose":true}],[[],null],[[],{"loose":true}],[[],null],[[],null],[[],null],[[],null],[[],null],[[],null],[[],{"loose":true}],[[],null],[[],null],[[],null],[[],null],[[],null],[[],null],[[],null]],"ignore":[],"code":true,"metadata":true,"ast":true,"comments":true,"compact":false,"minified":false,"sourceMap":true,"sourceMaps":true,"sourceMapTarget":"packages/practicalmeteor:mocha/test/acceptance/misc/only/bdd-require.js.map","sourceFileName":"packages/practicalmeteor:mocha/test/acceptance/misc/only/bdd-require.js","babelrc":false,"sourceType":"module","moduleIds":false,"passPerPreset":false,"parserOpts":false,"generatorOpts":false,"basename":"bdd-require"},"ignored":false,"code":"/*jshint node: true */var mocha = require('../../../../lib/mocha');\n\nvar beforeEach = mocha.beforeEach;\nvar it = mocha.it;\nvar describe = mocha.describe;\ndescribe('it.only via require(\"mocha\")', function () {\n  beforeEach(function () {\n    this.didRunBeforeEach = true;\n  });\n  describe(\"nested within a describe/context\", function () {\n    it.only('should run all enclosing beforeEach hooks', function () {\n      require('assert').equal(this.didRunBeforeEach, true);\n    });\n  });\n});","map":{"version":3,"sources":["packages/practicalmeteor:mocha/test/acceptance/misc/only/bdd-require.js"],"names":["mocha","require","beforeEach","it","describe","didRunBeforeEach","only","equal"],"mappings":"AAAA,sBAEA,IAAIA,QAAQC,QAAQ,uBAAR,CAAZ;;AAEA,IAAIC,aAAaF,MAAME,UAAvB;AACA,IAAIC,KAAKH,MAAMG,EAAf;AACA,IAAIC,WAAWJ,MAAMI,QAArB;AAEAA,SAAS,8BAAT,EAAyC,YAAW;AAClDF,aAAW,YAAW;AACpB,SAAKG,gBAAL,GAAwB,IAAxB;AACD,GAFD;AAGAD,WAAS,kCAAT,EAA6C,YAAW;AACtDD,OAAGG,IAAH,CAAQ,2CAAR,EAAqD,YAAW;AAC9DL,cAAQ,QAAR,EAAkBM,KAAlB,CAAwB,KAAKF,gBAA7B,EAA+C,IAA/C;AACD,KAFD;AAGD,GAJD;AAKD,CATD","file":"packages/practicalmeteor:mocha/test/acceptance/misc/only/bdd-require.js.map","sourcesContent":["/*jshint node: true */\n\nvar mocha = require('../../../../lib/mocha');\n\nvar beforeEach = mocha.beforeEach;\nvar it = mocha.it;\nvar describe = mocha.describe;\n\ndescribe('it.only via require(\"mocha\")', function() {\n  beforeEach(function() {\n    this.didRunBeforeEach = true;\n  });\n  describe(\"nested within a describe/context\", function() {\n    it.only('should run all enclosing beforeEach hooks', function() {\n      require('assert').equal(this.didRunBeforeEach, true);\n    });\n  });\n});\n"]},"hash":"6d9eb065214d831ee9c38cc18116f4ccabc988ea"}
