{"metadata":{"usedHelpers":[],"marked":[],"modules":{"imports":[{"source":"meteor/meteor","imported":["Meteor"],"specifiers":[{"kind":"named","imported":"Meteor","local":"Meteor"}]},{"source":"react","imported":["default"],"specifiers":[{"kind":"named","imported":"default","local":"React"}]},{"source":"expect","imported":["default"],"specifiers":[{"kind":"named","imported":"default","local":"expect"}]},{"source":"enzyme","imported":["mount","shallow"],"specifiers":[{"kind":"named","imported":"mount","local":"mount"},{"kind":"named","imported":"shallow","local":"shallow"}]},{"source":"react-router-dom","imported":["MemoryRouter"],"specifiers":[{"kind":"named","imported":"MemoryRouter","local":"MemoryRouter"}]},{"source":"./Signup","imported":["Signup"],"specifiers":[{"kind":"named","imported":"Signup","local":"Signup"}]}],"exports":{"exported":[],"specifiers":[]}}},"options":{"filename":"imports/ui/Signup.test.js","filenameRelative":"imports/ui/Signup.test.js","env":{"development":{"plugins":[]}},"retainLines":false,"highlightCode":true,"suppressDeprecationMessages":false,"presets":[],"plugins":[[[],{"generateLetDeclarations":true,"enforceStrictMode":false}],[[],null],[[],{"polyfill":false}],[[],null],[[],null],[[],null],[[],{"allowTopLevelThis":true,"strict":false,"loose":true}],[[],null],[[],null],[[],null],[[],null],[[],null],[[],null],[[],null],[[],null],[[],null],[[],null],[[],null],[[],null],[[],{"loose":true}],[[],{"loose":true}],[[],null],[[],{"loose":true}],[[],null],[[],null],[[],null],[[],null],[[],null],[[],null],[[],{"loose":true}],[[],null],[[],null],[[],null],[[],null],[[],null],[[],null],[[],null]],"ignore":[],"code":true,"metadata":true,"ast":true,"comments":true,"compact":false,"minified":false,"sourceMap":true,"sourceMaps":true,"sourceMapTarget":"imports/ui/Signup.test.js.map","sourceFileName":"imports/ui/Signup.test.js","babelrc":false,"sourceType":"module","moduleIds":false,"passPerPreset":false,"parserOpts":false,"generatorOpts":false,"basename":"Signup.test"},"ignored":false,"code":"var Meteor = void 0;\nmodule.watch(require(\"meteor/meteor\"), {\n  Meteor: function (v) {\n    Meteor = v;\n  }\n}, 0);\nvar React = void 0;\nmodule.watch(require(\"react\"), {\n  \"default\": function (v) {\n    React = v;\n  }\n}, 1);\nvar expect = void 0;\nmodule.watch(require(\"expect\"), {\n  \"default\": function (v) {\n    expect = v;\n  }\n}, 2);\nvar mount = void 0,\n    shallow = void 0;\nmodule.watch(require(\"enzyme\"), {\n  mount: function (v) {\n    mount = v;\n  },\n  shallow: function (v) {\n    shallow = v;\n  }\n}, 3);\nvar MemoryRouter = void 0;\nmodule.watch(require(\"react-router-dom\"), {\n  MemoryRouter: function (v) {\n    MemoryRouter = v;\n  }\n}, 4);\nvar Signup = void 0;\nmodule.watch(require(\"./Signup\"), {\n  Signup: function (v) {\n    Signup = v;\n  }\n}, 5);\n\nif (Meteor.isClient) {\n  describe('Signup', function () {\n    it('should show error messages', function () {\n      var error = 'This is not working';\n      var wrapper = mount(React.createElement(\n        MemoryRouter,\n        {\n          intialEntries: ['/'],\n          initalIndex: 0\n        },\n        React.createElement(Signup, {\n          createUser: function () {}\n        })\n      ));\n      var signup = wrapper.find(Signup).node;\n      signup.setState({\n        error: error\n      });\n      expect(wrapper.find('p').text()).toBe(error);\n      signup.setState({\n        error: ''\n      });\n      expect(wrapper.find('p').length).toBe(0);\n    });\n    it('should call createUser with the form data', function () {\n      var email = 'ben@test.com';\n      var password = 'password123';\n      var spy = expect.createSpy();\n      var wrapper = mount(React.createElement(\n        MemoryRouter,\n        {\n          intialEntries: ['/'],\n          initalIndex: 0\n        },\n        React.createElement(Signup, {\n          createUser: spy\n        })\n      ));\n      var signup = wrapper.find(Signup).node;\n      signup.refs['email'].value = email;\n      signup.refs['password'].value = password;\n      wrapper.find('form').simulate('submit');\n      expect(spy.calls[0].arguments[0]).toEqual({\n        email: email,\n        password: password\n      });\n    });\n    it('should call createUser with the form data', function () {\n      var email = 'ben@test.com';\n      var password = 'password123';\n      var spy = expect.createSpy();\n      var wrapper = mount(React.createElement(\n        MemoryRouter,\n        {\n          intialEntries: ['/'],\n          initalIndex: 0\n        },\n        React.createElement(Signup, {\n          createUser: spy\n        })\n      ));\n      var signup = wrapper.find(Signup).node;\n      signup.refs['email'].value = email;\n      signup.refs['password'].value = password;\n      wrapper.find('form').simulate('submit');\n      expect(spy.calls[0].arguments[0]).toEqual({\n        email: email,\n        password: password\n      });\n    }); // it('should set createUser callback errors', function() {\n    //   const spy = expect.createSpy();\n    //   const wrapper = shallow(\n    //     // <MemoryRouter intialEntries={['/']} initalIndex={0}>\n    //     //   <Signup createUser={spy}/>\n    //     // </MemoryRouter>\n    //    <Signup createUser={spy}/>\n    //\n    //   );\n    //\n    //   const Signup = wrapper.find(Signup).node;\n    //   // debugger;\n    //\n    //   // wrapper.refs['email'].value = '';\n    //   // wrapper.refs['password'].value = '';\n    //\n    //   wrapper.find('form').simulate('submit', {\n    //     preventDefault: () => {}\n    //   });\n    //   spy.calls[0].arguments[2]({});\n    //   expect(wrapper.state('error').length).toNotBe(0);\n    //\n    //   spy.calls[0].arguments[2]();\n    //   expect(wrapper.state['error'].length).toBe(0);\n    // });\n  });\n}","map":{"version":3,"sources":["imports/ui/Signup.test.js"],"names":["Meteor","module","watch","require","v","React","expect","mount","shallow","MemoryRouter","Signup","isClient","describe","it","error","wrapper","signup","find","node","setState","text","toBe","length","email","password","spy","createSpy","refs","value","simulate","calls","arguments","toEqual"],"mappings":"AAAA,IAAIA,eAAJ;AAAWC,OAAOC,KAAP,CAAaC,QAAQ,eAAR,CAAb,EAAsC;AAACH,QAAD,YAAQI,CAAR,EAAU;AAACJ,aAAOI,CAAP;AAAS;AAApB,CAAtC,EAA4D,CAA5D;AAA+D,IAAIC,cAAJ;AAAUJ,OAAOC,KAAP,CAAaC,QAAQ,OAAR,CAAb,EAA8B;AAAA,uBAASC,CAAT,EAAW;AAACC,YAAMD,CAAN;AAAQ;AAApB,CAA9B,EAAoD,CAApD;AAAuD,IAAIE,eAAJ;AAAWL,OAAOC,KAAP,CAAaC,QAAQ,QAAR,CAAb,EAA+B;AAAA,uBAASC,CAAT,EAAW;AAACE,aAAOF,CAAP;AAAS;AAArB,CAA/B,EAAsD,CAAtD;AAAyD,IAAIG,cAAJ;AAAA,IAAUC,gBAAV;AAAkBP,OAAOC,KAAP,CAAaC,QAAQ,QAAR,CAAb,EAA+B;AAACI,OAAD,YAAOH,CAAP,EAAS;AAACG,YAAMH,CAAN;AAAQ,GAAlB;AAAmBI,SAAnB,YAA2BJ,CAA3B,EAA6B;AAACI,cAAQJ,CAAR;AAAU;AAAxC,CAA/B,EAAyE,CAAzE;AAA4E,IAAIK,qBAAJ;AAAiBR,OAAOC,KAAP,CAAaC,QAAQ,kBAAR,CAAb,EAAyC;AAACM,cAAD,YAAcL,CAAd,EAAgB;AAACK,mBAAaL,CAAb;AAAe;AAAhC,CAAzC,EAA2E,CAA3E;AAA8E,IAAIM,eAAJ;AAAWT,OAAOC,KAAP,CAAaC,QAAQ,UAAR,CAAb,EAAiC;AAACO,QAAD,YAAQN,CAAR,EAAU;AAACM,aAAON,CAAP;AAAS;AAApB,CAAjC,EAAuD,CAAvD;;AAQvZ,IAAGJ,OAAOW,QAAV,EAAoB;AAClBC,WAAS,QAAT,EAAmB,YAAW;AAC5BC,OAAG,4BAAH,EAAiC,YAAW;AAC1C,UAAMC,QAAQ,qBAAd;AACA,UAAMC,UAAUR,MACd;AAAC,oBAAD;AAAA;AAAc,yBAAe,CAAC,GAAD,CAA7B;AAAoC,uBAAa;AAAjD;AACE,4BAAC,MAAD;AAAQ,sBAAY,YAAM,CAAE;AAA5B;AADF,OADc,CAAhB;AAKA,UAAMS,SAASD,QAAQE,IAAR,CAAaP,MAAb,EAAqBQ,IAApC;AAEAF,aAAOG,QAAP,CAAgB;AAAEL;AAAF,OAAhB;AACAR,aAAOS,QAAQE,IAAR,CAAa,GAAb,EAAkBG,IAAlB,EAAP,EAAiCC,IAAjC,CAAsCP,KAAtC;AAEAE,aAAOG,QAAP,CAAgB;AAAEL,eAAO;AAAT,OAAhB;AACAR,aAAOS,QAAQE,IAAR,CAAa,GAAb,EAAkBK,MAAzB,EAAiCD,IAAjC,CAAsC,CAAtC;AACD,KAdD;AAgBAR,OAAG,2CAAH,EAAgD,YAAW;AACzD,UAAMU,QAAQ,cAAd;AACA,UAAMC,WAAY,aAAlB;AACA,UAAMC,MAAMnB,OAAOoB,SAAP,EAAZ;AACA,UAAMX,UAAUR,MACd;AAAC,oBAAD;AAAA;AAAc,yBAAe,CAAC,GAAD,CAA7B;AAAoC,uBAAa;AAAjD;AACE,4BAAC,MAAD;AAAQ,sBAAYkB;AAApB;AADF,OADc,CAAhB;AAMA,UAAMT,SAASD,QAAQE,IAAR,CAAaP,MAAb,EAAqBQ,IAApC;AAEAF,aAAOW,IAAP,CAAY,OAAZ,EAAqBC,KAArB,GAA6BL,KAA7B;AACAP,aAAOW,IAAP,CAAY,UAAZ,EAAwBC,KAAxB,GAAgCJ,QAAhC;AACAT,cAAQE,IAAR,CAAa,MAAb,EAAqBY,QAArB,CAA8B,QAA9B;AAEAvB,aAAOmB,IAAIK,KAAJ,CAAU,CAAV,EAAaC,SAAb,CAAuB,CAAvB,CAAP,EAAkCC,OAAlC,CAA0C;AAAET,oBAAF;AAASC;AAAT,OAA1C;AACD,KAjBD;AAmBAX,OAAG,2CAAH,EAAgD,YAAW;AACzD,UAAMU,QAAQ,cAAd;AACA,UAAMC,WAAY,aAAlB;AACA,UAAMC,MAAMnB,OAAOoB,SAAP,EAAZ;AACA,UAAMX,UAAUR,MACd;AAAC,oBAAD;AAAA;AAAc,yBAAe,CAAC,GAAD,CAA7B;AAAoC,uBAAa;AAAjD;AACE,4BAAC,MAAD;AAAQ,sBAAYkB;AAApB;AADF,OADc,CAAhB;AAMA,UAAMT,SAASD,QAAQE,IAAR,CAAaP,MAAb,EAAqBQ,IAApC;AAEAF,aAAOW,IAAP,CAAY,OAAZ,EAAqBC,KAArB,GAA6BL,KAA7B;AACAP,aAAOW,IAAP,CAAY,UAAZ,EAAwBC,KAAxB,GAAgCJ,QAAhC;AACAT,cAAQE,IAAR,CAAa,MAAb,EAAqBY,QAArB,CAA8B,QAA9B;AAEAvB,aAAOmB,IAAIK,KAAJ,CAAU,CAAV,EAAaC,SAAb,CAAuB,CAAvB,CAAP,EAAkCC,OAAlC,CAA0C;AAAET,oBAAF;AAASC;AAAT,OAA1C;AACD,KAjBD,EApC4B,CAuD5B;AACA;AACA;AACA;AACA;AACA;AACA;AACA;AACA;AACA;AACA;AACA;AACA;AACA;AACA;AACA;AACA;AACA;AACA;AACA;AACA;AACA;AACA;AACA;AACA;AACD,GAhFD;AAiFD","file":"imports/ui/Signup.test.js.map","sourcesContent":["import { Meteor } from 'meteor/meteor';\nimport React from 'react';\nimport expect from 'expect';\nimport { mount, shallow } from 'enzyme';\nimport { MemoryRouter } from 'react-router-dom';\n\nimport { Signup }from './Signup';\n\nif(Meteor.isClient) {\n  describe('Signup', function() {\n    it('should show error messages', function() {\n      const error = 'This is not working';\n      const wrapper = mount(\n        <MemoryRouter intialEntries={['/']} initalIndex={0}>\n          <Signup createUser={() => {}}/>\n        </MemoryRouter>\n      );\n      const signup = wrapper.find(Signup).node;\n\n      signup.setState({ error });\n      expect(wrapper.find('p').text()).toBe(error);\n\n      signup.setState({ error: '' });\n      expect(wrapper.find('p').length).toBe(0);\n    });\n\n    it('should call createUser with the form data', function() {\n      const email = 'ben@test.com';\n      const password =  'password123';\n      const spy = expect.createSpy();\n      const wrapper = mount(\n        <MemoryRouter intialEntries={['/']} initalIndex={0}>\n          <Signup createUser={spy}/>\n        </MemoryRouter>\n      );\n\n      const signup = wrapper.find(Signup).node;\n\n      signup.refs['email'].value = email;\n      signup.refs['password'].value = password;\n      wrapper.find('form').simulate('submit');\n\n      expect(spy.calls[0].arguments[0]).toEqual({ email, password });\n    });\n\n    it('should call createUser with the form data', function() {\n      const email = 'ben@test.com';\n      const password =  'password123';\n      const spy = expect.createSpy();\n      const wrapper = mount(\n        <MemoryRouter intialEntries={['/']} initalIndex={0}>\n          <Signup createUser={spy}/>\n        </MemoryRouter>\n      );\n\n      const signup = wrapper.find(Signup).node;\n\n      signup.refs['email'].value = email;\n      signup.refs['password'].value = password;\n      wrapper.find('form').simulate('submit');\n\n      expect(spy.calls[0].arguments[0]).toEqual({ email, password });\n    });\n\n    // it('should set createUser callback errors', function() {\n    //   const spy = expect.createSpy();\n    //   const wrapper = shallow(\n    //     // <MemoryRouter intialEntries={['/']} initalIndex={0}>\n    //     //   <Signup createUser={spy}/>\n    //     // </MemoryRouter>\n    //    <Signup createUser={spy}/>\n    //\n    //   );\n    //\n    //   const Signup = wrapper.find(Signup).node;\n    //   // debugger;\n    //\n    //   // wrapper.refs['email'].value = '';\n    //   // wrapper.refs['password'].value = '';\n    //\n    //   wrapper.find('form').simulate('submit', {\n    //     preventDefault: () => {}\n    //   });\n    //   spy.calls[0].arguments[2]({});\n    //   expect(wrapper.state('error').length).toNotBe(0);\n    //\n    //   spy.calls[0].arguments[2]();\n    //   expect(wrapper.state['error'].length).toBe(0);\n    // });\n  });\n}\n"]},"hash":"6fca2ac7ec7ef18107ccd0f7d88b8bbbf1a5a8e2"}
