{"metadata":{"usedHelpers":[],"marked":[],"modules":{"imports":[{"source":"mocha/mocha.js","imported":[],"specifiers":[]}],"exports":{"exported":["mocha"],"specifiers":[{"kind":"local","local":"mocha","exported":"mocha"}]}}},"options":{"filename":"packages/practicalmeteor:mocha-core/client.js","filenameRelative":"packages/practicalmeteor:mocha-core/client.js","env":{"development":{"plugins":[]}},"retainLines":false,"highlightCode":true,"suppressDeprecationMessages":false,"presets":[],"plugins":[[[],{"generateLetDeclarations":true,"enforceStrictMode":false}],[[],null],[[],{"polyfill":false}],[[],null],[[],null],[[],null],[[],{"allowTopLevelThis":true,"strict":false,"loose":true}],[[],null],[[],null],[[],null],[[],null],[[],null],[[],null],[[],null],[[],null],[[],null],[[],null],[[],null],[[],null],[[],{"loose":true}],[[],{"loose":true}],[[],null],[[],{"loose":true}],[[],null],[[],null],[[],null],[[],null],[[],null],[[],null],[[],{"loose":true}],[[],null],[[],null],[[],null],[[],null],[[],null],[[],null],[[],null]],"ignore":[],"code":true,"metadata":true,"ast":true,"comments":true,"compact":false,"minified":false,"sourceMap":true,"sourceMaps":true,"sourceMapTarget":"packages/practicalmeteor:mocha-core/client.js.map","sourceFileName":"packages/practicalmeteor:mocha-core/client.js","babelrc":false,"sourceType":"module","moduleIds":false,"passPerPreset":false,"parserOpts":false,"generatorOpts":false,"basename":"client"},"ignored":false,"code":"module.export({\n  mocha: function () {\n    return mocha;\n  }\n});\nmodule.watch(require(\"mocha/mocha.js\"));\n// This defines \"describe\", \"it\", etc.\nmocha.setup({\n  ui: 'bdd'\n});","map":{"version":3,"sources":["packages/practicalmeteor:mocha-core/client.js"],"names":["module","export","mocha","watch","require","setup","ui"],"mappings":"AAAAA,OAAOC,MAAP,CAAc;AAACC,SAAM;AAAA,WAAIA,KAAJ;AAAA;AAAP,CAAd;AAAiCF,OAAOG,KAAP,CAAaC,QAAQ,gBAAR,CAAb;AAGjC;AACAF,MAAMG,KAAN,CAAY;AACVC,MAAI;AADM,CAAZ","file":"packages/practicalmeteor:mocha-core/client.js.map","sourcesContent":["// We need to import the \"mocha.js\" file specifically because that is the browser entry point.\nimport 'mocha/mocha.js';\n\n// This defines \"describe\", \"it\", etc.\nmocha.setup({\n  ui: 'bdd',\n});\n\nexport { mocha };\n"]},"hash":"703270da9716e9bcd6f0a9b490e980cf391e1d8a"}
