{"metadata":{"usedHelpers":[],"marked":[],"modules":{"imports":[],"exports":{"exported":[],"specifiers":[]}}},"options":{"filename":"packages/reactive-dict/reactive-dict-tests.js","filenameRelative":"packages/reactive-dict/reactive-dict-tests.js","env":{"development":{"plugins":[]}},"retainLines":false,"highlightCode":true,"suppressDeprecationMessages":false,"presets":[],"plugins":[[[],{"generateLetDeclarations":true,"enforceStrictMode":false}],[[],null],[[],{"polyfill":false}],[[],null],[[],null],[[],null],[[],{"allowTopLevelThis":true,"strict":false,"loose":true}],[[],null],[[],null],[[],null],[[],null],[[],null],[[],null],[[],null],[[],null],[[],null],[[],null],[[],null],[[],null],[[],{"loose":true}],[[],{"loose":true}],[[],null],[[],{"loose":true}],[[],null],[[],null],[[],null],[[],null],[[],null],[[],null],[[],{"loose":true}],[[],null],[[],null],[[],null],[[],null],[[],null],[[],null],[[],null]],"ignore":[],"code":true,"metadata":true,"ast":true,"comments":true,"compact":false,"minified":false,"sourceMap":true,"sourceMaps":true,"sourceMapTarget":"packages/reactive-dict/reactive-dict-tests.js.map","sourceFileName":"packages/reactive-dict/reactive-dict-tests.js","babelrc":false,"sourceType":"module","moduleIds":false,"passPerPreset":false,"parserOpts":false,"generatorOpts":false,"basename":"reactive-dict-tests"},"ignored":false,"code":"Tinytest.add('ReactiveDict - set to undefined', function (test) {\n  var dict = new ReactiveDict();\n  dict.set('foo', undefined);\n  test.equal(_.keys(dict.all()), ['foo']);\n  dict.setDefault('foo', 'bar');\n  test.equal(dict.get('foo'), undefined);\n});\nTinytest.add('ReactiveDict - initialize with data', function (test) {\n  var now = new Date();\n  var dict = new ReactiveDict({\n    now: now\n  });\n  var nowFromDict = dict.get('now');\n  test.equal(nowFromDict, now);\n});\nTinytest.add('ReactiveDict - setDefault', function (test) {\n  var dict = new ReactiveDict();\n  dict.set('A', 'blah');\n  dict.set('B', undefined);\n  dict.setDefault('A', 'default');\n  dict.setDefault('B', 'default');\n  dict.setDefault('C', 'default');\n  dict.setDefault('D', undefined);\n  test.equal(dict.all(), {\n    A: 'blah',\n    B: undefined,\n    C: 'default',\n    D: undefined\n  });\n  dict = new ReactiveDict();\n  dict.set('A', 'blah');\n  dict.set('B', undefined);\n  dict.setDefault({\n    A: 'default',\n    B: 'defualt',\n    C: 'default',\n    D: undefined\n  });\n  test.equal(dict.all(), {\n    A: 'blah',\n    B: undefined,\n    C: 'default',\n    D: undefined\n  });\n});\nTinytest.add('ReactiveDict - all() works', function (test) {\n  var all = {},\n      dict = new ReactiveDict();\n  Tracker.autorun(function () {\n    all = dict.all();\n  });\n  test.equal(all, {});\n  dict.set('foo', 'bar');\n  Tracker.flush();\n  test.equal(all, {\n    foo: 'bar'\n  });\n  dict.set('blah', undefined);\n  Tracker.flush();\n  test.equal(all, {\n    foo: 'bar',\n    blah: undefined\n  });\n});\nTinytest.add('ReactiveDict - clear() works', function (test) {\n  var dict = new ReactiveDict();\n  dict.set('foo', 'bar'); // Clear should not throw an error now\n  // See issue #5530\n\n  dict.clear();\n  dict.set('foo', 'bar');\n  var val, equals, equalsUndefined, all;\n  Tracker.autorun(function () {\n    val = dict.get('foo');\n  });\n  Tracker.autorun(function () {\n    equals = dict.equals('foo', 'bar');\n  });\n  Tracker.autorun(function () {\n    equalsUndefined = dict.equals('foo', undefined);\n  });\n  Tracker.autorun(function () {\n    all = dict.all();\n  });\n  test.equal(val, 'bar');\n  test.equal(equals, true);\n  test.equal(equalsUndefined, false);\n  test.equal(all, {\n    foo: 'bar'\n  });\n  dict.clear();\n  Tracker.flush();\n  test.isUndefined(val);\n  test.equal(equals, false);\n  test.equal(equalsUndefined, true);\n  test.equal(all, {});\n});\nTinytest.add('ReactiveDict - delete(key) works', function (test) {\n  var dict = new ReactiveDict();\n  dict.set('foo', 'bar');\n  dict.set('bar', 'foo');\n  dict.set('baz', 123);\n  test.equal(dict.delete('baz'), true);\n  test.equal(dict.delete('baz'), false);\n  var val, equals, equalsUndefined, all;\n  Tracker.autorun(function () {\n    val = dict.get('foo');\n  });\n  Tracker.autorun(function () {\n    equals = dict.equals('foo', 'bar');\n  });\n  Tracker.autorun(function () {\n    equalsUndefined = dict.equals('foo', undefined);\n  });\n  Tracker.autorun(function () {\n    all = dict.all();\n  });\n  test.equal(val, 'bar');\n  test.equal(equals, true);\n  test.equal(equalsUndefined, false);\n  test.equal(all, {\n    foo: 'bar',\n    bar: 'foo'\n  });\n  var didRemove = dict.delete('foo');\n  test.equal(didRemove, true);\n  Tracker.flush();\n  test.isUndefined(val);\n  test.equal(equals, false);\n  test.equal(equalsUndefined, true);\n  test.equal(all, {\n    bar: 'foo'\n  });\n  didRemove = dict.delete('barfoobar');\n  test.equal(didRemove, false);\n});","map":{"version":3,"sources":["packages/reactive-dict/reactive-dict-tests.js"],"names":["Tinytest","add","test","dict","ReactiveDict","set","undefined","equal","_","keys","all","setDefault","get","now","Date","nowFromDict","A","B","C","D","Tracker","autorun","flush","foo","blah","clear","val","equals","equalsUndefined","isUndefined","delete","bar","didRemove"],"mappings":"AAAAA,SAASC,GAAT,CAAa,iCAAb,EAAgD,UAAUC,IAAV,EAAgB;AAC9D,MAAIC,OAAO,IAAIC,YAAJ,EAAX;AACAD,OAAKE,GAAL,CAAS,KAAT,EAAgBC,SAAhB;AACAJ,OAAKK,KAAL,CAAWC,EAAEC,IAAF,CAAON,KAAKO,GAAL,EAAP,CAAX,EAA+B,CAAC,KAAD,CAA/B;AACAP,OAAKQ,UAAL,CAAgB,KAAhB,EAAuB,KAAvB;AACAT,OAAKK,KAAL,CAAWJ,KAAKS,GAAL,CAAS,KAAT,CAAX,EAA4BN,SAA5B;AACD,CAND;AAQAN,SAASC,GAAT,CAAa,qCAAb,EAAoD,UAAUC,IAAV,EAAgB;AAClE,MAAIW,MAAM,IAAIC,IAAJ,EAAV;AACA,MAAIX,OAAO,IAAIC,YAAJ,CAAiB;AAC1BS,SAAKA;AADqB,GAAjB,CAAX;AAIA,MAAIE,cAAcZ,KAAKS,GAAL,CAAS,KAAT,CAAlB;AACAV,OAAKK,KAAL,CAAWQ,WAAX,EAAwBF,GAAxB;AACD,CARD;AAUAb,SAASC,GAAT,CAAa,2BAAb,EAA0C,UAAUC,IAAV,EAAgB;AACxD,MAAIC,OAAO,IAAIC,YAAJ,EAAX;AACAD,OAAKE,GAAL,CAAS,GAAT,EAAc,MAAd;AACAF,OAAKE,GAAL,CAAS,GAAT,EAAcC,SAAd;AACAH,OAAKQ,UAAL,CAAgB,GAAhB,EAAqB,SAArB;AACAR,OAAKQ,UAAL,CAAgB,GAAhB,EAAqB,SAArB;AACAR,OAAKQ,UAAL,CAAgB,GAAhB,EAAqB,SAArB;AACAR,OAAKQ,UAAL,CAAgB,GAAhB,EAAqBL,SAArB;AACAJ,OAAKK,KAAL,CAAWJ,KAAKO,GAAL,EAAX,EAAuB;AAACM,OAAG,MAAJ;AAAYC,OAAGX,SAAf;AACCY,OAAG,SADJ;AACeC,OAAGb;AADlB,GAAvB;AAGAH,SAAO,IAAIC,YAAJ,EAAP;AACAD,OAAKE,GAAL,CAAS,GAAT,EAAc,MAAd;AACAF,OAAKE,GAAL,CAAS,GAAT,EAAcC,SAAd;AACAH,OAAKQ,UAAL,CAAgB;AACdK,OAAG,SADW;AAEdC,OAAG,SAFW;AAGdC,OAAG,SAHW;AAIdC,OAAGb;AAJW,GAAhB;AAMAJ,OAAKK,KAAL,CAAWJ,KAAKO,GAAL,EAAX,EAAuB;AAACM,OAAG,MAAJ;AAAYC,OAAGX,SAAf;AACCY,OAAG,SADJ;AACeC,OAAGb;AADlB,GAAvB;AAED,CAtBD;AAwBAN,SAASC,GAAT,CAAa,4BAAb,EAA2C,UAAUC,IAAV,EAAgB;AACzD,MAAIQ,MAAM,EAAV;AAAA,MAAcP,OAAO,IAAIC,YAAJ,EAArB;AACAgB,UAAQC,OAAR,CAAgB,YAAW;AACzBX,UAAMP,KAAKO,GAAL,EAAN;AACD,GAFD;AAIAR,OAAKK,KAAL,CAAWG,GAAX,EAAgB,EAAhB;AAEAP,OAAKE,GAAL,CAAS,KAAT,EAAgB,KAAhB;AACAe,UAAQE,KAAR;AACApB,OAAKK,KAAL,CAAWG,GAAX,EAAgB;AAACa,SAAK;AAAN,GAAhB;AAEApB,OAAKE,GAAL,CAAS,MAAT,EAAiBC,SAAjB;AACAc,UAAQE,KAAR;AACApB,OAAKK,KAAL,CAAWG,GAAX,EAAgB;AAACa,SAAK,KAAN;AAAaC,UAAMlB;AAAnB,GAAhB;AACD,CAfD;AAkBAN,SAASC,GAAT,CAAa,8BAAb,EAA6C,UAAUC,IAAV,EAAgB;AAC3D,MAAIC,OAAO,IAAIC,YAAJ,EAAX;AACAD,OAAKE,GAAL,CAAS,KAAT,EAAgB,KAAhB,EAF2D,CAI3D;AACA;;AACAF,OAAKsB,KAAL;AAEAtB,OAAKE,GAAL,CAAS,KAAT,EAAgB,KAAhB;AAEA,MAAIqB,GAAJ,EAASC,MAAT,EAAiBC,eAAjB,EAAkClB,GAAlC;AACAU,UAAQC,OAAR,CAAgB,YAAW;AACzBK,UAAMvB,KAAKS,GAAL,CAAS,KAAT,CAAN;AACD,GAFD;AAGAQ,UAAQC,OAAR,CAAgB,YAAW;AACzBM,aAASxB,KAAKwB,MAAL,CAAY,KAAZ,EAAmB,KAAnB,CAAT;AACD,GAFD;AAGAP,UAAQC,OAAR,CAAgB,YAAW;AACzBO,sBAAkBzB,KAAKwB,MAAL,CAAY,KAAZ,EAAmBrB,SAAnB,CAAlB;AACD,GAFD;AAGAc,UAAQC,OAAR,CAAgB,YAAW;AACzBX,UAAMP,KAAKO,GAAL,EAAN;AACD,GAFD;AAIAR,OAAKK,KAAL,CAAWmB,GAAX,EAAgB,KAAhB;AACAxB,OAAKK,KAAL,CAAWoB,MAAX,EAAmB,IAAnB;AACAzB,OAAKK,KAAL,CAAWqB,eAAX,EAA4B,KAA5B;AACA1B,OAAKK,KAAL,CAAWG,GAAX,EAAgB;AAACa,SAAK;AAAN,GAAhB;AAEApB,OAAKsB,KAAL;AACAL,UAAQE,KAAR;AACApB,OAAK2B,WAAL,CAAiBH,GAAjB;AACAxB,OAAKK,KAAL,CAAWoB,MAAX,EAAmB,KAAnB;AACAzB,OAAKK,KAAL,CAAWqB,eAAX,EAA4B,IAA5B;AACA1B,OAAKK,KAAL,CAAWG,GAAX,EAAgB,EAAhB;AACD,CAnCD;AAqCAV,SAASC,GAAT,CAAa,kCAAb,EAAiD,UAAUC,IAAV,EAAgB;AAC/D,MAAIC,OAAO,IAAIC,YAAJ,EAAX;AACAD,OAAKE,GAAL,CAAS,KAAT,EAAgB,KAAhB;AACAF,OAAKE,GAAL,CAAS,KAAT,EAAgB,KAAhB;AAEAF,OAAKE,GAAL,CAAS,KAAT,EAAgB,GAAhB;AACAH,OAAKK,KAAL,CAAWJ,KAAK2B,MAAL,CAAY,KAAZ,CAAX,EAA+B,IAA/B;AACA5B,OAAKK,KAAL,CAAWJ,KAAK2B,MAAL,CAAY,KAAZ,CAAX,EAA+B,KAA/B;AAEA,MAAIJ,GAAJ,EAASC,MAAT,EAAiBC,eAAjB,EAAkClB,GAAlC;AAEAU,UAAQC,OAAR,CAAgB,YAAW;AACzBK,UAAMvB,KAAKS,GAAL,CAAS,KAAT,CAAN;AACD,GAFD;AAGAQ,UAAQC,OAAR,CAAgB,YAAW;AACzBM,aAASxB,KAAKwB,MAAL,CAAY,KAAZ,EAAmB,KAAnB,CAAT;AACD,GAFD;AAGAP,UAAQC,OAAR,CAAgB,YAAW;AACzBO,sBAAkBzB,KAAKwB,MAAL,CAAY,KAAZ,EAAmBrB,SAAnB,CAAlB;AACD,GAFD;AAGAc,UAAQC,OAAR,CAAgB,YAAW;AACzBX,UAAMP,KAAKO,GAAL,EAAN;AACD,GAFD;AAIAR,OAAKK,KAAL,CAAWmB,GAAX,EAAgB,KAAhB;AACAxB,OAAKK,KAAL,CAAWoB,MAAX,EAAmB,IAAnB;AACAzB,OAAKK,KAAL,CAAWqB,eAAX,EAA4B,KAA5B;AACA1B,OAAKK,KAAL,CAAWG,GAAX,EAAgB;AAACa,SAAK,KAAN;AAAaQ,SAAK;AAAlB,GAAhB;AAEA,MAAIC,YAAY7B,KAAK2B,MAAL,CAAY,KAAZ,CAAhB;AACA5B,OAAKK,KAAL,CAAWyB,SAAX,EAAsB,IAAtB;AAEAZ,UAAQE,KAAR;AAEApB,OAAK2B,WAAL,CAAiBH,GAAjB;AACAxB,OAAKK,KAAL,CAAWoB,MAAX,EAAmB,KAAnB;AACAzB,OAAKK,KAAL,CAAWqB,eAAX,EAA4B,IAA5B;AACA1B,OAAKK,KAAL,CAAWG,GAAX,EAAgB;AAACqB,SAAK;AAAN,GAAhB;AAEAC,cAAY7B,KAAK2B,MAAL,CAAY,WAAZ,CAAZ;AACA5B,OAAKK,KAAL,CAAWyB,SAAX,EAAsB,KAAtB;AACD,CAzCD","file":"packages/reactive-dict/reactive-dict-tests.js.map","sourcesContent":["Tinytest.add('ReactiveDict - set to undefined', function (test) {\n  var dict = new ReactiveDict;\n  dict.set('foo', undefined);\n  test.equal(_.keys(dict.all()), ['foo']);\n  dict.setDefault('foo', 'bar');\n  test.equal(dict.get('foo'), undefined);\n});\n\nTinytest.add('ReactiveDict - initialize with data', function (test) {\n  var now = new Date();\n  var dict = new ReactiveDict({\n    now: now\n  });\n  \n  var nowFromDict = dict.get('now');\n  test.equal(nowFromDict, now);\n});\n\nTinytest.add('ReactiveDict - setDefault', function (test) {\n  var dict = new ReactiveDict;\n  dict.set('A', 'blah');\n  dict.set('B', undefined);\n  dict.setDefault('A', 'default');\n  dict.setDefault('B', 'default');\n  dict.setDefault('C', 'default');\n  dict.setDefault('D', undefined);\n  test.equal(dict.all(), {A: 'blah', B: undefined,\n                          C: 'default', D: undefined});\n\n  dict = new ReactiveDict;\n  dict.set('A', 'blah');\n  dict.set('B', undefined);\n  dict.setDefault({\n    A: 'default',\n    B: 'defualt',\n    C: 'default',\n    D: undefined\n  });\n  test.equal(dict.all(), {A: 'blah', B: undefined,\n                          C: 'default', D: undefined});\n});\n\nTinytest.add('ReactiveDict - all() works', function (test) {\n  var all = {}, dict = new ReactiveDict;\n  Tracker.autorun(function() {\n    all = dict.all();\n  });\n\n  test.equal(all, {});\n\n  dict.set('foo', 'bar');\n  Tracker.flush();\n  test.equal(all, {foo: 'bar'});\n\n  dict.set('blah', undefined);\n  Tracker.flush();\n  test.equal(all, {foo: 'bar', blah: undefined});\n});\n\n\nTinytest.add('ReactiveDict - clear() works', function (test) {\n  var dict = new ReactiveDict;\n  dict.set('foo', 'bar');\n\n  // Clear should not throw an error now\n  // See issue #5530\n  dict.clear();\n\n  dict.set('foo', 'bar');\n\n  var val, equals, equalsUndefined, all;\n  Tracker.autorun(function() {\n    val = dict.get('foo');\n  });\n  Tracker.autorun(function() {\n    equals = dict.equals('foo', 'bar');\n  });\n  Tracker.autorun(function() {\n    equalsUndefined = dict.equals('foo', undefined);\n  });\n  Tracker.autorun(function() {\n    all = dict.all();\n  });\n\n  test.equal(val, 'bar');\n  test.equal(equals, true);\n  test.equal(equalsUndefined, false);\n  test.equal(all, {foo: 'bar'});\n\n  dict.clear();\n  Tracker.flush();\n  test.isUndefined(val);\n  test.equal(equals, false);\n  test.equal(equalsUndefined, true);\n  test.equal(all, {});\n});\n\nTinytest.add('ReactiveDict - delete(key) works', function (test) {\n  var dict = new ReactiveDict;\n  dict.set('foo', 'bar');\n  dict.set('bar', 'foo');\n\n  dict.set('baz', 123);\n  test.equal(dict.delete('baz'), true);\n  test.equal(dict.delete('baz'), false);\n\n  var val, equals, equalsUndefined, all;\n\n  Tracker.autorun(function() {\n    val = dict.get('foo');\n  });\n  Tracker.autorun(function() {\n    equals = dict.equals('foo', 'bar');\n  });\n  Tracker.autorun(function() {\n    equalsUndefined = dict.equals('foo', undefined);\n  });\n  Tracker.autorun(function() {\n    all = dict.all();\n  });\n\n  test.equal(val, 'bar');\n  test.equal(equals, true);\n  test.equal(equalsUndefined, false);\n  test.equal(all, {foo: 'bar', bar: 'foo'});\n\n  var didRemove = dict.delete('foo');\n  test.equal(didRemove, true);\n\n  Tracker.flush();\n\n  test.isUndefined(val);\n  test.equal(equals, false);\n  test.equal(equalsUndefined, true);\n  test.equal(all, {bar: 'foo'});\n\n  didRemove = dict.delete('barfoobar');\n  test.equal(didRemove, false);\n});\n"]},"hash":"70b2a3e1868fd8cc0ad060e06c1a17f0c3c851a3"}
